<tree id="10" edgedefault="directed">
<node Id="0" Action="null" Cost="0.0" Estado_Agente="&gt;&gt; ESTADO DEL AGENTE &lt;&lt;
Arqueologo en aldea: 1 (ASE)
Botin: Monedas(920) | Rubi(1370) | Anillo(1370) | Diamante(1130) | Colgante(1760)
Valor ($$) total:	$ 329700
Peso (kg) en acoplado:	295.35 Kg.
Km Recorridos:	1230
"/>
<node Id="1" Action="Tomar Tesoro" Cost="-1500.0" Estado_Agente="&gt;&gt; ESTADO DEL AGENTE &lt;&lt;
Arqueologo en aldea: 1 (ASE)
Botin: Monedas(920) | Rubi(1370) | Anillo(1370) | Diamante(1130) | Colgante(1760)
Valor ($$) total:	$ 329700
Peso (kg) en acoplado:	295.35 Kg.
Km Recorridos:	1230
"/>
<node Id="2" Action="Ir Cenede" Cost="-50.125" Estado_Agente="&gt;&gt; ESTADO DEL AGENTE &lt;&lt;
Arqueologo en aldea: 5 (CENEDE)
Botin: Monedas(900) | Rubi(1320) | Anillo(1300) | Diamante(1030) | Colgante(1700)
Valor ($$) total:	$ 313200
Peso (kg) en acoplado:	281.0 Kg.
Km Recorridos:	1430
"/>
<node Id="3" Action="Ir Cenede" Cost="-1550.125" Estado_Agente="&gt;&gt; ESTADO DEL AGENTE &lt;&lt;
Arqueologo en aldea: 5 (CENEDE)
Botin: Monedas(920) | Rubi(1370) | Anillo(1370) | Diamante(1130) | Colgante(1760)
Valor ($$) total:	$ 329700
Peso (kg) en acoplado:	295.35 Kg.
Km Recorridos:	1430
"/>
<node Id="4" Action="Tomar Tesoro" Cost="-3050.125" Estado_Agente="&gt;&gt; ESTADO DEL AGENTE &lt;&lt;
Arqueologo en aldea: 5 (CENEDE)
Botin: Monedas(989) | Rubi(1371) | Anillo(1414) | Diamante(1141) | Colgante(1811)
Valor ($$) total:	$ 339725
Peso (kg) en acoplado:	306.03999999999996 Kg.
Km Recorridos:	1430
"/>
<node Id="5" Action="Terminar" Cost="-1550.125" Estado_Agente="&gt;&gt; ESTADO DEL AGENTE &lt;&lt;
Arqueologo en aldea: 11 (CEDENE ~FIN~)
Botin: Monedas(920) | Rubi(1370) | Anillo(1370) | Diamante(1130) | Colgante(1760)
Valor ($$) total:	$ 329700
Peso (kg) en acoplado:	295.35 Kg.
Km Recorridos:	1430
"/>
<node Id="6" Action="Ir Ase" Cost="-3620.625" Estado_Agente="&gt;&gt; ESTADO DEL AGENTE &lt;&lt;
Arqueologo en aldea: 1 (ASE)
Botin: Monedas(989) | Rubi(1371) | Anillo(1414) | Diamante(1141) | Colgante(1811)
Valor ($$) total:	$ 339725
Peso (kg) en acoplado:	306.03999999999996 Kg.
Km Recorridos:	1630
"/>
<node Id="7" Action="Terminar" Cost="-3050.125" Estado_Agente="&gt;&gt; ESTADO DEL AGENTE &lt;&lt;
Arqueologo en aldea: 11 (CEDENE ~FIN~)
Botin: Monedas(989) | Rubi(1371) | Anillo(1414) | Diamante(1141) | Colgante(1811)
Valor ($$) total:	$ 339725
Peso (kg) en acoplado:	306.03999999999996 Kg.
Km Recorridos:	1430
"/>
<node Id="8" Action="Ir Mixocu" Cost="-4060.75" Estado_Agente="&gt;&gt; ESTADO DEL AGENTE &lt;&lt;
Arqueologo en aldea: 8 (MIXOCU)
Botin: Monedas(989) | Rubi(1371) | Anillo(1414) | Diamante(1141) | Colgante(1811)
Valor ($$) total:	$ 339725
Peso (kg) en acoplado:	306.03999999999996 Kg.
Km Recorridos:	1830
"/>
<node Id="9" Action="Ir Vinizaile" Cost="-4348.321428571428" Estado_Agente="&gt;&gt; ESTADO DEL AGENTE &lt;&lt;
Arqueologo en aldea: 10 (VINIZAILE)
Botin: Monedas(989) | Rubi(1371) | Anillo(1414) | Diamante(1141) | Colgante(1811)
Valor ($$) total:	$ 339725
Peso (kg) en acoplado:	306.03999999999996 Kg.
Km Recorridos:	2130
"/>
<node Id="10" Action="Ir Bresol" Cost="-4555.928246753247" Estado_Agente="&gt;&gt; ESTADO DEL AGENTE &lt;&lt;
Arqueologo en aldea: 2 (BRESOL)
Botin: Monedas(989) | Rubi(1371) | Anillo(1414) | Diamante(1141) | Colgante(1811)
Valor ($$) total:	$ 339725
Peso (kg) en acoplado:	306.03999999999996 Kg.
Km Recorridos:	2530
"/>
<node Id="11" Action="Ir Cabe" Cost="-4821.321428571428" Estado_Agente="&gt;&gt; ESTADO DEL AGENTE &lt;&lt;
Arqueologo en aldea: 4 (CABE)
Botin: Monedas(989) | Rubi(1371) | Anillo(1414) | Diamante(1141) | Colgante(1811)
Valor ($$) total:	$ 339725
Peso (kg) en acoplado:	306.03999999999996 Kg.
Km Recorridos:	2330
"/>
<node Id="12" Action="Ir Icaedur" Cost="-4837.483928571429" Estado_Agente="&gt;&gt; ESTADO DEL AGENTE &lt;&lt;
Arqueologo en aldea: 7 (ICAEDUR)
Botin: Monedas(989) | Rubi(1371) | Anillo(1414) | Diamante(1141) | Colgante(1811)
Valor ($$) total:	$ 339725
Peso (kg) en acoplado:	306.03999999999996 Kg.
Km Recorridos:	2230
"/>
<node Id="48" Action="Tomar Tesoro" Cost="-6055.928246753247" Estado_Agente="&gt;&gt; ESTADO DEL AGENTE &lt;&lt;
Arqueologo en aldea: 2 (BRESOL)
Botin: Monedas(1005) | Rubi(1375) | Anillo(1427) | Diamante(1142) | Colgante(1857)
Valor ($$) total:	$ 342695
Peso (kg) en acoplado:	309.295 Kg.
Km Recorridos:	2530
"/>
<node Id="49" Action="Ir Aragaey" Cost="-4771.008246753247" Estado_Agente="&gt;&gt; ESTADO DEL AGENTE &lt;&lt;
Arqueologo en aldea: 0 (ARAGAEY)
Botin: Monedas(989) | Rubi(1371) | Anillo(1414) | Diamante(1141) | Colgante(1811)
Valor ($$) total:	$ 339725
Peso (kg) en acoplado:	306.03999999999996 Kg.
Km Recorridos:	2680
"/>
<node Id="50" Action="Ir Aragaey" Cost="-6271.008246753247" Estado_Agente="&gt;&gt; ESTADO DEL AGENTE &lt;&lt;
Arqueologo en aldea: 0 (ARAGAEY)
Botin: Monedas(1005) | Rubi(1375) | Anillo(1427) | Diamante(1142) | Colgante(1857)
Valor ($$) total:	$ 342695
Peso (kg) en acoplado:	309.295 Kg.
Km Recorridos:	2680
"/>
<node Id="51" Action="Ir Ergintone" Cost="-6543.301479835954" Estado_Agente="&gt;&gt; ESTADO DEL AGENTE &lt;&lt;
Arqueologo en aldea: 6 (ERGINTONE)
Botin: Monedas(1005) | Rubi(1375) | Anillo(1427) | Diamante(1142) | Colgante(1857)
Valor ($$) total:	$ 342695
Peso (kg) en acoplado:	309.295 Kg.
Km Recorridos:	2780
"/>
<node Id="52" Action="Ir Bulovoe" Cost="-7095.344958096824" Estado_Agente="&gt;&gt; ESTADO DEL AGENTE &lt;&lt;
Arqueologo en aldea: 3 (BULOVOE)
Botin: Monedas(1005) | Rubi(1375) | Anillo(1427) | Diamante(1142) | Colgante(1857)
Valor ($$) total:	$ 342695
Peso (kg) en acoplado:	309.295 Kg.
Km Recorridos:	2980
"/>
<node Id="53" Action="Tomar Tesoro" Cost="-8595.344958096823" Estado_Agente="&gt;&gt; ESTADO DEL AGENTE &lt;&lt;
Arqueologo en aldea: 3 (BULOVOE)
Botin: Monedas(1255) | Rubi(1495) | Anillo(1447) | Diamante(1292) | Colgante(2157)
Valor ($$) total:	$ 392295
Peso (kg) en acoplado:	354.09499999999997 Kg.
Km Recorridos:	2980
"/>
<node Id="54" Action="Ir Icaedur" Cost="-7503.007458096824" Estado_Agente="&gt;&gt; ESTADO DEL AGENTE &lt;&lt;
Arqueologo en aldea: 7 (ICAEDUR)
Botin: Monedas(1005) | Rubi(1375) | Anillo(1427) | Diamante(1142) | Colgante(1857)
Valor ($$) total:	$ 342695
Peso (kg) en acoplado:	309.295 Kg.
Km Recorridos:	3330
"/>
<node Id="55" Action="Ir Icaedur" Cost="-9003.007458096823" Estado_Agente="&gt;&gt; ESTADO DEL AGENTE &lt;&lt;
Arqueologo en aldea: 7 (ICAEDUR)
Botin: Monedas(1255) | Rubi(1495) | Anillo(1447) | Diamante(1292) | Colgante(2157)
Valor ($$) total:	$ 392295
Peso (kg) en acoplado:	354.09499999999997 Kg.
Km Recorridos:	3330
"/>
<node Id="56" Action="Tomar Tesoro" Cost="-10503.007458096823" Estado_Agente="&gt;&gt; ESTADO DEL AGENTE &lt;&lt;
Arqueologo en aldea: 7 (ICAEDUR)
Botin: Monedas(1308) | Rubi(1538) | Anillo(1471) | Diamante(1325) | Colgante(2175)
Valor ($$) total:	$ 403705
Peso (kg) en acoplado:	364.005 Kg.
Km Recorridos:	3330
"/>
<node Id="57" Action="Ir Bulovoe" Cost="-10948.76522207198" Estado_Agente="&gt;&gt; ESTADO DEL AGENTE &lt;&lt;
Arqueologo en aldea: 3 (BULOVOE)
Botin: Monedas(1308) | Rubi(1538) | Anillo(1471) | Diamante(1325) | Colgante(2175)
Valor ($$) total:	$ 403705
Peso (kg) en acoplado:	364.005 Kg.
Km Recorridos:	3680
"/>
<node Id="58" Action="Tomar Tesoro" Cost="-9003.007458096825" Estado_Agente="&gt;&gt; ESTADO DEL AGENTE &lt;&lt;
Arqueologo en aldea: 7 (ICAEDUR)
Botin: Monedas(1058) | Rubi(1418) | Anillo(1451) | Diamante(1175) | Colgante(1875)
Valor ($$) total:	$ 354105
Peso (kg) en acoplado:	319.20500000000004 Kg.
Km Recorridos:	3330
"/>
<node Id="59" Action="Ir Bulovoe" Cost="-9448.765222071981" Estado_Agente="&gt;&gt; ESTADO DEL AGENTE &lt;&lt;
Arqueologo en aldea: 3 (BULOVOE)
Botin: Monedas(1058) | Rubi(1418) | Anillo(1451) | Diamante(1175) | Colgante(1875)
Valor ($$) total:	$ 354105
Peso (kg) en acoplado:	319.20500000000004 Kg.
Km Recorridos:	3680
"/>
<node Id="60" Action="Tomar Tesoro" Cost="-10948.765222071981" Estado_Agente="&gt;&gt; ESTADO DEL AGENTE &lt;&lt;
Arqueologo en aldea: 3 (BULOVOE)
Botin: Monedas(1308) | Rubi(1538) | Anillo(1471) | Diamante(1325) | Colgante(2175)
Valor ($$) total:	$ 403705
Peso (kg) en acoplado:	364.005 Kg.
Km Recorridos:	3680
"/>
<node Id="61" Action="Ir Icaedur" Cost="-11356.427722071981" Estado_Agente="&gt;&gt; ESTADO DEL AGENTE &lt;&lt;
Arqueologo en aldea: 7 (ICAEDUR)
Botin: Monedas(1308) | Rubi(1538) | Anillo(1471) | Diamante(1325) | Colgante(2175)
Valor ($$) total:	$ 403705
Peso (kg) en acoplado:	364.005 Kg.
Km Recorridos:	4030
"/>
<node Id="62" Action="Ir Ergintone" Cost="-5043.301479835954" Estado_Agente="&gt;&gt; ESTADO DEL AGENTE &lt;&lt;
Arqueologo en aldea: 6 (ERGINTONE)
Botin: Monedas(989) | Rubi(1371) | Anillo(1414) | Diamante(1141) | Colgante(1811)
Valor ($$) total:	$ 339725
Peso (kg) en acoplado:	306.03999999999996 Kg.
Km Recorridos:	2780
"/>
<node Id="63" Action="Ir Bulovoe" Cost="-5595.344958096824" Estado_Agente="&gt;&gt; ESTADO DEL AGENTE &lt;&lt;
Arqueologo en aldea: 3 (BULOVOE)
Botin: Monedas(989) | Rubi(1371) | Anillo(1414) | Diamante(1141) | Colgante(1811)
Valor ($$) total:	$ 339725
Peso (kg) en acoplado:	306.03999999999996 Kg.
Km Recorridos:	2980
"/>
<node Id="64" Action="Tomar Tesoro" Cost="-7095.344958096824" Estado_Agente="&gt;&gt; ESTADO DEL AGENTE &lt;&lt;
Arqueologo en aldea: 3 (BULOVOE)
Botin: Monedas(1239) | Rubi(1491) | Anillo(1434) | Diamante(1291) | Colgante(2111)
Valor ($$) total:	$ 389325
Peso (kg) en acoplado:	350.84000000000003 Kg.
Km Recorridos:	2980
"/>
<node Id="65" Action="Ir Icaedur" Cost="-6003.007458096824" Estado_Agente="&gt;&gt; ESTADO DEL AGENTE &lt;&lt;
Arqueologo en aldea: 7 (ICAEDUR)
Botin: Monedas(989) | Rubi(1371) | Anillo(1414) | Diamante(1141) | Colgante(1811)
Valor ($$) total:	$ 339725
Peso (kg) en acoplado:	306.03999999999996 Kg.
Km Recorridos:	3330
"/>
<node Id="66" Action="Ir Icaedur" Cost="-7503.007458096824" Estado_Agente="&gt;&gt; ESTADO DEL AGENTE &lt;&lt;
Arqueologo en aldea: 7 (ICAEDUR)
Botin: Monedas(1239) | Rubi(1491) | Anillo(1434) | Diamante(1291) | Colgante(2111)
Valor ($$) total:	$ 389325
Peso (kg) en acoplado:	350.84000000000003 Kg.
Km Recorridos:	3330
"/>
<node Id="67" Action="Tomar Tesoro" Cost="-9003.007458096825" Estado_Agente="&gt;&gt; ESTADO DEL AGENTE &lt;&lt;
Arqueologo en aldea: 7 (ICAEDUR)
Botin: Monedas(1292) | Rubi(1534) | Anillo(1458) | Diamante(1324) | Colgante(2129)
Valor ($$) total:	$ 400735
Peso (kg) en acoplado:	360.75 Kg.
Km Recorridos:	3330
"/>
<node Id="68" Action="Ir Bulovoe" Cost="-9448.765222071981" Estado_Agente="&gt;&gt; ESTADO DEL AGENTE &lt;&lt;
Arqueologo en aldea: 3 (BULOVOE)
Botin: Monedas(1292) | Rubi(1534) | Anillo(1458) | Diamante(1324) | Colgante(2129)
Valor ($$) total:	$ 400735
Peso (kg) en acoplado:	360.75 Kg.
Km Recorridos:	3680
"/>
<node Id="69" Action="Tomar Tesoro" Cost="-7503.007458096824" Estado_Agente="&gt;&gt; ESTADO DEL AGENTE &lt;&lt;
Arqueologo en aldea: 7 (ICAEDUR)
Botin: Monedas(1042) | Rubi(1414) | Anillo(1438) | Diamante(1174) | Colgante(1829)
Valor ($$) total:	$ 351135
Peso (kg) en acoplado:	315.95 Kg.
Km Recorridos:	3330
"/>
<node Id="70" Action="Ir Bulovoe" Cost="-7948.765222071979" Estado_Agente="&gt;&gt; ESTADO DEL AGENTE &lt;&lt;
Arqueologo en aldea: 3 (BULOVOE)
Botin: Monedas(1042) | Rubi(1414) | Anillo(1438) | Diamante(1174) | Colgante(1829)
Valor ($$) total:	$ 351135
Peso (kg) en acoplado:	315.95 Kg.
Km Recorridos:	3680
"/>
<node Id="71" Action="Tomar Tesoro" Cost="-9448.76522207198" Estado_Agente="&gt;&gt; ESTADO DEL AGENTE &lt;&lt;
Arqueologo en aldea: 3 (BULOVOE)
Botin: Monedas(1292) | Rubi(1534) | Anillo(1458) | Diamante(1324) | Colgante(2129)
Valor ($$) total:	$ 400735
Peso (kg) en acoplado:	360.75 Kg.
Km Recorridos:	3680
"/>
<node Id="72" Action="Ir Icaedur" Cost="-9856.42772207198" Estado_Agente="&gt;&gt; ESTADO DEL AGENTE &lt;&lt;
Arqueologo en aldea: 7 (ICAEDUR)
Botin: Monedas(1292) | Rubi(1534) | Anillo(1458) | Diamante(1324) | Colgante(2129)
Valor ($$) total:	$ 400735
Peso (kg) en acoplado:	360.75 Kg.
Km Recorridos:	4030
"/>
<node Id="47" Action="Tomar Tesoro" Cost="-6321.321428571428" Estado_Agente="&gt;&gt; ESTADO DEL AGENTE &lt;&lt;
Arqueologo en aldea: 4 (CABE)
Botin: Monedas(1149) | Rubi(1621) | Anillo(1584) | Diamante(1201) | Colgante(1931)
Valor ($$) total:	$ 380525
Peso (kg) en acoplado:	341.29 Kg.
Km Recorridos:	2330
"/>
<node Id="13" Action="Tomar Tesoro" Cost="-6337.483928571429" Estado_Agente="&gt;&gt; ESTADO DEL AGENTE &lt;&lt;
Arqueologo en aldea: 7 (ICAEDUR)
Botin: Monedas(1042) | Rubi(1414) | Anillo(1438) | Diamante(1174) | Colgante(1829)
Valor ($$) total:	$ 351135
Peso (kg) en acoplado:	315.95 Kg.
Km Recorridos:	2230
"/>
<node Id="14" Action="Ir Bulovoe" Cost="-5283.241692546584" Estado_Agente="&gt;&gt; ESTADO DEL AGENTE &lt;&lt;
Arqueologo en aldea: 3 (BULOVOE)
Botin: Monedas(989) | Rubi(1371) | Anillo(1414) | Diamante(1141) | Colgante(1811)
Valor ($$) total:	$ 339725
Peso (kg) en acoplado:	306.03999999999996 Kg.
Km Recorridos:	2580
"/>
<node Id="15" Action="Ir Bulovoe" Cost="-6783.241692546584" Estado_Agente="&gt;&gt; ESTADO DEL AGENTE &lt;&lt;
Arqueologo en aldea: 3 (BULOVOE)
Botin: Monedas(1042) | Rubi(1414) | Anillo(1438) | Diamante(1174) | Colgante(1829)
Valor ($$) total:	$ 351135
Peso (kg) en acoplado:	315.95 Kg.
Km Recorridos:	2580
"/>
<node Id="16" Action="Tomar Tesoro" Cost="-8283.241692546584" Estado_Agente="&gt;&gt; ESTADO DEL AGENTE &lt;&lt;
Arqueologo en aldea: 3 (BULOVOE)
Botin: Monedas(1292) | Rubi(1534) | Anillo(1458) | Diamante(1324) | Colgante(2129)
Valor ($$) total:	$ 400735
Peso (kg) en acoplado:	360.75 Kg.
Km Recorridos:	2580
"/>
<node Id="17" Action="Ir Ergintone" Cost="-7055.534925629291" Estado_Agente="&gt;&gt; ESTADO DEL AGENTE &lt;&lt;
Arqueologo en aldea: 6 (ERGINTONE)
Botin: Monedas(1042) | Rubi(1414) | Anillo(1438) | Diamante(1174) | Colgante(1829)
Valor ($$) total:	$ 351135
Peso (kg) en acoplado:	315.95 Kg.
Km Recorridos:	2780
"/>
<node Id="18" Action="Ir Ergintone" Cost="-8555.53492562929" Estado_Agente="&gt;&gt; ESTADO DEL AGENTE &lt;&lt;
Arqueologo en aldea: 6 (ERGINTONE)
Botin: Monedas(1292) | Rubi(1534) | Anillo(1458) | Diamante(1324) | Colgante(2129)
Valor ($$) total:	$ 400735
Peso (kg) en acoplado:	360.75 Kg.
Km Recorridos:	2780
"/>
<node Id="19" Action="Ir Icaedur" Cost="-8690.904192546584" Estado_Agente="&gt;&gt; ESTADO DEL AGENTE &lt;&lt;
Arqueologo en aldea: 7 (ICAEDUR)
Botin: Monedas(1292) | Rubi(1534) | Anillo(1458) | Diamante(1324) | Colgante(2129)
Valor ($$) total:	$ 400735
Peso (kg) en acoplado:	360.75 Kg.
Km Recorridos:	2930
"/>
<node Id="20" Action="Ir Aragaey" Cost="-8770.61492562929" Estado_Agente="&gt;&gt; ESTADO DEL AGENTE &lt;&lt;
Arqueologo en aldea: 0 (ARAGAEY)
Botin: Monedas(1292) | Rubi(1534) | Anillo(1458) | Diamante(1324) | Colgante(2129)
Valor ($$) total:	$ 400735
Peso (kg) en acoplado:	360.75 Kg.
Km Recorridos:	2880
"/>
<node Id="21" Action="Ir Peregaey" Cost="-8811.44796910755" Estado_Agente="&gt;&gt; ESTADO DEL AGENTE &lt;&lt;
Arqueologo en aldea: 9 (PEREGAEY)
Botin: Monedas(1292) | Rubi(1534) | Anillo(1458) | Diamante(1324) | Colgante(2129)
Valor ($$) total:	$ 400735
Peso (kg) en acoplado:	360.75 Kg.
Km Recorridos:	2960
"/>
<node Id="22" Action="Ir Bresol" Cost="-8990.596743811107" Estado_Agente="&gt;&gt; ESTADO DEL AGENTE &lt;&lt;
Arqueologo en aldea: 2 (BRESOL)
Botin: Monedas(1292) | Rubi(1534) | Anillo(1458) | Diamante(1324) | Colgante(2129)
Valor ($$) total:	$ 400735
Peso (kg) en acoplado:	360.75 Kg.
Km Recorridos:	3030
"/>
<node Id="23" Action="Tomar Tesoro" Cost="-10490.596743811107" Estado_Agente="&gt;&gt; ESTADO DEL AGENTE &lt;&lt;
Arqueologo en aldea: 2 (BRESOL)
Botin: Monedas(1308) | Rubi(1538) | Anillo(1471) | Diamante(1325) | Colgante(2175)
Valor ($$) total:	$ 403705
Peso (kg) en acoplado:	364.005 Kg.
Km Recorridos:	3030
"/>
<node Id="24" Action="Ir Aragaey" Cost="-7270.614925629291" Estado_Agente="&gt;&gt; ESTADO DEL AGENTE &lt;&lt;
Arqueologo en aldea: 0 (ARAGAEY)
Botin: Monedas(1042) | Rubi(1414) | Anillo(1438) | Diamante(1174) | Colgante(1829)
Valor ($$) total:	$ 351135
Peso (kg) en acoplado:	315.95 Kg.
Km Recorridos:	2880
"/>
<node Id="25" Action="Ir Peregaey" Cost="-7311.447969107552" Estado_Agente="&gt;&gt; ESTADO DEL AGENTE &lt;&lt;
Arqueologo en aldea: 9 (PEREGAEY)
Botin: Monedas(1042) | Rubi(1414) | Anillo(1438) | Diamante(1174) | Colgante(1829)
Valor ($$) total:	$ 351135
Peso (kg) en acoplado:	315.95 Kg.
Km Recorridos:	2960
"/>
<node Id="26" Action="Ir Bresol" Cost="-7490.596743811109" Estado_Agente="&gt;&gt; ESTADO DEL AGENTE &lt;&lt;
Arqueologo en aldea: 2 (BRESOL)
Botin: Monedas(1042) | Rubi(1414) | Anillo(1438) | Diamante(1174) | Colgante(1829)
Valor ($$) total:	$ 351135
Peso (kg) en acoplado:	315.95 Kg.
Km Recorridos:	3030
"/>
<node Id="27" Action="Tomar Tesoro" Cost="-8990.59674381111" Estado_Agente="&gt;&gt; ESTADO DEL AGENTE &lt;&lt;
Arqueologo en aldea: 2 (BRESOL)
Botin: Monedas(1058) | Rubi(1418) | Anillo(1451) | Diamante(1175) | Colgante(1875)
Valor ($$) total:	$ 354105
Peso (kg) en acoplado:	319.20500000000004 Kg.
Km Recorridos:	3030
"/>
<node Id="28" Action="Tomar Tesoro" Cost="-6783.241692546584" Estado_Agente="&gt;&gt; ESTADO DEL AGENTE &lt;&lt;
Arqueologo en aldea: 3 (BULOVOE)
Botin: Monedas(1239) | Rubi(1491) | Anillo(1434) | Diamante(1291) | Colgante(2111)
Valor ($$) total:	$ 389325
Peso (kg) en acoplado:	350.84000000000003 Kg.
Km Recorridos:	2580
"/>
<node Id="29" Action="Ir Ergintone" Cost="-5555.534925629291" Estado_Agente="&gt;&gt; ESTADO DEL AGENTE &lt;&lt;
Arqueologo en aldea: 6 (ERGINTONE)
Botin: Monedas(989) | Rubi(1371) | Anillo(1414) | Diamante(1141) | Colgante(1811)
Valor ($$) total:	$ 339725
Peso (kg) en acoplado:	306.03999999999996 Kg.
Km Recorridos:	2780
"/>
<node Id="30" Action="Ir Ergintone" Cost="-7055.534925629291" Estado_Agente="&gt;&gt; ESTADO DEL AGENTE &lt;&lt;
Arqueologo en aldea: 6 (ERGINTONE)
Botin: Monedas(1239) | Rubi(1491) | Anillo(1434) | Diamante(1291) | Colgante(2111)
Valor ($$) total:	$ 389325
Peso (kg) en acoplado:	350.84000000000003 Kg.
Km Recorridos:	2780
"/>
<node Id="31" Action="Ir Icaedur" Cost="-7190.904192546584" Estado_Agente="&gt;&gt; ESTADO DEL AGENTE &lt;&lt;
Arqueologo en aldea: 7 (ICAEDUR)
Botin: Monedas(1239) | Rubi(1491) | Anillo(1434) | Diamante(1291) | Colgante(2111)
Valor ($$) total:	$ 389325
Peso (kg) en acoplado:	350.84000000000003 Kg.
Km Recorridos:	2930
"/>
<node Id="39" Action="Ir Aragaey" Cost="-7270.614925629291" Estado_Agente="&gt;&gt; ESTADO DEL AGENTE &lt;&lt;
Arqueologo en aldea: 0 (ARAGAEY)
Botin: Monedas(1239) | Rubi(1491) | Anillo(1434) | Diamante(1291) | Colgante(2111)
Valor ($$) total:	$ 389325
Peso (kg) en acoplado:	350.84000000000003 Kg.
Km Recorridos:	2880
"/>
<node Id="40" Action="Ir Peregaey" Cost="-7311.447969107552" Estado_Agente="&gt;&gt; ESTADO DEL AGENTE &lt;&lt;
Arqueologo en aldea: 9 (PEREGAEY)
Botin: Monedas(1239) | Rubi(1491) | Anillo(1434) | Diamante(1291) | Colgante(2111)
Valor ($$) total:	$ 389325
Peso (kg) en acoplado:	350.84000000000003 Kg.
Km Recorridos:	2960
"/>
<node Id="41" Action="Ir Bresol" Cost="-7490.596743811109" Estado_Agente="&gt;&gt; ESTADO DEL AGENTE &lt;&lt;
Arqueologo en aldea: 2 (BRESOL)
Botin: Monedas(1239) | Rubi(1491) | Anillo(1434) | Diamante(1291) | Colgante(2111)
Valor ($$) total:	$ 389325
Peso (kg) en acoplado:	350.84000000000003 Kg.
Km Recorridos:	3030
"/>
<node Id="42" Action="Tomar Tesoro" Cost="-8990.59674381111" Estado_Agente="&gt;&gt; ESTADO DEL AGENTE &lt;&lt;
Arqueologo en aldea: 2 (BRESOL)
Botin: Monedas(1255) | Rubi(1495) | Anillo(1447) | Diamante(1292) | Colgante(2157)
Valor ($$) total:	$ 392295
Peso (kg) en acoplado:	354.09499999999997 Kg.
Km Recorridos:	3030
"/>
<node Id="32" Action="Tomar Tesoro" Cost="-8690.904192546584" Estado_Agente="&gt;&gt; ESTADO DEL AGENTE &lt;&lt;
Arqueologo en aldea: 7 (ICAEDUR)
Botin: Monedas(1292) | Rubi(1534) | Anillo(1458) | Diamante(1324) | Colgante(2129)
Valor ($$) total:	$ 400735
Peso (kg) en acoplado:	360.75 Kg.
Km Recorridos:	2930
"/>
<node Id="33" Action="Ir Bulovoe" Cost="-9136.66195652174" Estado_Agente="&gt;&gt; ESTADO DEL AGENTE &lt;&lt;
Arqueologo en aldea: 3 (BULOVOE)
Botin: Monedas(1292) | Rubi(1534) | Anillo(1458) | Diamante(1324) | Colgante(2129)
Valor ($$) total:	$ 400735
Peso (kg) en acoplado:	360.75 Kg.
Km Recorridos:	3280
"/>
<node Id="34" Action="Ir Ergintone" Cost="-9408.955189604447" Estado_Agente="&gt;&gt; ESTADO DEL AGENTE &lt;&lt;
Arqueologo en aldea: 6 (ERGINTONE)
Botin: Monedas(1292) | Rubi(1534) | Anillo(1458) | Diamante(1324) | Colgante(2129)
Valor ($$) total:	$ 400735
Peso (kg) en acoplado:	360.75 Kg.
Km Recorridos:	3480
"/>
<node Id="35" Action="Ir Aragaey" Cost="-9624.035189604447" Estado_Agente="&gt;&gt; ESTADO DEL AGENTE &lt;&lt;
Arqueologo en aldea: 0 (ARAGAEY)
Botin: Monedas(1292) | Rubi(1534) | Anillo(1458) | Diamante(1324) | Colgante(2129)
Valor ($$) total:	$ 400735
Peso (kg) en acoplado:	360.75 Kg.
Km Recorridos:	3580
"/>
<node Id="36" Action="Ir Peregaey" Cost="-9664.868233082707" Estado_Agente="&gt;&gt; ESTADO DEL AGENTE &lt;&lt;
Arqueologo en aldea: 9 (PEREGAEY)
Botin: Monedas(1292) | Rubi(1534) | Anillo(1458) | Diamante(1324) | Colgante(2129)
Valor ($$) total:	$ 400735
Peso (kg) en acoplado:	360.75 Kg.
Km Recorridos:	3660
"/>
<node Id="37" Action="Ir Bresol" Cost="-9844.017007786264" Estado_Agente="&gt;&gt; ESTADO DEL AGENTE &lt;&lt;
Arqueologo en aldea: 2 (BRESOL)
Botin: Monedas(1292) | Rubi(1534) | Anillo(1458) | Diamante(1324) | Colgante(2129)
Valor ($$) total:	$ 400735
Peso (kg) en acoplado:	360.75 Kg.
Km Recorridos:	3730
"/>
<node Id="38" Action="Tomar Tesoro" Cost="-11344.017007786264" Estado_Agente="&gt;&gt; ESTADO DEL AGENTE &lt;&lt;
Arqueologo en aldea: 2 (BRESOL)
Botin: Monedas(1308) | Rubi(1538) | Anillo(1471) | Diamante(1325) | Colgante(2175)
Valor ($$) total:	$ 403705
Peso (kg) en acoplado:	364.005 Kg.
Km Recorridos:	3730
"/>
<node Id="43" Action="Ir Aragaey" Cost="-5770.614925629291" Estado_Agente="&gt;&gt; ESTADO DEL AGENTE &lt;&lt;
Arqueologo en aldea: 0 (ARAGAEY)
Botin: Monedas(989) | Rubi(1371) | Anillo(1414) | Diamante(1141) | Colgante(1811)
Valor ($$) total:	$ 339725
Peso (kg) en acoplado:	306.03999999999996 Kg.
Km Recorridos:	2880
"/>
<node Id="44" Action="Ir Peregaey" Cost="-5811.447969107552" Estado_Agente="&gt;&gt; ESTADO DEL AGENTE &lt;&lt;
Arqueologo en aldea: 9 (PEREGAEY)
Botin: Monedas(989) | Rubi(1371) | Anillo(1414) | Diamante(1141) | Colgante(1811)
Valor ($$) total:	$ 339725
Peso (kg) en acoplado:	306.03999999999996 Kg.
Km Recorridos:	2960
"/>
<node Id="45" Action="Ir Bresol" Cost="-5990.596743811109" Estado_Agente="&gt;&gt; ESTADO DEL AGENTE &lt;&lt;
Arqueologo en aldea: 2 (BRESOL)
Botin: Monedas(989) | Rubi(1371) | Anillo(1414) | Diamante(1141) | Colgante(1811)
Valor ($$) total:	$ 339725
Peso (kg) en acoplado:	306.03999999999996 Kg.
Km Recorridos:	3030
"/>
<node Id="46" Action="Tomar Tesoro" Cost="-7490.596743811109" Estado_Agente="&gt;&gt; ESTADO DEL AGENTE &lt;&lt;
Arqueologo en aldea: 2 (BRESOL)
Botin: Monedas(1005) | Rubi(1375) | Anillo(1427) | Diamante(1142) | Colgante(1857)
Valor ($$) total:	$ 342695
Peso (kg) en acoplado:	309.295 Kg.
Km Recorridos:	3030
"/>
<edge source="0" target="1"/>
<edge source="0" target="2"/>
<edge source="1" target="3"/>
<edge source="3" target="4"/>
<edge source="3" target="5"/>
<edge source="4" target="6"/>
<edge source="4" target="7"/>
<edge source="6" target="8"/>
<edge source="8" target="9"/>
<edge source="9" target="10"/>
<edge source="9" target="11"/>
<edge source="9" target="12"/>
<edge source="10" target="48"/>
<edge source="10" target="49"/>
<edge source="11" target="47"/>
<edge source="12" target="13"/>
<edge source="12" target="14"/>
<edge source="48" target="50"/>
<edge source="49" target="62"/>
<edge source="50" target="51"/>
<edge source="51" target="52"/>
<edge source="52" target="53"/>
<edge source="52" target="54"/>
<edge source="53" target="55"/>
<edge source="54" target="58"/>
<edge source="55" target="56"/>
<edge source="56" target="57"/>
<edge source="58" target="59"/>
<edge source="59" target="60"/>
<edge source="60" target="61"/>
<edge source="62" target="63"/>
<edge source="63" target="64"/>
<edge source="63" target="65"/>
<edge source="64" target="66"/>
<edge source="65" target="69"/>
<edge source="66" target="67"/>
<edge source="67" target="68"/>
<edge source="69" target="70"/>
<edge source="70" target="71"/>
<edge source="71" target="72"/>
<edge source="13" target="15"/>
<edge source="14" target="28"/>
<edge source="14" target="29"/>
<edge source="15" target="16"/>
<edge source="15" target="17"/>
<edge source="16" target="18"/>
<edge source="16" target="19"/>
<edge source="17" target="24"/>
<edge source="17" target="25"/>
<edge source="18" target="20"/>
<edge source="18" target="21"/>
<edge source="20" target="22"/>
<edge source="22" target="23"/>
<edge source="24" target="26"/>
<edge source="26" target="27"/>
<edge source="28" target="30"/>
<edge source="28" target="31"/>
<edge source="29" target="43"/>
<edge source="29" target="44"/>
<edge source="30" target="39"/>
<edge source="30" target="40"/>
<edge source="31" target="32"/>
<edge source="39" target="41"/>
<edge source="41" target="42"/>
<edge source="32" target="33"/>
<edge source="33" target="34"/>
<edge source="34" target="35"/>
<edge source="34" target="36"/>
<edge source="35" target="37"/>
<edge source="37" target="38"/>
<edge source="43" target="45"/>
<edge source="45" target="46"/>
</tree>
