<tree id="11" edgedefault="directed">
<node Id="0" Action="null" Cost="0.0" Estado_Agente="&gt;&gt; ESTADO DEL AGENTE &lt;&lt;
Arqueologo en aldea: 5 (CENEDE)
Botin: Monedas(920) | Rubi(1370) | Anillo(1370) | Diamante(1130) | Colgante(1760)
Valor ($$) total:	$ 329700
Peso (kg) en acoplado:	295.35 Kg.
Km Recorridos:	1430
"/>
<node Id="1" Action="Ir Cenede" Cost="-50.125" Estado_Agente="&gt;&gt; ESTADO DEL AGENTE &lt;&lt;
Arqueologo en aldea: 5 (CENEDE)
Botin: Monedas(920) | Rubi(1370) | Anillo(1370) | Diamante(1130) | Colgante(1760)
Valor ($$) total:	$ 329700
Peso (kg) en acoplado:	295.35 Kg.
Km Recorridos:	1430
"/>
<node Id="2" Action="Tomar Tesoro" Cost="-1550.125" Estado_Agente="&gt;&gt; ESTADO DEL AGENTE &lt;&lt;
Arqueologo en aldea: 5 (CENEDE)
Botin: Monedas(989) | Rubi(1371) | Anillo(1414) | Diamante(1141) | Colgante(1811)
Valor ($$) total:	$ 339725
Peso (kg) en acoplado:	306.03999999999996 Kg.
Km Recorridos:	1430
"/>
<node Id="3" Action="Terminar" Cost="-50.125" Estado_Agente="&gt;&gt; ESTADO DEL AGENTE &lt;&lt;
Arqueologo en aldea: 11 (CEDENE ~FIN~)
Botin: Monedas(920) | Rubi(1370) | Anillo(1370) | Diamante(1130) | Colgante(1760)
Valor ($$) total:	$ 329700
Peso (kg) en acoplado:	295.35 Kg.
Km Recorridos:	1430
"/>
<node Id="4" Action="Ir Ase" Cost="-2038.125" Estado_Agente="&gt;&gt; ESTADO DEL AGENTE &lt;&lt;
Arqueologo en aldea: 1 (ASE)
Botin: Monedas(989) | Rubi(1371) | Anillo(1414) | Diamante(1141) | Colgante(1811)
Valor ($$) total:	$ 339725
Peso (kg) en acoplado:	306.03999999999996 Kg.
Km Recorridos:	1630
"/>
<node Id="5" Action="Terminar" Cost="-1550.125" Estado_Agente="&gt;&gt; ESTADO DEL AGENTE &lt;&lt;
Arqueologo en aldea: 11 (CEDENE ~FIN~)
Botin: Monedas(989) | Rubi(1371) | Anillo(1414) | Diamante(1141) | Colgante(1811)
Valor ($$) total:	$ 339725
Peso (kg) en acoplado:	306.03999999999996 Kg.
Km Recorridos:	1430
"/>
<node Id="6" Action="Ir Mixocu" Cost="-2478.25" Estado_Agente="&gt;&gt; ESTADO DEL AGENTE &lt;&lt;
Arqueologo en aldea: 8 (MIXOCU)
Botin: Monedas(989) | Rubi(1371) | Anillo(1414) | Diamante(1141) | Colgante(1811)
Valor ($$) total:	$ 339725
Peso (kg) en acoplado:	306.03999999999996 Kg.
Km Recorridos:	1830
"/>
<node Id="7" Action="Ir Vinizaile" Cost="-2765.8214285714284" Estado_Agente="&gt;&gt; ESTADO DEL AGENTE &lt;&lt;
Arqueologo en aldea: 10 (VINIZAILE)
Botin: Monedas(989) | Rubi(1371) | Anillo(1414) | Diamante(1141) | Colgante(1811)
Valor ($$) total:	$ 339725
Peso (kg) en acoplado:	306.03999999999996 Kg.
Km Recorridos:	2130
"/>
<node Id="8" Action="Ir Bresol" Cost="-2973.4282467532466" Estado_Agente="&gt;&gt; ESTADO DEL AGENTE &lt;&lt;
Arqueologo en aldea: 2 (BRESOL)
Botin: Monedas(989) | Rubi(1371) | Anillo(1414) | Diamante(1141) | Colgante(1811)
Valor ($$) total:	$ 339725
Peso (kg) en acoplado:	306.03999999999996 Kg.
Km Recorridos:	2530
"/>
<node Id="9" Action="Ir Cabe" Cost="-3238.8214285714284" Estado_Agente="&gt;&gt; ESTADO DEL AGENTE &lt;&lt;
Arqueologo en aldea: 4 (CABE)
Botin: Monedas(989) | Rubi(1371) | Anillo(1414) | Diamante(1141) | Colgante(1811)
Valor ($$) total:	$ 339725
Peso (kg) en acoplado:	306.03999999999996 Kg.
Km Recorridos:	2330
"/>
<node Id="10" Action="Ir Icaedur" Cost="-3254.9839285714284" Estado_Agente="&gt;&gt; ESTADO DEL AGENTE &lt;&lt;
Arqueologo en aldea: 7 (ICAEDUR)
Botin: Monedas(989) | Rubi(1371) | Anillo(1414) | Diamante(1141) | Colgante(1811)
Valor ($$) total:	$ 339725
Peso (kg) en acoplado:	306.03999999999996 Kg.
Km Recorridos:	2230
"/>
<node Id="46" Action="Tomar Tesoro" Cost="-4473.428246753247" Estado_Agente="&gt;&gt; ESTADO DEL AGENTE &lt;&lt;
Arqueologo en aldea: 2 (BRESOL)
Botin: Monedas(1005) | Rubi(1375) | Anillo(1427) | Diamante(1142) | Colgante(1857)
Valor ($$) total:	$ 342695
Peso (kg) en acoplado:	309.295 Kg.
Km Recorridos:	2530
"/>
<node Id="47" Action="Ir Aragaey" Cost="-3188.5082467532466" Estado_Agente="&gt;&gt; ESTADO DEL AGENTE &lt;&lt;
Arqueologo en aldea: 0 (ARAGAEY)
Botin: Monedas(989) | Rubi(1371) | Anillo(1414) | Diamante(1141) | Colgante(1811)
Valor ($$) total:	$ 339725
Peso (kg) en acoplado:	306.03999999999996 Kg.
Km Recorridos:	2680
"/>
<node Id="48" Action="Ir Aragaey" Cost="-4688.508246753247" Estado_Agente="&gt;&gt; ESTADO DEL AGENTE &lt;&lt;
Arqueologo en aldea: 0 (ARAGAEY)
Botin: Monedas(1005) | Rubi(1375) | Anillo(1427) | Diamante(1142) | Colgante(1857)
Valor ($$) total:	$ 342695
Peso (kg) en acoplado:	309.295 Kg.
Km Recorridos:	2680
"/>
<node Id="49" Action="Ir Ergintone" Cost="-4960.801479835954" Estado_Agente="&gt;&gt; ESTADO DEL AGENTE &lt;&lt;
Arqueologo en aldea: 6 (ERGINTONE)
Botin: Monedas(1005) | Rubi(1375) | Anillo(1427) | Diamante(1142) | Colgante(1857)
Valor ($$) total:	$ 342695
Peso (kg) en acoplado:	309.295 Kg.
Km Recorridos:	2780
"/>
<node Id="50" Action="Ir Bulovoe" Cost="-5512.844958096824" Estado_Agente="&gt;&gt; ESTADO DEL AGENTE &lt;&lt;
Arqueologo en aldea: 3 (BULOVOE)
Botin: Monedas(1005) | Rubi(1375) | Anillo(1427) | Diamante(1142) | Colgante(1857)
Valor ($$) total:	$ 342695
Peso (kg) en acoplado:	309.295 Kg.
Km Recorridos:	2980
"/>
<node Id="51" Action="Tomar Tesoro" Cost="-7012.844958096824" Estado_Agente="&gt;&gt; ESTADO DEL AGENTE &lt;&lt;
Arqueologo en aldea: 3 (BULOVOE)
Botin: Monedas(1255) | Rubi(1495) | Anillo(1447) | Diamante(1292) | Colgante(2157)
Valor ($$) total:	$ 392295
Peso (kg) en acoplado:	354.09499999999997 Kg.
Km Recorridos:	2980
"/>
<node Id="52" Action="Ir Icaedur" Cost="-5920.507458096824" Estado_Agente="&gt;&gt; ESTADO DEL AGENTE &lt;&lt;
Arqueologo en aldea: 7 (ICAEDUR)
Botin: Monedas(1005) | Rubi(1375) | Anillo(1427) | Diamante(1142) | Colgante(1857)
Valor ($$) total:	$ 342695
Peso (kg) en acoplado:	309.295 Kg.
Km Recorridos:	3330
"/>
<node Id="53" Action="Ir Icaedur" Cost="-7420.507458096824" Estado_Agente="&gt;&gt; ESTADO DEL AGENTE &lt;&lt;
Arqueologo en aldea: 7 (ICAEDUR)
Botin: Monedas(1255) | Rubi(1495) | Anillo(1447) | Diamante(1292) | Colgante(2157)
Valor ($$) total:	$ 392295
Peso (kg) en acoplado:	354.09499999999997 Kg.
Km Recorridos:	3330
"/>
<node Id="54" Action="Tomar Tesoro" Cost="-8920.507458096825" Estado_Agente="&gt;&gt; ESTADO DEL AGENTE &lt;&lt;
Arqueologo en aldea: 7 (ICAEDUR)
Botin: Monedas(1308) | Rubi(1538) | Anillo(1471) | Diamante(1325) | Colgante(2175)
Valor ($$) total:	$ 403705
Peso (kg) en acoplado:	364.005 Kg.
Km Recorridos:	3330
"/>
<node Id="55" Action="Ir Bulovoe" Cost="-9366.265222071981" Estado_Agente="&gt;&gt; ESTADO DEL AGENTE &lt;&lt;
Arqueologo en aldea: 3 (BULOVOE)
Botin: Monedas(1308) | Rubi(1538) | Anillo(1471) | Diamante(1325) | Colgante(2175)
Valor ($$) total:	$ 403705
Peso (kg) en acoplado:	364.005 Kg.
Km Recorridos:	3680
"/>
<node Id="56" Action="Tomar Tesoro" Cost="-7420.507458096824" Estado_Agente="&gt;&gt; ESTADO DEL AGENTE &lt;&lt;
Arqueologo en aldea: 7 (ICAEDUR)
Botin: Monedas(1058) | Rubi(1418) | Anillo(1451) | Diamante(1175) | Colgante(1875)
Valor ($$) total:	$ 354105
Peso (kg) en acoplado:	319.20500000000004 Kg.
Km Recorridos:	3330
"/>
<node Id="57" Action="Ir Bulovoe" Cost="-7866.265222071979" Estado_Agente="&gt;&gt; ESTADO DEL AGENTE &lt;&lt;
Arqueologo en aldea: 3 (BULOVOE)
Botin: Monedas(1058) | Rubi(1418) | Anillo(1451) | Diamante(1175) | Colgante(1875)
Valor ($$) total:	$ 354105
Peso (kg) en acoplado:	319.20500000000004 Kg.
Km Recorridos:	3680
"/>
<node Id="58" Action="Tomar Tesoro" Cost="-9366.26522207198" Estado_Agente="&gt;&gt; ESTADO DEL AGENTE &lt;&lt;
Arqueologo en aldea: 3 (BULOVOE)
Botin: Monedas(1308) | Rubi(1538) | Anillo(1471) | Diamante(1325) | Colgante(2175)
Valor ($$) total:	$ 403705
Peso (kg) en acoplado:	364.005 Kg.
Km Recorridos:	3680
"/>
<node Id="59" Action="Ir Icaedur" Cost="-9773.92772207198" Estado_Agente="&gt;&gt; ESTADO DEL AGENTE &lt;&lt;
Arqueologo en aldea: 7 (ICAEDUR)
Botin: Monedas(1308) | Rubi(1538) | Anillo(1471) | Diamante(1325) | Colgante(2175)
Valor ($$) total:	$ 403705
Peso (kg) en acoplado:	364.005 Kg.
Km Recorridos:	4030
"/>
<node Id="60" Action="Ir Ergintone" Cost="-3460.801479835953" Estado_Agente="&gt;&gt; ESTADO DEL AGENTE &lt;&lt;
Arqueologo en aldea: 6 (ERGINTONE)
Botin: Monedas(989) | Rubi(1371) | Anillo(1414) | Diamante(1141) | Colgante(1811)
Valor ($$) total:	$ 339725
Peso (kg) en acoplado:	306.03999999999996 Kg.
Km Recorridos:	2780
"/>
<node Id="61" Action="Ir Bulovoe" Cost="-4012.8449580968227" Estado_Agente="&gt;&gt; ESTADO DEL AGENTE &lt;&lt;
Arqueologo en aldea: 3 (BULOVOE)
Botin: Monedas(989) | Rubi(1371) | Anillo(1414) | Diamante(1141) | Colgante(1811)
Valor ($$) total:	$ 339725
Peso (kg) en acoplado:	306.03999999999996 Kg.
Km Recorridos:	2980
"/>
<node Id="62" Action="Tomar Tesoro" Cost="-5512.844958096823" Estado_Agente="&gt;&gt; ESTADO DEL AGENTE &lt;&lt;
Arqueologo en aldea: 3 (BULOVOE)
Botin: Monedas(1239) | Rubi(1491) | Anillo(1434) | Diamante(1291) | Colgante(2111)
Valor ($$) total:	$ 389325
Peso (kg) en acoplado:	350.84000000000003 Kg.
Km Recorridos:	2980
"/>
<node Id="63" Action="Ir Icaedur" Cost="-4420.507458096823" Estado_Agente="&gt;&gt; ESTADO DEL AGENTE &lt;&lt;
Arqueologo en aldea: 7 (ICAEDUR)
Botin: Monedas(989) | Rubi(1371) | Anillo(1414) | Diamante(1141) | Colgante(1811)
Valor ($$) total:	$ 339725
Peso (kg) en acoplado:	306.03999999999996 Kg.
Km Recorridos:	3330
"/>
<node Id="64" Action="Ir Icaedur" Cost="-5920.507458096823" Estado_Agente="&gt;&gt; ESTADO DEL AGENTE &lt;&lt;
Arqueologo en aldea: 7 (ICAEDUR)
Botin: Monedas(1239) | Rubi(1491) | Anillo(1434) | Diamante(1291) | Colgante(2111)
Valor ($$) total:	$ 389325
Peso (kg) en acoplado:	350.84000000000003 Kg.
Km Recorridos:	3330
"/>
<node Id="65" Action="Tomar Tesoro" Cost="-7420.507458096823" Estado_Agente="&gt;&gt; ESTADO DEL AGENTE &lt;&lt;
Arqueologo en aldea: 7 (ICAEDUR)
Botin: Monedas(1292) | Rubi(1534) | Anillo(1458) | Diamante(1324) | Colgante(2129)
Valor ($$) total:	$ 400735
Peso (kg) en acoplado:	360.75 Kg.
Km Recorridos:	3330
"/>
<node Id="66" Action="Ir Bulovoe" Cost="-7866.265222071978" Estado_Agente="&gt;&gt; ESTADO DEL AGENTE &lt;&lt;
Arqueologo en aldea: 3 (BULOVOE)
Botin: Monedas(1292) | Rubi(1534) | Anillo(1458) | Diamante(1324) | Colgante(2129)
Valor ($$) total:	$ 400735
Peso (kg) en acoplado:	360.75 Kg.
Km Recorridos:	3680
"/>
<node Id="67" Action="Tomar Tesoro" Cost="-5920.507458096823" Estado_Agente="&gt;&gt; ESTADO DEL AGENTE &lt;&lt;
Arqueologo en aldea: 7 (ICAEDUR)
Botin: Monedas(1042) | Rubi(1414) | Anillo(1438) | Diamante(1174) | Colgante(1829)
Valor ($$) total:	$ 351135
Peso (kg) en acoplado:	315.95 Kg.
Km Recorridos:	3330
"/>
<node Id="68" Action="Ir Bulovoe" Cost="-6366.265222071978" Estado_Agente="&gt;&gt; ESTADO DEL AGENTE &lt;&lt;
Arqueologo en aldea: 3 (BULOVOE)
Botin: Monedas(1042) | Rubi(1414) | Anillo(1438) | Diamante(1174) | Colgante(1829)
Valor ($$) total:	$ 351135
Peso (kg) en acoplado:	315.95 Kg.
Km Recorridos:	3680
"/>
<node Id="69" Action="Tomar Tesoro" Cost="-7866.265222071978" Estado_Agente="&gt;&gt; ESTADO DEL AGENTE &lt;&lt;
Arqueologo en aldea: 3 (BULOVOE)
Botin: Monedas(1292) | Rubi(1534) | Anillo(1458) | Diamante(1324) | Colgante(2129)
Valor ($$) total:	$ 400735
Peso (kg) en acoplado:	360.75 Kg.
Km Recorridos:	3680
"/>
<node Id="70" Action="Ir Icaedur" Cost="-8273.927722071978" Estado_Agente="&gt;&gt; ESTADO DEL AGENTE &lt;&lt;
Arqueologo en aldea: 7 (ICAEDUR)
Botin: Monedas(1292) | Rubi(1534) | Anillo(1458) | Diamante(1324) | Colgante(2129)
Valor ($$) total:	$ 400735
Peso (kg) en acoplado:	360.75 Kg.
Km Recorridos:	4030
"/>
<node Id="45" Action="Tomar Tesoro" Cost="-4738.821428571428" Estado_Agente="&gt;&gt; ESTADO DEL AGENTE &lt;&lt;
Arqueologo en aldea: 4 (CABE)
Botin: Monedas(1149) | Rubi(1621) | Anillo(1584) | Diamante(1201) | Colgante(1931)
Valor ($$) total:	$ 380525
Peso (kg) en acoplado:	341.29 Kg.
Km Recorridos:	2330
"/>
<node Id="11" Action="Tomar Tesoro" Cost="-4754.983928571428" Estado_Agente="&gt;&gt; ESTADO DEL AGENTE &lt;&lt;
Arqueologo en aldea: 7 (ICAEDUR)
Botin: Monedas(1042) | Rubi(1414) | Anillo(1438) | Diamante(1174) | Colgante(1829)
Valor ($$) total:	$ 351135
Peso (kg) en acoplado:	315.95 Kg.
Km Recorridos:	2230
"/>
<node Id="12" Action="Ir Bulovoe" Cost="-3700.7416925465836" Estado_Agente="&gt;&gt; ESTADO DEL AGENTE &lt;&lt;
Arqueologo en aldea: 3 (BULOVOE)
Botin: Monedas(989) | Rubi(1371) | Anillo(1414) | Diamante(1141) | Colgante(1811)
Valor ($$) total:	$ 339725
Peso (kg) en acoplado:	306.03999999999996 Kg.
Km Recorridos:	2580
"/>
<node Id="13" Action="Ir Bulovoe" Cost="-5200.741692546583" Estado_Agente="&gt;&gt; ESTADO DEL AGENTE &lt;&lt;
Arqueologo en aldea: 3 (BULOVOE)
Botin: Monedas(1042) | Rubi(1414) | Anillo(1438) | Diamante(1174) | Colgante(1829)
Valor ($$) total:	$ 351135
Peso (kg) en acoplado:	315.95 Kg.
Km Recorridos:	2580
"/>
<node Id="14" Action="Tomar Tesoro" Cost="-6700.741692546583" Estado_Agente="&gt;&gt; ESTADO DEL AGENTE &lt;&lt;
Arqueologo en aldea: 3 (BULOVOE)
Botin: Monedas(1292) | Rubi(1534) | Anillo(1458) | Diamante(1324) | Colgante(2129)
Valor ($$) total:	$ 400735
Peso (kg) en acoplado:	360.75 Kg.
Km Recorridos:	2580
"/>
<node Id="15" Action="Ir Ergintone" Cost="-5473.03492562929" Estado_Agente="&gt;&gt; ESTADO DEL AGENTE &lt;&lt;
Arqueologo en aldea: 6 (ERGINTONE)
Botin: Monedas(1042) | Rubi(1414) | Anillo(1438) | Diamante(1174) | Colgante(1829)
Valor ($$) total:	$ 351135
Peso (kg) en acoplado:	315.95 Kg.
Km Recorridos:	2780
"/>
<node Id="16" Action="Ir Ergintone" Cost="-6973.03492562929" Estado_Agente="&gt;&gt; ESTADO DEL AGENTE &lt;&lt;
Arqueologo en aldea: 6 (ERGINTONE)
Botin: Monedas(1292) | Rubi(1534) | Anillo(1458) | Diamante(1324) | Colgante(2129)
Valor ($$) total:	$ 400735
Peso (kg) en acoplado:	360.75 Kg.
Km Recorridos:	2780
"/>
<node Id="17" Action="Ir Icaedur" Cost="-7108.4041925465835" Estado_Agente="&gt;&gt; ESTADO DEL AGENTE &lt;&lt;
Arqueologo en aldea: 7 (ICAEDUR)
Botin: Monedas(1292) | Rubi(1534) | Anillo(1458) | Diamante(1324) | Colgante(2129)
Valor ($$) total:	$ 400735
Peso (kg) en acoplado:	360.75 Kg.
Km Recorridos:	2930
"/>
<node Id="18" Action="Ir Aragaey" Cost="-7188.11492562929" Estado_Agente="&gt;&gt; ESTADO DEL AGENTE &lt;&lt;
Arqueologo en aldea: 0 (ARAGAEY)
Botin: Monedas(1292) | Rubi(1534) | Anillo(1458) | Diamante(1324) | Colgante(2129)
Valor ($$) total:	$ 400735
Peso (kg) en acoplado:	360.75 Kg.
Km Recorridos:	2880
"/>
<node Id="19" Action="Ir Peregaey" Cost="-7228.947969107551" Estado_Agente="&gt;&gt; ESTADO DEL AGENTE &lt;&lt;
Arqueologo en aldea: 9 (PEREGAEY)
Botin: Monedas(1292) | Rubi(1534) | Anillo(1458) | Diamante(1324) | Colgante(2129)
Valor ($$) total:	$ 400735
Peso (kg) en acoplado:	360.75 Kg.
Km Recorridos:	2960
"/>
<node Id="20" Action="Ir Bresol" Cost="-7408.096743811108" Estado_Agente="&gt;&gt; ESTADO DEL AGENTE &lt;&lt;
Arqueologo en aldea: 2 (BRESOL)
Botin: Monedas(1292) | Rubi(1534) | Anillo(1458) | Diamante(1324) | Colgante(2129)
Valor ($$) total:	$ 400735
Peso (kg) en acoplado:	360.75 Kg.
Km Recorridos:	3030
"/>
<node Id="21" Action="Tomar Tesoro" Cost="-8908.096743811107" Estado_Agente="&gt;&gt; ESTADO DEL AGENTE &lt;&lt;
Arqueologo en aldea: 2 (BRESOL)
Botin: Monedas(1308) | Rubi(1538) | Anillo(1471) | Diamante(1325) | Colgante(2175)
Valor ($$) total:	$ 403705
Peso (kg) en acoplado:	364.005 Kg.
Km Recorridos:	3030
"/>
<node Id="22" Action="Ir Aragaey" Cost="-5688.11492562929" Estado_Agente="&gt;&gt; ESTADO DEL AGENTE &lt;&lt;
Arqueologo en aldea: 0 (ARAGAEY)
Botin: Monedas(1042) | Rubi(1414) | Anillo(1438) | Diamante(1174) | Colgante(1829)
Valor ($$) total:	$ 351135
Peso (kg) en acoplado:	315.95 Kg.
Km Recorridos:	2880
"/>
<node Id="23" Action="Ir Peregaey" Cost="-5728.947969107551" Estado_Agente="&gt;&gt; ESTADO DEL AGENTE &lt;&lt;
Arqueologo en aldea: 9 (PEREGAEY)
Botin: Monedas(1042) | Rubi(1414) | Anillo(1438) | Diamante(1174) | Colgante(1829)
Valor ($$) total:	$ 351135
Peso (kg) en acoplado:	315.95 Kg.
Km Recorridos:	2960
"/>
<node Id="24" Action="Ir Bresol" Cost="-5908.096743811108" Estado_Agente="&gt;&gt; ESTADO DEL AGENTE &lt;&lt;
Arqueologo en aldea: 2 (BRESOL)
Botin: Monedas(1042) | Rubi(1414) | Anillo(1438) | Diamante(1174) | Colgante(1829)
Valor ($$) total:	$ 351135
Peso (kg) en acoplado:	315.95 Kg.
Km Recorridos:	3030
"/>
<node Id="25" Action="Tomar Tesoro" Cost="-7408.096743811108" Estado_Agente="&gt;&gt; ESTADO DEL AGENTE &lt;&lt;
Arqueologo en aldea: 2 (BRESOL)
Botin: Monedas(1058) | Rubi(1418) | Anillo(1451) | Diamante(1175) | Colgante(1875)
Valor ($$) total:	$ 354105
Peso (kg) en acoplado:	319.20500000000004 Kg.
Km Recorridos:	3030
"/>
<node Id="26" Action="Tomar Tesoro" Cost="-5200.741692546584" Estado_Agente="&gt;&gt; ESTADO DEL AGENTE &lt;&lt;
Arqueologo en aldea: 3 (BULOVOE)
Botin: Monedas(1239) | Rubi(1491) | Anillo(1434) | Diamante(1291) | Colgante(2111)
Valor ($$) total:	$ 389325
Peso (kg) en acoplado:	350.84000000000003 Kg.
Km Recorridos:	2580
"/>
<node Id="27" Action="Ir Ergintone" Cost="-3973.0349256292902" Estado_Agente="&gt;&gt; ESTADO DEL AGENTE &lt;&lt;
Arqueologo en aldea: 6 (ERGINTONE)
Botin: Monedas(989) | Rubi(1371) | Anillo(1414) | Diamante(1141) | Colgante(1811)
Valor ($$) total:	$ 339725
Peso (kg) en acoplado:	306.03999999999996 Kg.
Km Recorridos:	2780
"/>
<node Id="28" Action="Ir Ergintone" Cost="-5473.034925629291" Estado_Agente="&gt;&gt; ESTADO DEL AGENTE &lt;&lt;
Arqueologo en aldea: 6 (ERGINTONE)
Botin: Monedas(1239) | Rubi(1491) | Anillo(1434) | Diamante(1291) | Colgante(2111)
Valor ($$) total:	$ 389325
Peso (kg) en acoplado:	350.84000000000003 Kg.
Km Recorridos:	2780
"/>
<node Id="29" Action="Ir Icaedur" Cost="-5608.404192546584" Estado_Agente="&gt;&gt; ESTADO DEL AGENTE &lt;&lt;
Arqueologo en aldea: 7 (ICAEDUR)
Botin: Monedas(1239) | Rubi(1491) | Anillo(1434) | Diamante(1291) | Colgante(2111)
Valor ($$) total:	$ 389325
Peso (kg) en acoplado:	350.84000000000003 Kg.
Km Recorridos:	2930
"/>
<node Id="37" Action="Ir Aragaey" Cost="-5688.114925629291" Estado_Agente="&gt;&gt; ESTADO DEL AGENTE &lt;&lt;
Arqueologo en aldea: 0 (ARAGAEY)
Botin: Monedas(1239) | Rubi(1491) | Anillo(1434) | Diamante(1291) | Colgante(2111)
Valor ($$) total:	$ 389325
Peso (kg) en acoplado:	350.84000000000003 Kg.
Km Recorridos:	2880
"/>
<node Id="38" Action="Ir Peregaey" Cost="-5728.947969107552" Estado_Agente="&gt;&gt; ESTADO DEL AGENTE &lt;&lt;
Arqueologo en aldea: 9 (PEREGAEY)
Botin: Monedas(1239) | Rubi(1491) | Anillo(1434) | Diamante(1291) | Colgante(2111)
Valor ($$) total:	$ 389325
Peso (kg) en acoplado:	350.84000000000003 Kg.
Km Recorridos:	2960
"/>
<node Id="39" Action="Ir Bresol" Cost="-5908.096743811109" Estado_Agente="&gt;&gt; ESTADO DEL AGENTE &lt;&lt;
Arqueologo en aldea: 2 (BRESOL)
Botin: Monedas(1239) | Rubi(1491) | Anillo(1434) | Diamante(1291) | Colgante(2111)
Valor ($$) total:	$ 389325
Peso (kg) en acoplado:	350.84000000000003 Kg.
Km Recorridos:	3030
"/>
<node Id="40" Action="Tomar Tesoro" Cost="-7408.096743811109" Estado_Agente="&gt;&gt; ESTADO DEL AGENTE &lt;&lt;
Arqueologo en aldea: 2 (BRESOL)
Botin: Monedas(1255) | Rubi(1495) | Anillo(1447) | Diamante(1292) | Colgante(2157)
Valor ($$) total:	$ 392295
Peso (kg) en acoplado:	354.09499999999997 Kg.
Km Recorridos:	3030
"/>
<node Id="30" Action="Tomar Tesoro" Cost="-7108.404192546584" Estado_Agente="&gt;&gt; ESTADO DEL AGENTE &lt;&lt;
Arqueologo en aldea: 7 (ICAEDUR)
Botin: Monedas(1292) | Rubi(1534) | Anillo(1458) | Diamante(1324) | Colgante(2129)
Valor ($$) total:	$ 400735
Peso (kg) en acoplado:	360.75 Kg.
Km Recorridos:	2930
"/>
<node Id="31" Action="Ir Bulovoe" Cost="-7554.16195652174" Estado_Agente="&gt;&gt; ESTADO DEL AGENTE &lt;&lt;
Arqueologo en aldea: 3 (BULOVOE)
Botin: Monedas(1292) | Rubi(1534) | Anillo(1458) | Diamante(1324) | Colgante(2129)
Valor ($$) total:	$ 400735
Peso (kg) en acoplado:	360.75 Kg.
Km Recorridos:	3280
"/>
<node Id="32" Action="Ir Ergintone" Cost="-7826.455189604447" Estado_Agente="&gt;&gt; ESTADO DEL AGENTE &lt;&lt;
Arqueologo en aldea: 6 (ERGINTONE)
Botin: Monedas(1292) | Rubi(1534) | Anillo(1458) | Diamante(1324) | Colgante(2129)
Valor ($$) total:	$ 400735
Peso (kg) en acoplado:	360.75 Kg.
Km Recorridos:	3480
"/>
<node Id="33" Action="Ir Aragaey" Cost="-8041.535189604447" Estado_Agente="&gt;&gt; ESTADO DEL AGENTE &lt;&lt;
Arqueologo en aldea: 0 (ARAGAEY)
Botin: Monedas(1292) | Rubi(1534) | Anillo(1458) | Diamante(1324) | Colgante(2129)
Valor ($$) total:	$ 400735
Peso (kg) en acoplado:	360.75 Kg.
Km Recorridos:	3580
"/>
<node Id="34" Action="Ir Peregaey" Cost="-8082.368233082708" Estado_Agente="&gt;&gt; ESTADO DEL AGENTE &lt;&lt;
Arqueologo en aldea: 9 (PEREGAEY)
Botin: Monedas(1292) | Rubi(1534) | Anillo(1458) | Diamante(1324) | Colgante(2129)
Valor ($$) total:	$ 400735
Peso (kg) en acoplado:	360.75 Kg.
Km Recorridos:	3660
"/>
<node Id="35" Action="Ir Bresol" Cost="-8261.517007786266" Estado_Agente="&gt;&gt; ESTADO DEL AGENTE &lt;&lt;
Arqueologo en aldea: 2 (BRESOL)
Botin: Monedas(1292) | Rubi(1534) | Anillo(1458) | Diamante(1324) | Colgante(2129)
Valor ($$) total:	$ 400735
Peso (kg) en acoplado:	360.75 Kg.
Km Recorridos:	3730
"/>
<node Id="36" Action="Tomar Tesoro" Cost="-9761.517007786266" Estado_Agente="&gt;&gt; ESTADO DEL AGENTE &lt;&lt;
Arqueologo en aldea: 2 (BRESOL)
Botin: Monedas(1308) | Rubi(1538) | Anillo(1471) | Diamante(1325) | Colgante(2175)
Valor ($$) total:	$ 403705
Peso (kg) en acoplado:	364.005 Kg.
Km Recorridos:	3730
"/>
<node Id="41" Action="Ir Aragaey" Cost="-4188.11492562929" Estado_Agente="&gt;&gt; ESTADO DEL AGENTE &lt;&lt;
Arqueologo en aldea: 0 (ARAGAEY)
Botin: Monedas(989) | Rubi(1371) | Anillo(1414) | Diamante(1141) | Colgante(1811)
Valor ($$) total:	$ 339725
Peso (kg) en acoplado:	306.03999999999996 Kg.
Km Recorridos:	2880
"/>
<node Id="42" Action="Ir Peregaey" Cost="-4228.947969107551" Estado_Agente="&gt;&gt; ESTADO DEL AGENTE &lt;&lt;
Arqueologo en aldea: 9 (PEREGAEY)
Botin: Monedas(989) | Rubi(1371) | Anillo(1414) | Diamante(1141) | Colgante(1811)
Valor ($$) total:	$ 339725
Peso (kg) en acoplado:	306.03999999999996 Kg.
Km Recorridos:	2960
"/>
<node Id="43" Action="Ir Bresol" Cost="-4408.096743811108" Estado_Agente="&gt;&gt; ESTADO DEL AGENTE &lt;&lt;
Arqueologo en aldea: 2 (BRESOL)
Botin: Monedas(989) | Rubi(1371) | Anillo(1414) | Diamante(1141) | Colgante(1811)
Valor ($$) total:	$ 339725
Peso (kg) en acoplado:	306.03999999999996 Kg.
Km Recorridos:	3030
"/>
<node Id="44" Action="Tomar Tesoro" Cost="-5908.096743811108" Estado_Agente="&gt;&gt; ESTADO DEL AGENTE &lt;&lt;
Arqueologo en aldea: 2 (BRESOL)
Botin: Monedas(1005) | Rubi(1375) | Anillo(1427) | Diamante(1142) | Colgante(1857)
Valor ($$) total:	$ 342695
Peso (kg) en acoplado:	309.295 Kg.
Km Recorridos:	3030
"/>
<edge source="0" target="1"/>
<edge source="1" target="2"/>
<edge source="1" target="3"/>
<edge source="2" target="4"/>
<edge source="2" target="5"/>
<edge source="4" target="6"/>
<edge source="6" target="7"/>
<edge source="7" target="8"/>
<edge source="7" target="9"/>
<edge source="7" target="10"/>
<edge source="8" target="46"/>
<edge source="8" target="47"/>
<edge source="9" target="45"/>
<edge source="10" target="11"/>
<edge source="10" target="12"/>
<edge source="46" target="48"/>
<edge source="47" target="60"/>
<edge source="48" target="49"/>
<edge source="49" target="50"/>
<edge source="50" target="51"/>
<edge source="50" target="52"/>
<edge source="51" target="53"/>
<edge source="52" target="56"/>
<edge source="53" target="54"/>
<edge source="54" target="55"/>
<edge source="56" target="57"/>
<edge source="57" target="58"/>
<edge source="58" target="59"/>
<edge source="60" target="61"/>
<edge source="61" target="62"/>
<edge source="61" target="63"/>
<edge source="62" target="64"/>
<edge source="63" target="67"/>
<edge source="64" target="65"/>
<edge source="65" target="66"/>
<edge source="67" target="68"/>
<edge source="68" target="69"/>
<edge source="69" target="70"/>
<edge source="11" target="13"/>
<edge source="12" target="26"/>
<edge source="12" target="27"/>
<edge source="13" target="14"/>
<edge source="13" target="15"/>
<edge source="14" target="16"/>
<edge source="14" target="17"/>
<edge source="15" target="22"/>
<edge source="15" target="23"/>
<edge source="16" target="18"/>
<edge source="16" target="19"/>
<edge source="18" target="20"/>
<edge source="20" target="21"/>
<edge source="22" target="24"/>
<edge source="24" target="25"/>
<edge source="26" target="28"/>
<edge source="26" target="29"/>
<edge source="27" target="41"/>
<edge source="27" target="42"/>
<edge source="28" target="37"/>
<edge source="28" target="38"/>
<edge source="29" target="30"/>
<edge source="37" target="39"/>
<edge source="39" target="40"/>
<edge source="30" target="31"/>
<edge source="31" target="32"/>
<edge source="32" target="33"/>
<edge source="32" target="34"/>
<edge source="33" target="35"/>
<edge source="35" target="36"/>
<edge source="41" target="43"/>
<edge source="43" target="44"/>
</tree>
