<tree id="12" edgedefault="directed">
<node Id="0" Action="null" Cost="0.0" Estado_Agente="&gt;&gt; ESTADO DEL AGENTE &lt;&lt;
Arqueologo en aldea: 5 (CENEDE)
Botin: Monedas(989) | Rubi(1371) | Anillo(1414) | Diamante(1141) | Colgante(1811)
Valor ($$) total:	$ 339725
Peso (kg) en acoplado:	306.03999999999996 Kg.
Km Recorridos:	1430
"/>
<node Id="1" Action="Tomar Tesoro" Cost="-1500.0" Estado_Agente="&gt;&gt; ESTADO DEL AGENTE &lt;&lt;
Arqueologo en aldea: 5 (CENEDE)
Botin: Monedas(989) | Rubi(1371) | Anillo(1414) | Diamante(1141) | Colgante(1811)
Valor ($$) total:	$ 339725
Peso (kg) en acoplado:	306.03999999999996 Kg.
Km Recorridos:	1430
"/>
<node Id="2" Action="Ir Ase" Cost="-488.0" Estado_Agente="&gt;&gt; ESTADO DEL AGENTE &lt;&lt;
Arqueologo en aldea: 1 (ASE)
Botin: Monedas(920) | Rubi(1370) | Anillo(1370) | Diamante(1130) | Colgante(1760)
Valor ($$) total:	$ 329700
Peso (kg) en acoplado:	295.35 Kg.
Km Recorridos:	1630
"/>
<node Id="3" Action="Terminar" Cost="0.0" Estado_Agente="&gt;&gt; ESTADO DEL AGENTE &lt;&lt;
Arqueologo en aldea: 11 (CEDENE ~FIN~)
Botin: Monedas(920) | Rubi(1370) | Anillo(1370) | Diamante(1130) | Colgante(1760)
Valor ($$) total:	$ 329700
Peso (kg) en acoplado:	295.35 Kg.
Km Recorridos:	1430
"/>
<node Id="4" Action="Ir Ase" Cost="-1988.0" Estado_Agente="&gt;&gt; ESTADO DEL AGENTE &lt;&lt;
Arqueologo en aldea: 1 (ASE)
Botin: Monedas(989) | Rubi(1371) | Anillo(1414) | Diamante(1141) | Colgante(1811)
Valor ($$) total:	$ 339725
Peso (kg) en acoplado:	306.03999999999996 Kg.
Km Recorridos:	1630
"/>
<node Id="5" Action="Terminar" Cost="-1500.0" Estado_Agente="&gt;&gt; ESTADO DEL AGENTE &lt;&lt;
Arqueologo en aldea: 11 (CEDENE ~FIN~)
Botin: Monedas(989) | Rubi(1371) | Anillo(1414) | Diamante(1141) | Colgante(1811)
Valor ($$) total:	$ 339725
Peso (kg) en acoplado:	306.03999999999996 Kg.
Km Recorridos:	1430
"/>
<node Id="6" Action="Ir Mixocu" Cost="-2428.125" Estado_Agente="&gt;&gt; ESTADO DEL AGENTE &lt;&lt;
Arqueologo en aldea: 8 (MIXOCU)
Botin: Monedas(989) | Rubi(1371) | Anillo(1414) | Diamante(1141) | Colgante(1811)
Valor ($$) total:	$ 339725
Peso (kg) en acoplado:	306.03999999999996 Kg.
Km Recorridos:	1830
"/>
<node Id="7" Action="Ir Vinizaile" Cost="-2715.6964285714284" Estado_Agente="&gt;&gt; ESTADO DEL AGENTE &lt;&lt;
Arqueologo en aldea: 10 (VINIZAILE)
Botin: Monedas(989) | Rubi(1371) | Anillo(1414) | Diamante(1141) | Colgante(1811)
Valor ($$) total:	$ 339725
Peso (kg) en acoplado:	306.03999999999996 Kg.
Km Recorridos:	2130
"/>
<node Id="8" Action="Ir Bresol" Cost="-2923.3032467532466" Estado_Agente="&gt;&gt; ESTADO DEL AGENTE &lt;&lt;
Arqueologo en aldea: 2 (BRESOL)
Botin: Monedas(989) | Rubi(1371) | Anillo(1414) | Diamante(1141) | Colgante(1811)
Valor ($$) total:	$ 339725
Peso (kg) en acoplado:	306.03999999999996 Kg.
Km Recorridos:	2530
"/>
<node Id="9" Action="Ir Cabe" Cost="-3188.6964285714284" Estado_Agente="&gt;&gt; ESTADO DEL AGENTE &lt;&lt;
Arqueologo en aldea: 4 (CABE)
Botin: Monedas(989) | Rubi(1371) | Anillo(1414) | Diamante(1141) | Colgante(1811)
Valor ($$) total:	$ 339725
Peso (kg) en acoplado:	306.03999999999996 Kg.
Km Recorridos:	2330
"/>
<node Id="10" Action="Ir Icaedur" Cost="-3204.8589285714284" Estado_Agente="&gt;&gt; ESTADO DEL AGENTE &lt;&lt;
Arqueologo en aldea: 7 (ICAEDUR)
Botin: Monedas(989) | Rubi(1371) | Anillo(1414) | Diamante(1141) | Colgante(1811)
Valor ($$) total:	$ 339725
Peso (kg) en acoplado:	306.03999999999996 Kg.
Km Recorridos:	2230
"/>
<node Id="46" Action="Tomar Tesoro" Cost="-4423.303246753247" Estado_Agente="&gt;&gt; ESTADO DEL AGENTE &lt;&lt;
Arqueologo en aldea: 2 (BRESOL)
Botin: Monedas(1005) | Rubi(1375) | Anillo(1427) | Diamante(1142) | Colgante(1857)
Valor ($$) total:	$ 342695
Peso (kg) en acoplado:	309.295 Kg.
Km Recorridos:	2530
"/>
<node Id="47" Action="Ir Aragaey" Cost="-3138.3832467532466" Estado_Agente="&gt;&gt; ESTADO DEL AGENTE &lt;&lt;
Arqueologo en aldea: 0 (ARAGAEY)
Botin: Monedas(989) | Rubi(1371) | Anillo(1414) | Diamante(1141) | Colgante(1811)
Valor ($$) total:	$ 339725
Peso (kg) en acoplado:	306.03999999999996 Kg.
Km Recorridos:	2680
"/>
<node Id="48" Action="Ir Aragaey" Cost="-4638.383246753247" Estado_Agente="&gt;&gt; ESTADO DEL AGENTE &lt;&lt;
Arqueologo en aldea: 0 (ARAGAEY)
Botin: Monedas(1005) | Rubi(1375) | Anillo(1427) | Diamante(1142) | Colgante(1857)
Valor ($$) total:	$ 342695
Peso (kg) en acoplado:	309.295 Kg.
Km Recorridos:	2680
"/>
<node Id="49" Action="Ir Ergintone" Cost="-4910.676479835954" Estado_Agente="&gt;&gt; ESTADO DEL AGENTE &lt;&lt;
Arqueologo en aldea: 6 (ERGINTONE)
Botin: Monedas(1005) | Rubi(1375) | Anillo(1427) | Diamante(1142) | Colgante(1857)
Valor ($$) total:	$ 342695
Peso (kg) en acoplado:	309.295 Kg.
Km Recorridos:	2780
"/>
<node Id="50" Action="Ir Bulovoe" Cost="-5292.419958096823" Estado_Agente="&gt;&gt; ESTADO DEL AGENTE &lt;&lt;
Arqueologo en aldea: 3 (BULOVOE)
Botin: Monedas(1005) | Rubi(1375) | Anillo(1427) | Diamante(1142) | Colgante(1857)
Valor ($$) total:	$ 342695
Peso (kg) en acoplado:	309.295 Kg.
Km Recorridos:	2980
"/>
<node Id="51" Action="Tomar Tesoro" Cost="-6792.419958096823" Estado_Agente="&gt;&gt; ESTADO DEL AGENTE &lt;&lt;
Arqueologo en aldea: 3 (BULOVOE)
Botin: Monedas(1063) | Rubi(1475) | Anillo(1443) | Diamante(1144) | Colgante(2129)
Valor ($$) total:	$ 358235
Peso (kg) en acoplado:	323.39500000000004 Kg.
Km Recorridos:	2980
"/>
<node Id="52" Action="Ir Icaedur" Cost="-5700.082458096824" Estado_Agente="&gt;&gt; ESTADO DEL AGENTE &lt;&lt;
Arqueologo en aldea: 7 (ICAEDUR)
Botin: Monedas(1005) | Rubi(1375) | Anillo(1427) | Diamante(1142) | Colgante(1857)
Valor ($$) total:	$ 342695
Peso (kg) en acoplado:	309.295 Kg.
Km Recorridos:	3330
"/>
<node Id="53" Action="Ir Icaedur" Cost="-7200.082458096824" Estado_Agente="&gt;&gt; ESTADO DEL AGENTE &lt;&lt;
Arqueologo en aldea: 7 (ICAEDUR)
Botin: Monedas(1063) | Rubi(1475) | Anillo(1443) | Diamante(1144) | Colgante(2129)
Valor ($$) total:	$ 358235
Peso (kg) en acoplado:	323.39500000000004 Kg.
Km Recorridos:	3330
"/>
<node Id="54" Action="Tomar Tesoro" Cost="-8700.082458096824" Estado_Agente="&gt;&gt; ESTADO DEL AGENTE &lt;&lt;
Arqueologo en aldea: 7 (ICAEDUR)
Botin: Monedas(1116) | Rubi(1518) | Anillo(1467) | Diamante(1177) | Colgante(2147)
Valor ($$) total:	$ 369645
Peso (kg) en acoplado:	333.305 Kg.
Km Recorridos:	3330
"/>
<node Id="55" Action="Ir Bulovoe" Cost="-9048.525936357693" Estado_Agente="&gt;&gt; ESTADO DEL AGENTE &lt;&lt;
Arqueologo en aldea: 3 (BULOVOE)
Botin: Monedas(1116) | Rubi(1518) | Anillo(1467) | Diamante(1177) | Colgante(2147)
Valor ($$) total:	$ 369645
Peso (kg) en acoplado:	333.305 Kg.
Km Recorridos:	3680
"/>
<node Id="56" Action="Tomar Tesoro" Cost="-7200.082458096824" Estado_Agente="&gt;&gt; ESTADO DEL AGENTE &lt;&lt;
Arqueologo en aldea: 7 (ICAEDUR)
Botin: Monedas(1058) | Rubi(1418) | Anillo(1451) | Diamante(1175) | Colgante(1875)
Valor ($$) total:	$ 354105
Peso (kg) en acoplado:	319.20500000000004 Kg.
Km Recorridos:	3330
"/>
<node Id="57" Action="Ir Bulovoe" Cost="-7548.525936357693" Estado_Agente="&gt;&gt; ESTADO DEL AGENTE &lt;&lt;
Arqueologo en aldea: 3 (BULOVOE)
Botin: Monedas(1058) | Rubi(1418) | Anillo(1451) | Diamante(1175) | Colgante(1875)
Valor ($$) total:	$ 354105
Peso (kg) en acoplado:	319.20500000000004 Kg.
Km Recorridos:	3680
"/>
<node Id="58" Action="Tomar Tesoro" Cost="-9048.525936357693" Estado_Agente="&gt;&gt; ESTADO DEL AGENTE &lt;&lt;
Arqueologo en aldea: 3 (BULOVOE)
Botin: Monedas(1116) | Rubi(1518) | Anillo(1467) | Diamante(1177) | Colgante(2147)
Valor ($$) total:	$ 369645
Peso (kg) en acoplado:	333.305 Kg.
Km Recorridos:	3680
"/>
<node Id="59" Action="Ir Icaedur" Cost="-9456.188436357694" Estado_Agente="&gt;&gt; ESTADO DEL AGENTE &lt;&lt;
Arqueologo en aldea: 7 (ICAEDUR)
Botin: Monedas(1116) | Rubi(1518) | Anillo(1467) | Diamante(1177) | Colgante(2147)
Valor ($$) total:	$ 369645
Peso (kg) en acoplado:	333.305 Kg.
Km Recorridos:	4030
"/>
<node Id="60" Action="Ir Ergintone" Cost="-3410.676479835953" Estado_Agente="&gt;&gt; ESTADO DEL AGENTE &lt;&lt;
Arqueologo en aldea: 6 (ERGINTONE)
Botin: Monedas(989) | Rubi(1371) | Anillo(1414) | Diamante(1141) | Colgante(1811)
Valor ($$) total:	$ 339725
Peso (kg) en acoplado:	306.03999999999996 Kg.
Km Recorridos:	2780
"/>
<node Id="61" Action="Ir Bulovoe" Cost="-3792.4199580968225" Estado_Agente="&gt;&gt; ESTADO DEL AGENTE &lt;&lt;
Arqueologo en aldea: 3 (BULOVOE)
Botin: Monedas(989) | Rubi(1371) | Anillo(1414) | Diamante(1141) | Colgante(1811)
Valor ($$) total:	$ 339725
Peso (kg) en acoplado:	306.03999999999996 Kg.
Km Recorridos:	2980
"/>
<node Id="62" Action="Tomar Tesoro" Cost="-5292.4199580968225" Estado_Agente="&gt;&gt; ESTADO DEL AGENTE &lt;&lt;
Arqueologo en aldea: 3 (BULOVOE)
Botin: Monedas(1047) | Rubi(1471) | Anillo(1430) | Diamante(1143) | Colgante(2083)
Valor ($$) total:	$ 355265
Peso (kg) en acoplado:	320.14000000000004 Kg.
Km Recorridos:	2980
"/>
<node Id="63" Action="Ir Icaedur" Cost="-4200.082458096822" Estado_Agente="&gt;&gt; ESTADO DEL AGENTE &lt;&lt;
Arqueologo en aldea: 7 (ICAEDUR)
Botin: Monedas(989) | Rubi(1371) | Anillo(1414) | Diamante(1141) | Colgante(1811)
Valor ($$) total:	$ 339725
Peso (kg) en acoplado:	306.03999999999996 Kg.
Km Recorridos:	3330
"/>
<node Id="64" Action="Ir Icaedur" Cost="-5700.082458096823" Estado_Agente="&gt;&gt; ESTADO DEL AGENTE &lt;&lt;
Arqueologo en aldea: 7 (ICAEDUR)
Botin: Monedas(1047) | Rubi(1471) | Anillo(1430) | Diamante(1143) | Colgante(2083)
Valor ($$) total:	$ 355265
Peso (kg) en acoplado:	320.14000000000004 Kg.
Km Recorridos:	3330
"/>
<node Id="65" Action="Tomar Tesoro" Cost="-7200.082458096823" Estado_Agente="&gt;&gt; ESTADO DEL AGENTE &lt;&lt;
Arqueologo en aldea: 7 (ICAEDUR)
Botin: Monedas(1100) | Rubi(1514) | Anillo(1454) | Diamante(1176) | Colgante(2101)
Valor ($$) total:	$ 366675
Peso (kg) en acoplado:	330.04999999999995 Kg.
Km Recorridos:	3330
"/>
<node Id="66" Action="Ir Bulovoe" Cost="-7548.525936357692" Estado_Agente="&gt;&gt; ESTADO DEL AGENTE &lt;&lt;
Arqueologo en aldea: 3 (BULOVOE)
Botin: Monedas(1100) | Rubi(1514) | Anillo(1454) | Diamante(1176) | Colgante(2101)
Valor ($$) total:	$ 366675
Peso (kg) en acoplado:	330.04999999999995 Kg.
Km Recorridos:	3680
"/>
<node Id="67" Action="Tomar Tesoro" Cost="-5700.082458096822" Estado_Agente="&gt;&gt; ESTADO DEL AGENTE &lt;&lt;
Arqueologo en aldea: 7 (ICAEDUR)
Botin: Monedas(1042) | Rubi(1414) | Anillo(1438) | Diamante(1174) | Colgante(1829)
Valor ($$) total:	$ 351135
Peso (kg) en acoplado:	315.95 Kg.
Km Recorridos:	3330
"/>
<node Id="68" Action="Ir Bulovoe" Cost="-6048.5259363576915" Estado_Agente="&gt;&gt; ESTADO DEL AGENTE &lt;&lt;
Arqueologo en aldea: 3 (BULOVOE)
Botin: Monedas(1042) | Rubi(1414) | Anillo(1438) | Diamante(1174) | Colgante(1829)
Valor ($$) total:	$ 351135
Peso (kg) en acoplado:	315.95 Kg.
Km Recorridos:	3680
"/>
<node Id="69" Action="Tomar Tesoro" Cost="-7548.5259363576915" Estado_Agente="&gt;&gt; ESTADO DEL AGENTE &lt;&lt;
Arqueologo en aldea: 3 (BULOVOE)
Botin: Monedas(1100) | Rubi(1514) | Anillo(1454) | Diamante(1176) | Colgante(2101)
Valor ($$) total:	$ 366675
Peso (kg) en acoplado:	330.04999999999995 Kg.
Km Recorridos:	3680
"/>
<node Id="70" Action="Ir Icaedur" Cost="-7956.188436357692" Estado_Agente="&gt;&gt; ESTADO DEL AGENTE &lt;&lt;
Arqueologo en aldea: 7 (ICAEDUR)
Botin: Monedas(1100) | Rubi(1514) | Anillo(1454) | Diamante(1176) | Colgante(2101)
Valor ($$) total:	$ 366675
Peso (kg) en acoplado:	330.04999999999995 Kg.
Km Recorridos:	4030
"/>
<node Id="45" Action="Tomar Tesoro" Cost="-4688.696428571428" Estado_Agente="&gt;&gt; ESTADO DEL AGENTE &lt;&lt;
Arqueologo en aldea: 4 (CABE)
Botin: Monedas(1149) | Rubi(1621) | Anillo(1584) | Diamante(1201) | Colgante(1931)
Valor ($$) total:	$ 380525
Peso (kg) en acoplado:	341.29 Kg.
Km Recorridos:	2330
"/>
<node Id="11" Action="Tomar Tesoro" Cost="-4704.858928571428" Estado_Agente="&gt;&gt; ESTADO DEL AGENTE &lt;&lt;
Arqueologo en aldea: 7 (ICAEDUR)
Botin: Monedas(1042) | Rubi(1414) | Anillo(1438) | Diamante(1174) | Colgante(1829)
Valor ($$) total:	$ 351135
Peso (kg) en acoplado:	315.95 Kg.
Km Recorridos:	2230
"/>
<node Id="12" Action="Ir Bulovoe" Cost="-3553.302406832298" Estado_Agente="&gt;&gt; ESTADO DEL AGENTE &lt;&lt;
Arqueologo en aldea: 3 (BULOVOE)
Botin: Monedas(989) | Rubi(1371) | Anillo(1414) | Diamante(1141) | Colgante(1811)
Valor ($$) total:	$ 339725
Peso (kg) en acoplado:	306.03999999999996 Kg.
Km Recorridos:	2580
"/>
<node Id="13" Action="Ir Bulovoe" Cost="-5053.3024068322975" Estado_Agente="&gt;&gt; ESTADO DEL AGENTE &lt;&lt;
Arqueologo en aldea: 3 (BULOVOE)
Botin: Monedas(1042) | Rubi(1414) | Anillo(1438) | Diamante(1174) | Colgante(1829)
Valor ($$) total:	$ 351135
Peso (kg) en acoplado:	315.95 Kg.
Km Recorridos:	2580
"/>
<node Id="14" Action="Tomar Tesoro" Cost="-6553.3024068322975" Estado_Agente="&gt;&gt; ESTADO DEL AGENTE &lt;&lt;
Arqueologo en aldea: 3 (BULOVOE)
Botin: Monedas(1100) | Rubi(1514) | Anillo(1454) | Diamante(1176) | Colgante(2101)
Valor ($$) total:	$ 366675
Peso (kg) en acoplado:	330.04999999999995 Kg.
Km Recorridos:	2580
"/>
<node Id="15" Action="Ir Ergintone" Cost="-5325.5956399150045" Estado_Agente="&gt;&gt; ESTADO DEL AGENTE &lt;&lt;
Arqueologo en aldea: 6 (ERGINTONE)
Botin: Monedas(1042) | Rubi(1414) | Anillo(1438) | Diamante(1174) | Colgante(1829)
Valor ($$) total:	$ 351135
Peso (kg) en acoplado:	315.95 Kg.
Km Recorridos:	2780
"/>
<node Id="16" Action="Ir Ergintone" Cost="-6825.5956399150045" Estado_Agente="&gt;&gt; ESTADO DEL AGENTE &lt;&lt;
Arqueologo en aldea: 6 (ERGINTONE)
Botin: Monedas(1100) | Rubi(1514) | Anillo(1454) | Diamante(1176) | Colgante(2101)
Valor ($$) total:	$ 366675
Peso (kg) en acoplado:	330.04999999999995 Kg.
Km Recorridos:	2780
"/>
<node Id="17" Action="Ir Icaedur" Cost="-6960.964906832298" Estado_Agente="&gt;&gt; ESTADO DEL AGENTE &lt;&lt;
Arqueologo en aldea: 7 (ICAEDUR)
Botin: Monedas(1100) | Rubi(1514) | Anillo(1454) | Diamante(1176) | Colgante(2101)
Valor ($$) total:	$ 366675
Peso (kg) en acoplado:	330.04999999999995 Kg.
Km Recorridos:	2930
"/>
<node Id="18" Action="Ir Aragaey" Cost="-7040.6756399150045" Estado_Agente="&gt;&gt; ESTADO DEL AGENTE &lt;&lt;
Arqueologo en aldea: 0 (ARAGAEY)
Botin: Monedas(1100) | Rubi(1514) | Anillo(1454) | Diamante(1176) | Colgante(2101)
Valor ($$) total:	$ 366675
Peso (kg) en acoplado:	330.04999999999995 Kg.
Km Recorridos:	2880
"/>
<node Id="19" Action="Ir Peregaey" Cost="-7081.5086833932655" Estado_Agente="&gt;&gt; ESTADO DEL AGENTE &lt;&lt;
Arqueologo en aldea: 9 (PEREGAEY)
Botin: Monedas(1100) | Rubi(1514) | Anillo(1454) | Diamante(1176) | Colgante(2101)
Valor ($$) total:	$ 366675
Peso (kg) en acoplado:	330.04999999999995 Kg.
Km Recorridos:	2960
"/>
<node Id="20" Action="Ir Bresol" Cost="-7260.657458096823" Estado_Agente="&gt;&gt; ESTADO DEL AGENTE &lt;&lt;
Arqueologo en aldea: 2 (BRESOL)
Botin: Monedas(1100) | Rubi(1514) | Anillo(1454) | Diamante(1176) | Colgante(2101)
Valor ($$) total:	$ 366675
Peso (kg) en acoplado:	330.04999999999995 Kg.
Km Recorridos:	3030
"/>
<node Id="21" Action="Tomar Tesoro" Cost="-8760.657458096823" Estado_Agente="&gt;&gt; ESTADO DEL AGENTE &lt;&lt;
Arqueologo en aldea: 2 (BRESOL)
Botin: Monedas(1116) | Rubi(1518) | Anillo(1467) | Diamante(1177) | Colgante(2147)
Valor ($$) total:	$ 369645
Peso (kg) en acoplado:	333.305 Kg.
Km Recorridos:	3030
"/>
<node Id="22" Action="Ir Aragaey" Cost="-5540.6756399150045" Estado_Agente="&gt;&gt; ESTADO DEL AGENTE &lt;&lt;
Arqueologo en aldea: 0 (ARAGAEY)
Botin: Monedas(1042) | Rubi(1414) | Anillo(1438) | Diamante(1174) | Colgante(1829)
Valor ($$) total:	$ 351135
Peso (kg) en acoplado:	315.95 Kg.
Km Recorridos:	2880
"/>
<node Id="23" Action="Ir Peregaey" Cost="-5581.5086833932655" Estado_Agente="&gt;&gt; ESTADO DEL AGENTE &lt;&lt;
Arqueologo en aldea: 9 (PEREGAEY)
Botin: Monedas(1042) | Rubi(1414) | Anillo(1438) | Diamante(1174) | Colgante(1829)
Valor ($$) total:	$ 351135
Peso (kg) en acoplado:	315.95 Kg.
Km Recorridos:	2960
"/>
<node Id="24" Action="Ir Bresol" Cost="-5760.657458096823" Estado_Agente="&gt;&gt; ESTADO DEL AGENTE &lt;&lt;
Arqueologo en aldea: 2 (BRESOL)
Botin: Monedas(1042) | Rubi(1414) | Anillo(1438) | Diamante(1174) | Colgante(1829)
Valor ($$) total:	$ 351135
Peso (kg) en acoplado:	315.95 Kg.
Km Recorridos:	3030
"/>
<node Id="25" Action="Tomar Tesoro" Cost="-7260.657458096823" Estado_Agente="&gt;&gt; ESTADO DEL AGENTE &lt;&lt;
Arqueologo en aldea: 2 (BRESOL)
Botin: Monedas(1058) | Rubi(1418) | Anillo(1451) | Diamante(1175) | Colgante(1875)
Valor ($$) total:	$ 354105
Peso (kg) en acoplado:	319.20500000000004 Kg.
Km Recorridos:	3030
"/>
<node Id="26" Action="Tomar Tesoro" Cost="-5053.3024068322975" Estado_Agente="&gt;&gt; ESTADO DEL AGENTE &lt;&lt;
Arqueologo en aldea: 3 (BULOVOE)
Botin: Monedas(1047) | Rubi(1471) | Anillo(1430) | Diamante(1143) | Colgante(2083)
Valor ($$) total:	$ 355265
Peso (kg) en acoplado:	320.14000000000004 Kg.
Km Recorridos:	2580
"/>
<node Id="27" Action="Ir Ergintone" Cost="-3825.5956399150045" Estado_Agente="&gt;&gt; ESTADO DEL AGENTE &lt;&lt;
Arqueologo en aldea: 6 (ERGINTONE)
Botin: Monedas(989) | Rubi(1371) | Anillo(1414) | Diamante(1141) | Colgante(1811)
Valor ($$) total:	$ 339725
Peso (kg) en acoplado:	306.03999999999996 Kg.
Km Recorridos:	2780
"/>
<node Id="28" Action="Ir Ergintone" Cost="-5325.5956399150045" Estado_Agente="&gt;&gt; ESTADO DEL AGENTE &lt;&lt;
Arqueologo en aldea: 6 (ERGINTONE)
Botin: Monedas(1047) | Rubi(1471) | Anillo(1430) | Diamante(1143) | Colgante(2083)
Valor ($$) total:	$ 355265
Peso (kg) en acoplado:	320.14000000000004 Kg.
Km Recorridos:	2780
"/>
<node Id="29" Action="Ir Icaedur" Cost="-5460.964906832298" Estado_Agente="&gt;&gt; ESTADO DEL AGENTE &lt;&lt;
Arqueologo en aldea: 7 (ICAEDUR)
Botin: Monedas(1047) | Rubi(1471) | Anillo(1430) | Diamante(1143) | Colgante(2083)
Valor ($$) total:	$ 355265
Peso (kg) en acoplado:	320.14000000000004 Kg.
Km Recorridos:	2930
"/>
<node Id="37" Action="Ir Aragaey" Cost="-5540.6756399150045" Estado_Agente="&gt;&gt; ESTADO DEL AGENTE &lt;&lt;
Arqueologo en aldea: 0 (ARAGAEY)
Botin: Monedas(1047) | Rubi(1471) | Anillo(1430) | Diamante(1143) | Colgante(2083)
Valor ($$) total:	$ 355265
Peso (kg) en acoplado:	320.14000000000004 Kg.
Km Recorridos:	2880
"/>
<node Id="38" Action="Ir Peregaey" Cost="-5581.5086833932655" Estado_Agente="&gt;&gt; ESTADO DEL AGENTE &lt;&lt;
Arqueologo en aldea: 9 (PEREGAEY)
Botin: Monedas(1047) | Rubi(1471) | Anillo(1430) | Diamante(1143) | Colgante(2083)
Valor ($$) total:	$ 355265
Peso (kg) en acoplado:	320.14000000000004 Kg.
Km Recorridos:	2960
"/>
<node Id="39" Action="Ir Bresol" Cost="-5760.657458096823" Estado_Agente="&gt;&gt; ESTADO DEL AGENTE &lt;&lt;
Arqueologo en aldea: 2 (BRESOL)
Botin: Monedas(1047) | Rubi(1471) | Anillo(1430) | Diamante(1143) | Colgante(2083)
Valor ($$) total:	$ 355265
Peso (kg) en acoplado:	320.14000000000004 Kg.
Km Recorridos:	3030
"/>
<node Id="40" Action="Tomar Tesoro" Cost="-7260.657458096823" Estado_Agente="&gt;&gt; ESTADO DEL AGENTE &lt;&lt;
Arqueologo en aldea: 2 (BRESOL)
Botin: Monedas(1063) | Rubi(1475) | Anillo(1443) | Diamante(1144) | Colgante(2129)
Valor ($$) total:	$ 358235
Peso (kg) en acoplado:	323.39500000000004 Kg.
Km Recorridos:	3030
"/>
<node Id="30" Action="Tomar Tesoro" Cost="-6960.964906832298" Estado_Agente="&gt;&gt; ESTADO DEL AGENTE &lt;&lt;
Arqueologo en aldea: 7 (ICAEDUR)
Botin: Monedas(1100) | Rubi(1514) | Anillo(1454) | Diamante(1176) | Colgante(2101)
Valor ($$) total:	$ 366675
Peso (kg) en acoplado:	330.04999999999995 Kg.
Km Recorridos:	2930
"/>
<node Id="31" Action="Ir Bulovoe" Cost="-7309.408385093167" Estado_Agente="&gt;&gt; ESTADO DEL AGENTE &lt;&lt;
Arqueologo en aldea: 3 (BULOVOE)
Botin: Monedas(1100) | Rubi(1514) | Anillo(1454) | Diamante(1176) | Colgante(2101)
Valor ($$) total:	$ 366675
Peso (kg) en acoplado:	330.04999999999995 Kg.
Km Recorridos:	3280
"/>
<node Id="32" Action="Ir Ergintone" Cost="-7581.7016181758745" Estado_Agente="&gt;&gt; ESTADO DEL AGENTE &lt;&lt;
Arqueologo en aldea: 6 (ERGINTONE)
Botin: Monedas(1100) | Rubi(1514) | Anillo(1454) | Diamante(1176) | Colgante(2101)
Valor ($$) total:	$ 366675
Peso (kg) en acoplado:	330.04999999999995 Kg.
Km Recorridos:	3480
"/>
<node Id="33" Action="Ir Aragaey" Cost="-7796.781618175874" Estado_Agente="&gt;&gt; ESTADO DEL AGENTE &lt;&lt;
Arqueologo en aldea: 0 (ARAGAEY)
Botin: Monedas(1100) | Rubi(1514) | Anillo(1454) | Diamante(1176) | Colgante(2101)
Valor ($$) total:	$ 366675
Peso (kg) en acoplado:	330.04999999999995 Kg.
Km Recorridos:	3580
"/>
<node Id="34" Action="Ir Peregaey" Cost="-7837.6146616541355" Estado_Agente="&gt;&gt; ESTADO DEL AGENTE &lt;&lt;
Arqueologo en aldea: 9 (PEREGAEY)
Botin: Monedas(1100) | Rubi(1514) | Anillo(1454) | Diamante(1176) | Colgante(2101)
Valor ($$) total:	$ 366675
Peso (kg) en acoplado:	330.04999999999995 Kg.
Km Recorridos:	3660
"/>
<node Id="35" Action="Ir Bresol" Cost="-8016.763436357693" Estado_Agente="&gt;&gt; ESTADO DEL AGENTE &lt;&lt;
Arqueologo en aldea: 2 (BRESOL)
Botin: Monedas(1100) | Rubi(1514) | Anillo(1454) | Diamante(1176) | Colgante(2101)
Valor ($$) total:	$ 366675
Peso (kg) en acoplado:	330.04999999999995 Kg.
Km Recorridos:	3730
"/>
<node Id="36" Action="Tomar Tesoro" Cost="-9516.763436357693" Estado_Agente="&gt;&gt; ESTADO DEL AGENTE &lt;&lt;
Arqueologo en aldea: 2 (BRESOL)
Botin: Monedas(1116) | Rubi(1518) | Anillo(1467) | Diamante(1177) | Colgante(2147)
Valor ($$) total:	$ 369645
Peso (kg) en acoplado:	333.305 Kg.
Km Recorridos:	3730
"/>
<node Id="41" Action="Ir Aragaey" Cost="-4040.6756399150045" Estado_Agente="&gt;&gt; ESTADO DEL AGENTE &lt;&lt;
Arqueologo en aldea: 0 (ARAGAEY)
Botin: Monedas(989) | Rubi(1371) | Anillo(1414) | Diamante(1141) | Colgante(1811)
Valor ($$) total:	$ 339725
Peso (kg) en acoplado:	306.03999999999996 Kg.
Km Recorridos:	2880
"/>
<node Id="42" Action="Ir Peregaey" Cost="-4081.5086833932655" Estado_Agente="&gt;&gt; ESTADO DEL AGENTE &lt;&lt;
Arqueologo en aldea: 9 (PEREGAEY)
Botin: Monedas(989) | Rubi(1371) | Anillo(1414) | Diamante(1141) | Colgante(1811)
Valor ($$) total:	$ 339725
Peso (kg) en acoplado:	306.03999999999996 Kg.
Km Recorridos:	2960
"/>
<node Id="43" Action="Ir Bresol" Cost="-4260.657458096823" Estado_Agente="&gt;&gt; ESTADO DEL AGENTE &lt;&lt;
Arqueologo en aldea: 2 (BRESOL)
Botin: Monedas(989) | Rubi(1371) | Anillo(1414) | Diamante(1141) | Colgante(1811)
Valor ($$) total:	$ 339725
Peso (kg) en acoplado:	306.03999999999996 Kg.
Km Recorridos:	3030
"/>
<node Id="44" Action="Tomar Tesoro" Cost="-5760.657458096823" Estado_Agente="&gt;&gt; ESTADO DEL AGENTE &lt;&lt;
Arqueologo en aldea: 2 (BRESOL)
Botin: Monedas(1005) | Rubi(1375) | Anillo(1427) | Diamante(1142) | Colgante(1857)
Valor ($$) total:	$ 342695
Peso (kg) en acoplado:	309.295 Kg.
Km Recorridos:	3030
"/>
<edge source="0" target="1"/>
<edge source="0" target="2"/>
<edge source="0" target="3"/>
<edge source="1" target="4"/>
<edge source="1" target="5"/>
<edge source="4" target="6"/>
<edge source="6" target="7"/>
<edge source="7" target="8"/>
<edge source="7" target="9"/>
<edge source="7" target="10"/>
<edge source="8" target="46"/>
<edge source="8" target="47"/>
<edge source="9" target="45"/>
<edge source="10" target="11"/>
<edge source="10" target="12"/>
<edge source="46" target="48"/>
<edge source="47" target="60"/>
<edge source="48" target="49"/>
<edge source="49" target="50"/>
<edge source="50" target="51"/>
<edge source="50" target="52"/>
<edge source="51" target="53"/>
<edge source="52" target="56"/>
<edge source="53" target="54"/>
<edge source="54" target="55"/>
<edge source="56" target="57"/>
<edge source="57" target="58"/>
<edge source="58" target="59"/>
<edge source="60" target="61"/>
<edge source="61" target="62"/>
<edge source="61" target="63"/>
<edge source="62" target="64"/>
<edge source="63" target="67"/>
<edge source="64" target="65"/>
<edge source="65" target="66"/>
<edge source="67" target="68"/>
<edge source="68" target="69"/>
<edge source="69" target="70"/>
<edge source="11" target="13"/>
<edge source="12" target="26"/>
<edge source="12" target="27"/>
<edge source="13" target="14"/>
<edge source="13" target="15"/>
<edge source="14" target="16"/>
<edge source="14" target="17"/>
<edge source="15" target="22"/>
<edge source="15" target="23"/>
<edge source="16" target="18"/>
<edge source="16" target="19"/>
<edge source="18" target="20"/>
<edge source="20" target="21"/>
<edge source="22" target="24"/>
<edge source="24" target="25"/>
<edge source="26" target="28"/>
<edge source="26" target="29"/>
<edge source="27" target="41"/>
<edge source="27" target="42"/>
<edge source="28" target="37"/>
<edge source="28" target="38"/>
<edge source="29" target="30"/>
<edge source="37" target="39"/>
<edge source="39" target="40"/>
<edge source="30" target="31"/>
<edge source="31" target="32"/>
<edge source="32" target="33"/>
<edge source="32" target="34"/>
<edge source="33" target="35"/>
<edge source="35" target="36"/>
<edge source="41" target="43"/>
<edge source="43" target="44"/>
</tree>
