<tree id="2" edgedefault="directed">
<node Id="0" Action="null" Cost="0.0" Estado_Agente="&gt;&gt; ESTADO DEL AGENTE &lt;&lt;
Arqueologo en aldea: 6 (ERGINTONE)
Botin: Monedas(400) | Rubi(420) | Anillo(360) | Diamante(380) | Colgante(700)
Valor ($$) total:	$ 116500
Peso (kg) en acoplado:	105.19999999999999 Kg.
Km Recorridos:	100
"/>
<node Id="1" Action="Tomar Tesoro" Cost="-1500.0" Estado_Agente="&gt;&gt; ESTADO DEL AGENTE &lt;&lt;
Arqueologo en aldea: 6 (ERGINTONE)
Botin: Monedas(400) | Rubi(420) | Anillo(360) | Diamante(380) | Colgante(700)
Valor ($$) total:	$ 116500
Peso (kg) en acoplado:	105.19999999999999 Kg.
Km Recorridos:	100
"/>
<node Id="2" Action="Ir Bulovoe" Cost="-552.0434782608695" Estado_Agente="&gt;&gt; ESTADO DEL AGENTE &lt;&lt;
Arqueologo en aldea: 3 (BULOVOE)
Botin: Monedas(100) | Rubi(20) | Anillo(80) | Diamante(300) | Colgante(550)
Valor ($$) total:	$ 48650
Peso (kg) en acoplado:	46.0 Kg.
Km Recorridos:	300
"/>
<node Id="3" Action="Ir Peregaey" Cost="-772.5797101449275" Estado_Agente="&gt;&gt; ESTADO DEL AGENTE &lt;&lt;
Arqueologo en aldea: 9 (PEREGAEY)
Botin: Monedas(100) | Rubi(20) | Anillo(80) | Diamante(300) | Colgante(550)
Valor ($$) total:	$ 48650
Peso (kg) en acoplado:	46.0 Kg.
Km Recorridos:	280
"/>
<node Id="4" Action="Ir Bulovoe" Cost="-2052.0434782608695" Estado_Agente="&gt;&gt; ESTADO DEL AGENTE &lt;&lt;
Arqueologo en aldea: 3 (BULOVOE)
Botin: Monedas(400) | Rubi(420) | Anillo(360) | Diamante(380) | Colgante(700)
Valor ($$) total:	$ 116500
Peso (kg) en acoplado:	105.19999999999999 Kg.
Km Recorridos:	300
"/>
<node Id="5" Action="Ir Peregaey" Cost="-2272.5797101449275" Estado_Agente="&gt;&gt; ESTADO DEL AGENTE &lt;&lt;
Arqueologo en aldea: 9 (PEREGAEY)
Botin: Monedas(400) | Rubi(420) | Anillo(360) | Diamante(380) | Colgante(700)
Valor ($$) total:	$ 116500
Peso (kg) en acoplado:	105.19999999999999 Kg.
Km Recorridos:	280
"/>
<node Id="6" Action="Tomar Tesoro" Cost="-3772.5797101449275" Estado_Agente="&gt;&gt; ESTADO DEL AGENTE &lt;&lt;
Arqueologo en aldea: 9 (PEREGAEY)
Botin: Monedas(500) | Rubi(820) | Anillo(860) | Diamante(830) | Colgante(1200)
Valor ($$) total:	$ 209500
Peso (kg) en acoplado:	187.2 Kg.
Km Recorridos:	280
"/>
<node Id="7" Action="Ir Vinizaile" Cost="-2616.2622498274673" Estado_Agente="&gt;&gt; ESTADO DEL AGENTE &lt;&lt;
Arqueologo en aldea: 10 (VINIZAILE)
Botin: Monedas(400) | Rubi(420) | Anillo(360) | Diamante(380) | Colgante(700)
Valor ($$) total:	$ 116500
Peso (kg) en acoplado:	105.19999999999999 Kg.
Km Recorridos:	730
"/>
<node Id="8" Action="Ir Vinizaile" Cost="-4116.262249827468" Estado_Agente="&gt;&gt; ESTADO DEL AGENTE &lt;&lt;
Arqueologo en aldea: 10 (VINIZAILE)
Botin: Monedas(500) | Rubi(820) | Anillo(860) | Diamante(830) | Colgante(1200)
Valor ($$) total:	$ 209500
Peso (kg) en acoplado:	187.2 Kg.
Km Recorridos:	730
"/>
<node Id="9" Action="Tomar Tesoro" Cost="-5616.262249827468" Estado_Agente="&gt;&gt; ESTADO DEL AGENTE &lt;&lt;
Arqueologo en aldea: 10 (VINIZAILE)
Botin: Monedas(550) | Rubi(970) | Anillo(1060) | Diamante(880) | Colgante(1350)
Valor ($$) total:	$ 234750
Peso (kg) en acoplado:	210.7 Kg.
Km Recorridos:	730
"/>
<node Id="10" Action="Ir Bresol" Cost="-4363.694068009286" Estado_Agente="&gt;&gt; ESTADO DEL AGENTE &lt;&lt;
Arqueologo en aldea: 2 (BRESOL)
Botin: Monedas(500) | Rubi(820) | Anillo(860) | Diamante(830) | Colgante(1200)
Valor ($$) total:	$ 209500
Peso (kg) en acoplado:	187.2 Kg.
Km Recorridos:	1130
"/>
<node Id="11" Action="Ir Cabe" Cost="-4589.262249827468" Estado_Agente="&gt;&gt; ESTADO DEL AGENTE &lt;&lt;
Arqueologo en aldea: 4 (CABE)
Botin: Monedas(500) | Rubi(820) | Anillo(860) | Diamante(830) | Colgante(1200)
Valor ($$) total:	$ 209500
Peso (kg) en acoplado:	187.2 Kg.
Km Recorridos:	930
"/>
<node Id="12" Action="Ir Icaedur" Cost="-4919.574749827468" Estado_Agente="&gt;&gt; ESTADO DEL AGENTE &lt;&lt;
Arqueologo en aldea: 7 (ICAEDUR)
Botin: Monedas(500) | Rubi(820) | Anillo(860) | Diamante(830) | Colgante(1200)
Valor ($$) total:	$ 209500
Peso (kg) en acoplado:	187.2 Kg.
Km Recorridos:	830
"/>
<node Id="13" Action="Ir Mixocu" Cost="-4817.887249827468" Estado_Agente="&gt;&gt; ESTADO DEL AGENTE &lt;&lt;
Arqueologo en aldea: 8 (MIXOCU)
Botin: Monedas(500) | Rubi(820) | Anillo(860) | Diamante(830) | Colgante(1200)
Valor ($$) total:	$ 209500
Peso (kg) en acoplado:	187.2 Kg.
Km Recorridos:	1030
"/>
<node Id="14" Action="Ir Bresol" Cost="-5863.694068009286" Estado_Agente="&gt;&gt; ESTADO DEL AGENTE &lt;&lt;
Arqueologo en aldea: 2 (BRESOL)
Botin: Monedas(550) | Rubi(970) | Anillo(1060) | Diamante(880) | Colgante(1350)
Valor ($$) total:	$ 234750
Peso (kg) en acoplado:	210.7 Kg.
Km Recorridos:	1130
"/>
<node Id="15" Action="Ir Cabe" Cost="-6089.262249827468" Estado_Agente="&gt;&gt; ESTADO DEL AGENTE &lt;&lt;
Arqueologo en aldea: 4 (CABE)
Botin: Monedas(550) | Rubi(970) | Anillo(1060) | Diamante(880) | Colgante(1350)
Valor ($$) total:	$ 234750
Peso (kg) en acoplado:	210.7 Kg.
Km Recorridos:	930
"/>
<node Id="16" Action="Ir Icaedur" Cost="-6419.574749827468" Estado_Agente="&gt;&gt; ESTADO DEL AGENTE &lt;&lt;
Arqueologo en aldea: 7 (ICAEDUR)
Botin: Monedas(550) | Rubi(970) | Anillo(1060) | Diamante(880) | Colgante(1350)
Valor ($$) total:	$ 234750
Peso (kg) en acoplado:	210.7 Kg.
Km Recorridos:	830
"/>
<node Id="17" Action="Ir Mixocu" Cost="-6317.887249827468" Estado_Agente="&gt;&gt; ESTADO DEL AGENTE &lt;&lt;
Arqueologo en aldea: 8 (MIXOCU)
Botin: Monedas(550) | Rubi(970) | Anillo(1060) | Diamante(880) | Colgante(1350)
Valor ($$) total:	$ 234750
Peso (kg) en acoplado:	210.7 Kg.
Km Recorridos:	1030
"/>
<node Id="18" Action="Tomar Tesoro" Cost="-7919.574749827468" Estado_Agente="&gt;&gt; ESTADO DEL AGENTE &lt;&lt;
Arqueologo en aldea: 7 (ICAEDUR)
Botin: Monedas(764) | Rubi(1058) | Anillo(1085) | Diamante(1039) | Colgante(1481)
Valor ($$) total:	$ 277575
Peso (kg) en acoplado:	248.735 Kg.
Km Recorridos:	830
"/>
<node Id="19" Action="Ir Bulovoe" Cost="-6865.332513802623" Estado_Agente="&gt;&gt; ESTADO DEL AGENTE &lt;&lt;
Arqueologo en aldea: 3 (BULOVOE)
Botin: Monedas(550) | Rubi(970) | Anillo(1060) | Diamante(880) | Colgante(1350)
Valor ($$) total:	$ 234750
Peso (kg) en acoplado:	210.7 Kg.
Km Recorridos:	1180
"/>
<node Id="20" Action="Ir Bulovoe" Cost="-8365.332513802623" Estado_Agente="&gt;&gt; ESTADO DEL AGENTE &lt;&lt;
Arqueologo en aldea: 3 (BULOVOE)
Botin: Monedas(764) | Rubi(1058) | Anillo(1085) | Diamante(1039) | Colgante(1481)
Valor ($$) total:	$ 277575
Peso (kg) en acoplado:	248.735 Kg.
Km Recorridos:	1180
"/>
<node Id="21" Action="Tomar Tesoro" Cost="-9865.332513802623" Estado_Agente="&gt;&gt; ESTADO DEL AGENTE &lt;&lt;
Arqueologo en aldea: 3 (BULOVOE)
Botin: Monedas(1014) | Rubi(1178) | Anillo(1105) | Diamante(1189) | Colgante(1781)
Valor ($$) total:	$ 327175
Peso (kg) en acoplado:	293.535 Kg.
Km Recorridos:	1180
"/>
<node Id="22" Action="Ir Ergintone" Cost="-8976.87574688533" Estado_Agente="&gt;&gt; ESTADO DEL AGENTE &lt;&lt;
Arqueologo en aldea: 6 (ERGINTONE)
Botin: Monedas(764) | Rubi(1058) | Anillo(1085) | Diamante(1039) | Colgante(1481)
Valor ($$) total:	$ 277575
Peso (kg) en acoplado:	248.735 Kg.
Km Recorridos:	1380
"/>
<node Id="23" Action="Ir Ergintone" Cost="-10476.87574688533" Estado_Agente="&gt;&gt; ESTADO DEL AGENTE &lt;&lt;
Arqueologo en aldea: 6 (ERGINTONE)
Botin: Monedas(1014) | Rubi(1178) | Anillo(1105) | Diamante(1189) | Colgante(1781)
Valor ($$) total:	$ 327175
Peso (kg) en acoplado:	293.535 Kg.
Km Recorridos:	1380
"/>
<node Id="24" Action="Ir Icaedur" Cost="-10362.752156659766" Estado_Agente="&gt;&gt; ESTADO DEL AGENTE &lt;&lt;
Arqueologo en aldea: 7 (ICAEDUR)
Botin: Monedas(1014) | Rubi(1178) | Anillo(1105) | Diamante(1189) | Colgante(1781)
Valor ($$) total:	$ 327175
Peso (kg) en acoplado:	293.535 Kg.
Km Recorridos:	1530
"/>
<node Id="25" Action="Ir Aragaey" Cost="-10691.955746885329" Estado_Agente="&gt;&gt; ESTADO DEL AGENTE &lt;&lt;
Arqueologo en aldea: 0 (ARAGAEY)
Botin: Monedas(1014) | Rubi(1178) | Anillo(1105) | Diamante(1189) | Colgante(1781)
Valor ($$) total:	$ 327175
Peso (kg) en acoplado:	293.535 Kg.
Km Recorridos:	1480
"/>
<node Id="26" Action="Ir Peregaey" Cost="-11249.455457030255" Estado_Agente="&gt;&gt; ESTADO DEL AGENTE &lt;&lt;
Arqueologo en aldea: 9 (PEREGAEY)
Botin: Monedas(1014) | Rubi(1178) | Anillo(1105) | Diamante(1189) | Colgante(1781)
Valor ($$) total:	$ 327175
Peso (kg) en acoplado:	293.535 Kg.
Km Recorridos:	1560
"/>
<node Id="27" Action="Ir Vinizaile" Cost="-11593.137996712796" Estado_Agente="&gt;&gt; ESTADO DEL AGENTE &lt;&lt;
Arqueologo en aldea: 10 (VINIZAILE)
Botin: Monedas(1014) | Rubi(1178) | Anillo(1105) | Diamante(1189) | Colgante(1781)
Valor ($$) total:	$ 327175
Peso (kg) en acoplado:	293.535 Kg.
Km Recorridos:	2010
"/>
<node Id="28" Action="Ir Bresol" Cost="-11840.569814894614" Estado_Agente="&gt;&gt; ESTADO DEL AGENTE &lt;&lt;
Arqueologo en aldea: 2 (BRESOL)
Botin: Monedas(1014) | Rubi(1178) | Anillo(1105) | Diamante(1189) | Colgante(1781)
Valor ($$) total:	$ 327175
Peso (kg) en acoplado:	293.535 Kg.
Km Recorridos:	2410
"/>
<node Id="29" Action="Ir Cabe" Cost="-12066.137996712796" Estado_Agente="&gt;&gt; ESTADO DEL AGENTE &lt;&lt;
Arqueologo en aldea: 4 (CABE)
Botin: Monedas(1014) | Rubi(1178) | Anillo(1105) | Diamante(1189) | Colgante(1781)
Valor ($$) total:	$ 327175
Peso (kg) en acoplado:	293.535 Kg.
Km Recorridos:	2210
"/>
<node Id="30" Action="Ir Mixocu" Cost="-12294.762996712796" Estado_Agente="&gt;&gt; ESTADO DEL AGENTE &lt;&lt;
Arqueologo en aldea: 8 (MIXOCU)
Botin: Monedas(1014) | Rubi(1178) | Anillo(1105) | Diamante(1189) | Colgante(1781)
Valor ($$) total:	$ 327175
Peso (kg) en acoplado:	293.535 Kg.
Km Recorridos:	2310
"/>
<node Id="31" Action="Tomar Tesoro" Cost="-13794.762996712796" Estado_Agente="&gt;&gt; ESTADO DEL AGENTE &lt;&lt;
Arqueologo en aldea: 8 (MIXOCU)
Botin: Monedas(1364) | Rubi(1528) | Anillo(1345) | Diamante(1339) | Colgante(2131)
Valor ($$) total:	$ 405625
Peso (kg) en acoplado:	363.83500000000004 Kg.
Km Recorridos:	2310
"/>
<node Id="32" Action="Ir Ase" Cost="-12865.262996712796" Estado_Agente="&gt;&gt; ESTADO DEL AGENTE &lt;&lt;
Arqueologo en aldea: 1 (ASE)
Botin: Monedas(1014) | Rubi(1178) | Anillo(1105) | Diamante(1189) | Colgante(1781)
Valor ($$) total:	$ 327175
Peso (kg) en acoplado:	293.535 Kg.
Km Recorridos:	2510
"/>
<node Id="33" Action="Ir Ase" Cost="-14365.262996712796" Estado_Agente="&gt;&gt; ESTADO DEL AGENTE &lt;&lt;
Arqueologo en aldea: 1 (ASE)
Botin: Monedas(1364) | Rubi(1528) | Anillo(1345) | Diamante(1339) | Colgante(2131)
Valor ($$) total:	$ 405625
Peso (kg) en acoplado:	363.83500000000004 Kg.
Km Recorridos:	2510
"/>
<node Id="34" Action="Tomar Tesoro" Cost="-15865.262996712796" Estado_Agente="&gt;&gt; ESTADO DEL AGENTE &lt;&lt;
Arqueologo en aldea: 1 (ASE)
Botin: Monedas(1384) | Rubi(1578) | Anillo(1415) | Diamante(1439) | Colgante(2191)
Valor ($$) total:	$ 422125
Peso (kg) en acoplado:	378.185 Kg.
Km Recorridos:	2510
"/>
<node Id="35" Action="Ir Cenede" Cost="-14770.762996712796" Estado_Agente="&gt;&gt; ESTADO DEL AGENTE &lt;&lt;
Arqueologo en aldea: 5 (CENEDE)
Botin: Monedas(1364) | Rubi(1528) | Anillo(1345) | Diamante(1339) | Colgante(2131)
Valor ($$) total:	$ 405625
Peso (kg) en acoplado:	363.83500000000004 Kg.
Km Recorridos:	2710
"/>
<node Id="36" Action="Ir Cenede" Cost="-16270.762996712796" Estado_Agente="&gt;&gt; ESTADO DEL AGENTE &lt;&lt;
Arqueologo en aldea: 5 (CENEDE)
Botin: Monedas(1384) | Rubi(1578) | Anillo(1415) | Diamante(1439) | Colgante(2191)
Valor ($$) total:	$ 422125
Peso (kg) en acoplado:	378.185 Kg.
Km Recorridos:	2710
"/>
<node Id="37" Action="Tomar Tesoro" Cost="-17770.762996712794" Estado_Agente="&gt;&gt; ESTADO DEL AGENTE &lt;&lt;
Arqueologo en aldea: 5 (CENEDE)
Botin: Monedas(1604) | Rubi(1878) | Anillo(1545) | Diamante(1839) | Colgante(2471)
Valor ($$) total:	$ 503225
Peso (kg) en acoplado:	445.63500000000005 Kg.
Km Recorridos:	2710
"/>
<node Id="38" Action="Terminar" Cost="-16270.762996712796" Estado_Agente="&gt;&gt; ESTADO DEL AGENTE &lt;&lt;
Arqueologo en aldea: 11 (CEDENE ~FIN~)
Botin: Monedas(1384) | Rubi(1578) | Anillo(1415) | Diamante(1439) | Colgante(2191)
Valor ($$) total:	$ 422125
Peso (kg) en acoplado:	378.185 Kg.
Km Recorridos:	2710
"/>
<node Id="39" Action="Ir Ase" Cost="-18341.262996712794" Estado_Agente="&gt;&gt; ESTADO DEL AGENTE &lt;&lt;
Arqueologo en aldea: 1 (ASE)
Botin: Monedas(1604) | Rubi(1878) | Anillo(1545) | Diamante(1839) | Colgante(2471)
Valor ($$) total:	$ 503225
Peso (kg) en acoplado:	445.63500000000005 Kg.
Km Recorridos:	2910
"/>
<node Id="40" Action="Terminar" Cost="-17770.762996712794" Estado_Agente="&gt;&gt; ESTADO DEL AGENTE &lt;&lt;
Arqueologo en aldea: 11 (CEDENE ~FIN~)
Botin: Monedas(1604) | Rubi(1878) | Anillo(1545) | Diamante(1839) | Colgante(2471)
Valor ($$) total:	$ 503225
Peso (kg) en acoplado:	445.63500000000005 Kg.
Km Recorridos:	2710
"/>
<node Id="41" Action="Ir Mixocu" Cost="-19173.637996712794" Estado_Agente="&gt;&gt; ESTADO DEL AGENTE &lt;&lt;
Arqueologo en aldea: 8 (MIXOCU)
Botin: Monedas(1604) | Rubi(1878) | Anillo(1545) | Diamante(1839) | Colgante(2471)
Valor ($$) total:	$ 503225
Peso (kg) en acoplado:	445.63500000000005 Kg.
Km Recorridos:	3110
"/>
<edge source="0" target="1"/>
<edge source="0" target="2"/>
<edge source="0" target="3"/>
<edge source="1" target="4"/>
<edge source="1" target="5"/>
<edge source="5" target="6"/>
<edge source="5" target="7"/>
<edge source="6" target="8"/>
<edge source="8" target="9"/>
<edge source="8" target="10"/>
<edge source="8" target="11"/>
<edge source="8" target="12"/>
<edge source="8" target="13"/>
<edge source="9" target="14"/>
<edge source="9" target="15"/>
<edge source="9" target="16"/>
<edge source="9" target="17"/>
<edge source="16" target="18"/>
<edge source="16" target="19"/>
<edge source="18" target="20"/>
<edge source="20" target="21"/>
<edge source="20" target="22"/>
<edge source="21" target="23"/>
<edge source="21" target="24"/>
<edge source="23" target="25"/>
<edge source="23" target="26"/>
<edge source="26" target="27"/>
<edge source="27" target="28"/>
<edge source="27" target="29"/>
<edge source="27" target="30"/>
<edge source="30" target="31"/>
<edge source="30" target="32"/>
<edge source="31" target="33"/>
<edge source="33" target="34"/>
<edge source="33" target="35"/>
<edge source="34" target="36"/>
<edge source="36" target="37"/>
<edge source="36" target="38"/>
<edge source="37" target="39"/>
<edge source="37" target="40"/>
<edge source="39" target="41"/>
</tree>
