<tree id="5" edgedefault="directed">
<node Id="0" Action="null" Cost="0.0" Estado_Agente="&gt;&gt; ESTADO DEL AGENTE &lt;&lt;
Arqueologo en aldea: 10 (VINIZAILE)
Botin: Monedas(500) | Rubi(820) | Anillo(860) | Diamante(830) | Colgante(1200)
Valor ($$) total:	$ 209500
Peso (kg) en acoplado:	187.2 Kg.
Km Recorridos:	730
"/>
<node Id="1" Action="Ir Vinizaile" Cost="-343.68253968253964" Estado_Agente="&gt;&gt; ESTADO DEL AGENTE &lt;&lt;
Arqueologo en aldea: 10 (VINIZAILE)
Botin: Monedas(500) | Rubi(820) | Anillo(860) | Diamante(830) | Colgante(1200)
Valor ($$) total:	$ 209500
Peso (kg) en acoplado:	187.2 Kg.
Km Recorridos:	730
"/>
<node Id="2" Action="Tomar Tesoro" Cost="-1843.6825396825398" Estado_Agente="&gt;&gt; ESTADO DEL AGENTE &lt;&lt;
Arqueologo en aldea: 10 (VINIZAILE)
Botin: Monedas(550) | Rubi(970) | Anillo(1060) | Diamante(880) | Colgante(1350)
Valor ($$) total:	$ 234750
Peso (kg) en acoplado:	210.7 Kg.
Km Recorridos:	730
"/>
<node Id="3" Action="Ir Bresol" Cost="-591.1143578643578" Estado_Agente="&gt;&gt; ESTADO DEL AGENTE &lt;&lt;
Arqueologo en aldea: 2 (BRESOL)
Botin: Monedas(500) | Rubi(820) | Anillo(860) | Diamante(830) | Colgante(1200)
Valor ($$) total:	$ 209500
Peso (kg) en acoplado:	187.2 Kg.
Km Recorridos:	1130
"/>
<node Id="4" Action="Ir Cabe" Cost="-816.6825396825396" Estado_Agente="&gt;&gt; ESTADO DEL AGENTE &lt;&lt;
Arqueologo en aldea: 4 (CABE)
Botin: Monedas(500) | Rubi(820) | Anillo(860) | Diamante(830) | Colgante(1200)
Valor ($$) total:	$ 209500
Peso (kg) en acoplado:	187.2 Kg.
Km Recorridos:	930
"/>
<node Id="5" Action="Ir Icaedur" Cost="-832.8450396825397" Estado_Agente="&gt;&gt; ESTADO DEL AGENTE &lt;&lt;
Arqueologo en aldea: 7 (ICAEDUR)
Botin: Monedas(500) | Rubi(820) | Anillo(860) | Diamante(830) | Colgante(1200)
Valor ($$) total:	$ 209500
Peso (kg) en acoplado:	187.2 Kg.
Km Recorridos:	830
"/>
<node Id="6" Action="Ir Mixocu" Cost="-1045.3075396825398" Estado_Agente="&gt;&gt; ESTADO DEL AGENTE &lt;&lt;
Arqueologo en aldea: 8 (MIXOCU)
Botin: Monedas(500) | Rubi(820) | Anillo(860) | Diamante(830) | Colgante(1200)
Valor ($$) total:	$ 209500
Peso (kg) en acoplado:	187.2 Kg.
Km Recorridos:	1030
"/>
<node Id="7" Action="Ir Bresol" Cost="-2091.1143578643578" Estado_Agente="&gt;&gt; ESTADO DEL AGENTE &lt;&lt;
Arqueologo en aldea: 2 (BRESOL)
Botin: Monedas(550) | Rubi(970) | Anillo(1060) | Diamante(880) | Colgante(1350)
Valor ($$) total:	$ 234750
Peso (kg) en acoplado:	210.7 Kg.
Km Recorridos:	1130
"/>
<node Id="8" Action="Ir Cabe" Cost="-2316.6825396825398" Estado_Agente="&gt;&gt; ESTADO DEL AGENTE &lt;&lt;
Arqueologo en aldea: 4 (CABE)
Botin: Monedas(550) | Rubi(970) | Anillo(1060) | Diamante(880) | Colgante(1350)
Valor ($$) total:	$ 234750
Peso (kg) en acoplado:	210.7 Kg.
Km Recorridos:	930
"/>
<node Id="9" Action="Ir Icaedur" Cost="-2332.8450396825397" Estado_Agente="&gt;&gt; ESTADO DEL AGENTE &lt;&lt;
Arqueologo en aldea: 7 (ICAEDUR)
Botin: Monedas(550) | Rubi(970) | Anillo(1060) | Diamante(880) | Colgante(1350)
Valor ($$) total:	$ 234750
Peso (kg) en acoplado:	210.7 Kg.
Km Recorridos:	830
"/>
<node Id="10" Action="Ir Mixocu" Cost="-2545.3075396825398" Estado_Agente="&gt;&gt; ESTADO DEL AGENTE &lt;&lt;
Arqueologo en aldea: 8 (MIXOCU)
Botin: Monedas(550) | Rubi(970) | Anillo(1060) | Diamante(880) | Colgante(1350)
Valor ($$) total:	$ 234750
Peso (kg) en acoplado:	210.7 Kg.
Km Recorridos:	1030
"/>
<node Id="11" Action="Tomar Tesoro" Cost="-4045.3075396825398" Estado_Agente="&gt;&gt; ESTADO DEL AGENTE &lt;&lt;
Arqueologo en aldea: 8 (MIXOCU)
Botin: Monedas(900) | Rubi(1320) | Anillo(1300) | Diamante(1030) | Colgante(1700)
Valor ($$) total:	$ 313200
Peso (kg) en acoplado:	281.0 Kg.
Km Recorridos:	1030
"/>
<node Id="12" Action="Ir Ase" Cost="-3115.8075396825398" Estado_Agente="&gt;&gt; ESTADO DEL AGENTE &lt;&lt;
Arqueologo en aldea: 1 (ASE)
Botin: Monedas(550) | Rubi(970) | Anillo(1060) | Diamante(880) | Colgante(1350)
Valor ($$) total:	$ 234750
Peso (kg) en acoplado:	210.7 Kg.
Km Recorridos:	1230
"/>
<node Id="13" Action="Ir Ase" Cost="-4615.80753968254" Estado_Agente="&gt;&gt; ESTADO DEL AGENTE &lt;&lt;
Arqueologo en aldea: 1 (ASE)
Botin: Monedas(900) | Rubi(1320) | Anillo(1300) | Diamante(1030) | Colgante(1700)
Valor ($$) total:	$ 313200
Peso (kg) en acoplado:	281.0 Kg.
Km Recorridos:	1230
"/>
<node Id="14" Action="Tomar Tesoro" Cost="-6115.80753968254" Estado_Agente="&gt;&gt; ESTADO DEL AGENTE &lt;&lt;
Arqueologo en aldea: 1 (ASE)
Botin: Monedas(920) | Rubi(1370) | Anillo(1370) | Diamante(1130) | Colgante(1760)
Valor ($$) total:	$ 329700
Peso (kg) en acoplado:	295.35 Kg.
Km Recorridos:	1230
"/>
<node Id="15" Action="Ir Cenede" Cost="-5021.30753968254" Estado_Agente="&gt;&gt; ESTADO DEL AGENTE &lt;&lt;
Arqueologo en aldea: 5 (CENEDE)
Botin: Monedas(900) | Rubi(1320) | Anillo(1300) | Diamante(1030) | Colgante(1700)
Valor ($$) total:	$ 313200
Peso (kg) en acoplado:	281.0 Kg.
Km Recorridos:	1430
"/>
<node Id="16" Action="Ir Cenede" Cost="-6521.30753968254" Estado_Agente="&gt;&gt; ESTADO DEL AGENTE &lt;&lt;
Arqueologo en aldea: 5 (CENEDE)
Botin: Monedas(920) | Rubi(1370) | Anillo(1370) | Diamante(1130) | Colgante(1760)
Valor ($$) total:	$ 329700
Peso (kg) en acoplado:	295.35 Kg.
Km Recorridos:	1430
"/>
<node Id="17" Action="Tomar Tesoro" Cost="-8021.30753968254" Estado_Agente="&gt;&gt; ESTADO DEL AGENTE &lt;&lt;
Arqueologo en aldea: 5 (CENEDE)
Botin: Monedas(1140) | Rubi(1670) | Anillo(1500) | Diamante(1530) | Colgante(2040)
Valor ($$) total:	$ 410800
Peso (kg) en acoplado:	362.8 Kg.
Km Recorridos:	1430
"/>
<node Id="18" Action="Terminar" Cost="-6521.30753968254" Estado_Agente="&gt;&gt; ESTADO DEL AGENTE &lt;&lt;
Arqueologo en aldea: 11 (CEDENE ~FIN~)
Botin: Monedas(920) | Rubi(1370) | Anillo(1370) | Diamante(1130) | Colgante(1760)
Valor ($$) total:	$ 329700
Peso (kg) en acoplado:	295.35 Kg.
Km Recorridos:	1430
"/>
<node Id="19" Action="Ir Ase" Cost="-8591.80753968254" Estado_Agente="&gt;&gt; ESTADO DEL AGENTE &lt;&lt;
Arqueologo en aldea: 1 (ASE)
Botin: Monedas(1140) | Rubi(1670) | Anillo(1500) | Diamante(1530) | Colgante(2040)
Valor ($$) total:	$ 410800
Peso (kg) en acoplado:	362.8 Kg.
Km Recorridos:	1630
"/>
<node Id="20" Action="Terminar" Cost="-8021.30753968254" Estado_Agente="&gt;&gt; ESTADO DEL AGENTE &lt;&lt;
Arqueologo en aldea: 11 (CEDENE ~FIN~)
Botin: Monedas(1140) | Rubi(1670) | Anillo(1500) | Diamante(1530) | Colgante(2040)
Valor ($$) total:	$ 410800
Peso (kg) en acoplado:	362.8 Kg.
Km Recorridos:	1430
"/>
<node Id="21" Action="Ir Mixocu" Cost="-9424.18253968254" Estado_Agente="&gt;&gt; ESTADO DEL AGENTE &lt;&lt;
Arqueologo en aldea: 8 (MIXOCU)
Botin: Monedas(1140) | Rubi(1670) | Anillo(1500) | Diamante(1530) | Colgante(2040)
Valor ($$) total:	$ 410800
Peso (kg) en acoplado:	362.8 Kg.
Km Recorridos:	1830
"/>
<node Id="22" Action="Ir Vinizaile" Cost="-9795.920634920636" Estado_Agente="&gt;&gt; ESTADO DEL AGENTE &lt;&lt;
Arqueologo en aldea: 10 (VINIZAILE)
Botin: Monedas(1140) | Rubi(1670) | Anillo(1500) | Diamante(1530) | Colgante(2040)
Valor ($$) total:	$ 410800
Peso (kg) en acoplado:	362.8 Kg.
Km Recorridos:	2130
"/>
<node Id="23" Action="Ir Bresol" Cost="-10043.352453102454" Estado_Agente="&gt;&gt; ESTADO DEL AGENTE &lt;&lt;
Arqueologo en aldea: 2 (BRESOL)
Botin: Monedas(1140) | Rubi(1670) | Anillo(1500) | Diamante(1530) | Colgante(2040)
Valor ($$) total:	$ 410800
Peso (kg) en acoplado:	362.8 Kg.
Km Recorridos:	2530
"/>
<node Id="24" Action="Ir Cabe" Cost="-10268.920634920636" Estado_Agente="&gt;&gt; ESTADO DEL AGENTE &lt;&lt;
Arqueologo en aldea: 4 (CABE)
Botin: Monedas(1140) | Rubi(1670) | Anillo(1500) | Diamante(1530) | Colgante(2040)
Valor ($$) total:	$ 410800
Peso (kg) en acoplado:	362.8 Kg.
Km Recorridos:	2330
"/>
<node Id="25" Action="Ir Icaedur" Cost="-10285.083134920636" Estado_Agente="&gt;&gt; ESTADO DEL AGENTE &lt;&lt;
Arqueologo en aldea: 7 (ICAEDUR)
Botin: Monedas(1140) | Rubi(1670) | Anillo(1500) | Diamante(1530) | Colgante(2040)
Valor ($$) total:	$ 410800
Peso (kg) en acoplado:	362.8 Kg.
Km Recorridos:	2230
"/>
<node Id="61" Action="Tomar Tesoro" Cost="-11543.352453102454" Estado_Agente="&gt;&gt; ESTADO DEL AGENTE &lt;&lt;
Arqueologo en aldea: 2 (BRESOL)
Botin: Monedas(1220) | Rubi(1750) | Anillo(1570) | Diamante(1550) | Colgante(2240)
Valor ($$) total:	$ 429700
Peso (kg) en acoplado:	380.95 Kg.
Km Recorridos:	2530
"/>
<node Id="62" Action="Ir Aragaey" Cost="-10258.432453102454" Estado_Agente="&gt;&gt; ESTADO DEL AGENTE &lt;&lt;
Arqueologo en aldea: 0 (ARAGAEY)
Botin: Monedas(1140) | Rubi(1670) | Anillo(1500) | Diamante(1530) | Colgante(2040)
Valor ($$) total:	$ 410800
Peso (kg) en acoplado:	362.8 Kg.
Km Recorridos:	2680
"/>
<node Id="63" Action="Ir Aragaey" Cost="-11758.432453102454" Estado_Agente="&gt;&gt; ESTADO DEL AGENTE &lt;&lt;
Arqueologo en aldea: 0 (ARAGAEY)
Botin: Monedas(1220) | Rubi(1750) | Anillo(1570) | Diamante(1550) | Colgante(2240)
Valor ($$) total:	$ 429700
Peso (kg) en acoplado:	380.95 Kg.
Km Recorridos:	2680
"/>
<node Id="64" Action="Ir Ergintone" Cost="-12030.72568618516" Estado_Agente="&gt;&gt; ESTADO DEL AGENTE &lt;&lt;
Arqueologo en aldea: 6 (ERGINTONE)
Botin: Monedas(1220) | Rubi(1750) | Anillo(1570) | Diamante(1550) | Colgante(2240)
Valor ($$) total:	$ 429700
Peso (kg) en acoplado:	380.95 Kg.
Km Recorridos:	2780
"/>
<node Id="65" Action="Ir Bulovoe" Cost="-12582.76916444603" Estado_Agente="&gt;&gt; ESTADO DEL AGENTE &lt;&lt;
Arqueologo en aldea: 3 (BULOVOE)
Botin: Monedas(1220) | Rubi(1750) | Anillo(1570) | Diamante(1550) | Colgante(2240)
Valor ($$) total:	$ 429700
Peso (kg) en acoplado:	380.95 Kg.
Km Recorridos:	2980
"/>
<node Id="66" Action="Tomar Tesoro" Cost="-14082.76916444603" Estado_Agente="&gt;&gt; ESTADO DEL AGENTE &lt;&lt;
Arqueologo en aldea: 3 (BULOVOE)
Botin: Monedas(1470) | Rubi(1870) | Anillo(1590) | Diamante(1700) | Colgante(2540)
Valor ($$) total:	$ 479300
Peso (kg) en acoplado:	425.75 Kg.
Km Recorridos:	2980
"/>
<node Id="67" Action="Ir Icaedur" Cost="-12990.43166444603" Estado_Agente="&gt;&gt; ESTADO DEL AGENTE &lt;&lt;
Arqueologo en aldea: 7 (ICAEDUR)
Botin: Monedas(1220) | Rubi(1750) | Anillo(1570) | Diamante(1550) | Colgante(2240)
Valor ($$) total:	$ 429700
Peso (kg) en acoplado:	380.95 Kg.
Km Recorridos:	3330
"/>
<node Id="68" Action="Ir Icaedur" Cost="-14490.43166444603" Estado_Agente="&gt;&gt; ESTADO DEL AGENTE &lt;&lt;
Arqueologo en aldea: 7 (ICAEDUR)
Botin: Monedas(1470) | Rubi(1870) | Anillo(1590) | Diamante(1700) | Colgante(2540)
Valor ($$) total:	$ 479300
Peso (kg) en acoplado:	425.75 Kg.
Km Recorridos:	3330
"/>
<node Id="69" Action="Tomar Tesoro" Cost="-15990.43166444603" Estado_Agente="&gt;&gt; ESTADO DEL AGENTE &lt;&lt;
Arqueologo en aldea: 7 (ICAEDUR)
Botin: Monedas(1523) | Rubi(1913) | Anillo(1614) | Diamante(1733) | Colgante(2558)
Valor ($$) total:	$ 490710
Peso (kg) en acoplado:	435.66 Kg.
Km Recorridos:	3330
"/>
<node Id="70" Action="Ir Bulovoe" Cost="-16436.189428421185" Estado_Agente="&gt;&gt; ESTADO DEL AGENTE &lt;&lt;
Arqueologo en aldea: 3 (BULOVOE)
Botin: Monedas(1523) | Rubi(1913) | Anillo(1614) | Diamante(1733) | Colgante(2558)
Valor ($$) total:	$ 490710
Peso (kg) en acoplado:	435.66 Kg.
Km Recorridos:	3680
"/>
<node Id="71" Action="Tomar Tesoro" Cost="-14490.43166444603" Estado_Agente="&gt;&gt; ESTADO DEL AGENTE &lt;&lt;
Arqueologo en aldea: 7 (ICAEDUR)
Botin: Monedas(1273) | Rubi(1793) | Anillo(1594) | Diamante(1583) | Colgante(2258)
Valor ($$) total:	$ 441110
Peso (kg) en acoplado:	390.86000000000007 Kg.
Km Recorridos:	3330
"/>
<node Id="72" Action="Ir Bulovoe" Cost="-14936.189428421187" Estado_Agente="&gt;&gt; ESTADO DEL AGENTE &lt;&lt;
Arqueologo en aldea: 3 (BULOVOE)
Botin: Monedas(1273) | Rubi(1793) | Anillo(1594) | Diamante(1583) | Colgante(2258)
Valor ($$) total:	$ 441110
Peso (kg) en acoplado:	390.86000000000007 Kg.
Km Recorridos:	3680
"/>
<node Id="73" Action="Tomar Tesoro" Cost="-16436.18942842119" Estado_Agente="&gt;&gt; ESTADO DEL AGENTE &lt;&lt;
Arqueologo en aldea: 3 (BULOVOE)
Botin: Monedas(1523) | Rubi(1913) | Anillo(1614) | Diamante(1733) | Colgante(2558)
Valor ($$) total:	$ 490710
Peso (kg) en acoplado:	435.66 Kg.
Km Recorridos:	3680
"/>
<node Id="74" Action="Ir Icaedur" Cost="-16843.851928421187" Estado_Agente="&gt;&gt; ESTADO DEL AGENTE &lt;&lt;
Arqueologo en aldea: 7 (ICAEDUR)
Botin: Monedas(1523) | Rubi(1913) | Anillo(1614) | Diamante(1733) | Colgante(2558)
Valor ($$) total:	$ 490710
Peso (kg) en acoplado:	435.66 Kg.
Km Recorridos:	4030
"/>
<node Id="75" Action="Ir Ergintone" Cost="-10530.72568618516" Estado_Agente="&gt;&gt; ESTADO DEL AGENTE &lt;&lt;
Arqueologo en aldea: 6 (ERGINTONE)
Botin: Monedas(1140) | Rubi(1670) | Anillo(1500) | Diamante(1530) | Colgante(2040)
Valor ($$) total:	$ 410800
Peso (kg) en acoplado:	362.8 Kg.
Km Recorridos:	2780
"/>
<node Id="76" Action="Ir Bulovoe" Cost="-11082.76916444603" Estado_Agente="&gt;&gt; ESTADO DEL AGENTE &lt;&lt;
Arqueologo en aldea: 3 (BULOVOE)
Botin: Monedas(1140) | Rubi(1670) | Anillo(1500) | Diamante(1530) | Colgante(2040)
Valor ($$) total:	$ 410800
Peso (kg) en acoplado:	362.8 Kg.
Km Recorridos:	2980
"/>
<node Id="77" Action="Tomar Tesoro" Cost="-12582.76916444603" Estado_Agente="&gt;&gt; ESTADO DEL AGENTE &lt;&lt;
Arqueologo en aldea: 3 (BULOVOE)
Botin: Monedas(1390) | Rubi(1790) | Anillo(1520) | Diamante(1680) | Colgante(2340)
Valor ($$) total:	$ 460400
Peso (kg) en acoplado:	407.6 Kg.
Km Recorridos:	2980
"/>
<node Id="78" Action="Ir Icaedur" Cost="-11490.43166444603" Estado_Agente="&gt;&gt; ESTADO DEL AGENTE &lt;&lt;
Arqueologo en aldea: 7 (ICAEDUR)
Botin: Monedas(1140) | Rubi(1670) | Anillo(1500) | Diamante(1530) | Colgante(2040)
Valor ($$) total:	$ 410800
Peso (kg) en acoplado:	362.8 Kg.
Km Recorridos:	3330
"/>
<node Id="79" Action="Ir Icaedur" Cost="-12990.43166444603" Estado_Agente="&gt;&gt; ESTADO DEL AGENTE &lt;&lt;
Arqueologo en aldea: 7 (ICAEDUR)
Botin: Monedas(1390) | Rubi(1790) | Anillo(1520) | Diamante(1680) | Colgante(2340)
Valor ($$) total:	$ 460400
Peso (kg) en acoplado:	407.6 Kg.
Km Recorridos:	3330
"/>
<node Id="80" Action="Tomar Tesoro" Cost="-14490.43166444603" Estado_Agente="&gt;&gt; ESTADO DEL AGENTE &lt;&lt;
Arqueologo en aldea: 7 (ICAEDUR)
Botin: Monedas(1443) | Rubi(1833) | Anillo(1544) | Diamante(1713) | Colgante(2358)
Valor ($$) total:	$ 471810
Peso (kg) en acoplado:	417.51000000000005 Kg.
Km Recorridos:	3330
"/>
<node Id="81" Action="Ir Bulovoe" Cost="-14936.189428421187" Estado_Agente="&gt;&gt; ESTADO DEL AGENTE &lt;&lt;
Arqueologo en aldea: 3 (BULOVOE)
Botin: Monedas(1443) | Rubi(1833) | Anillo(1544) | Diamante(1713) | Colgante(2358)
Valor ($$) total:	$ 471810
Peso (kg) en acoplado:	417.51000000000005 Kg.
Km Recorridos:	3680
"/>
<node Id="82" Action="Tomar Tesoro" Cost="-12990.43166444603" Estado_Agente="&gt;&gt; ESTADO DEL AGENTE &lt;&lt;
Arqueologo en aldea: 7 (ICAEDUR)
Botin: Monedas(1193) | Rubi(1713) | Anillo(1524) | Diamante(1563) | Colgante(2058)
Valor ($$) total:	$ 422210
Peso (kg) en acoplado:	372.71000000000004 Kg.
Km Recorridos:	3330
"/>
<node Id="83" Action="Ir Bulovoe" Cost="-13436.189428421187" Estado_Agente="&gt;&gt; ESTADO DEL AGENTE &lt;&lt;
Arqueologo en aldea: 3 (BULOVOE)
Botin: Monedas(1193) | Rubi(1713) | Anillo(1524) | Diamante(1563) | Colgante(2058)
Valor ($$) total:	$ 422210
Peso (kg) en acoplado:	372.71000000000004 Kg.
Km Recorridos:	3680
"/>
<node Id="84" Action="Tomar Tesoro" Cost="-14936.189428421187" Estado_Agente="&gt;&gt; ESTADO DEL AGENTE &lt;&lt;
Arqueologo en aldea: 3 (BULOVOE)
Botin: Monedas(1443) | Rubi(1833) | Anillo(1544) | Diamante(1713) | Colgante(2358)
Valor ($$) total:	$ 471810
Peso (kg) en acoplado:	417.51000000000005 Kg.
Km Recorridos:	3680
"/>
<node Id="85" Action="Ir Icaedur" Cost="-15343.851928421187" Estado_Agente="&gt;&gt; ESTADO DEL AGENTE &lt;&lt;
Arqueologo en aldea: 7 (ICAEDUR)
Botin: Monedas(1443) | Rubi(1833) | Anillo(1544) | Diamante(1713) | Colgante(2358)
Valor ($$) total:	$ 471810
Peso (kg) en acoplado:	417.51000000000005 Kg.
Km Recorridos:	4030
"/>
<node Id="60" Action="Tomar Tesoro" Cost="-11768.920634920636" Estado_Agente="&gt;&gt; ESTADO DEL AGENTE &lt;&lt;
Arqueologo en aldea: 4 (CABE)
Botin: Monedas(1300) | Rubi(1920) | Anillo(1670) | Diamante(1590) | Colgante(2160)
Valor ($$) total:	$ 451600
Peso (kg) en acoplado:	398.05 Kg.
Km Recorridos:	2330
"/>
<node Id="26" Action="Tomar Tesoro" Cost="-11785.083134920636" Estado_Agente="&gt;&gt; ESTADO DEL AGENTE &lt;&lt;
Arqueologo en aldea: 7 (ICAEDUR)
Botin: Monedas(1193) | Rubi(1713) | Anillo(1524) | Diamante(1563) | Colgante(2058)
Valor ($$) total:	$ 422210
Peso (kg) en acoplado:	372.71000000000004 Kg.
Km Recorridos:	2230
"/>
<node Id="27" Action="Ir Bulovoe" Cost="-10730.840898895793" Estado_Agente="&gt;&gt; ESTADO DEL AGENTE &lt;&lt;
Arqueologo en aldea: 3 (BULOVOE)
Botin: Monedas(1140) | Rubi(1670) | Anillo(1500) | Diamante(1530) | Colgante(2040)
Valor ($$) total:	$ 410800
Peso (kg) en acoplado:	362.8 Kg.
Km Recorridos:	2580
"/>
<node Id="28" Action="Ir Bulovoe" Cost="-12230.840898895793" Estado_Agente="&gt;&gt; ESTADO DEL AGENTE &lt;&lt;
Arqueologo en aldea: 3 (BULOVOE)
Botin: Monedas(1193) | Rubi(1713) | Anillo(1524) | Diamante(1563) | Colgante(2058)
Valor ($$) total:	$ 422210
Peso (kg) en acoplado:	372.71000000000004 Kg.
Km Recorridos:	2580
"/>
<node Id="29" Action="Tomar Tesoro" Cost="-13730.840898895793" Estado_Agente="&gt;&gt; ESTADO DEL AGENTE &lt;&lt;
Arqueologo en aldea: 3 (BULOVOE)
Botin: Monedas(1443) | Rubi(1833) | Anillo(1544) | Diamante(1713) | Colgante(2358)
Valor ($$) total:	$ 471810
Peso (kg) en acoplado:	417.51000000000005 Kg.
Km Recorridos:	2580
"/>
<node Id="30" Action="Ir Ergintone" Cost="-12503.134131978499" Estado_Agente="&gt;&gt; ESTADO DEL AGENTE &lt;&lt;
Arqueologo en aldea: 6 (ERGINTONE)
Botin: Monedas(1193) | Rubi(1713) | Anillo(1524) | Diamante(1563) | Colgante(2058)
Valor ($$) total:	$ 422210
Peso (kg) en acoplado:	372.71000000000004 Kg.
Km Recorridos:	2780
"/>
<node Id="31" Action="Ir Ergintone" Cost="-14003.134131978499" Estado_Agente="&gt;&gt; ESTADO DEL AGENTE &lt;&lt;
Arqueologo en aldea: 6 (ERGINTONE)
Botin: Monedas(1443) | Rubi(1833) | Anillo(1544) | Diamante(1713) | Colgante(2358)
Valor ($$) total:	$ 471810
Peso (kg) en acoplado:	417.51000000000005 Kg.
Km Recorridos:	2780
"/>
<node Id="32" Action="Ir Icaedur" Cost="-14138.503398895793" Estado_Agente="&gt;&gt; ESTADO DEL AGENTE &lt;&lt;
Arqueologo en aldea: 7 (ICAEDUR)
Botin: Monedas(1443) | Rubi(1833) | Anillo(1544) | Diamante(1713) | Colgante(2358)
Valor ($$) total:	$ 471810
Peso (kg) en acoplado:	417.51000000000005 Kg.
Km Recorridos:	2930
"/>
<node Id="33" Action="Ir Aragaey" Cost="-14218.214131978499" Estado_Agente="&gt;&gt; ESTADO DEL AGENTE &lt;&lt;
Arqueologo en aldea: 0 (ARAGAEY)
Botin: Monedas(1443) | Rubi(1833) | Anillo(1544) | Diamante(1713) | Colgante(2358)
Valor ($$) total:	$ 471810
Peso (kg) en acoplado:	417.51000000000005 Kg.
Km Recorridos:	2880
"/>
<node Id="34" Action="Ir Peregaey" Cost="-14259.047175456759" Estado_Agente="&gt;&gt; ESTADO DEL AGENTE &lt;&lt;
Arqueologo en aldea: 9 (PEREGAEY)
Botin: Monedas(1443) | Rubi(1833) | Anillo(1544) | Diamante(1713) | Colgante(2358)
Valor ($$) total:	$ 471810
Peso (kg) en acoplado:	417.51000000000005 Kg.
Km Recorridos:	2960
"/>
<node Id="35" Action="Ir Bresol" Cost="-14544.395950160317" Estado_Agente="&gt;&gt; ESTADO DEL AGENTE &lt;&lt;
Arqueologo en aldea: 2 (BRESOL)
Botin: Monedas(1443) | Rubi(1833) | Anillo(1544) | Diamante(1713) | Colgante(2358)
Valor ($$) total:	$ 471810
Peso (kg) en acoplado:	417.51000000000005 Kg.
Km Recorridos:	3030
"/>
<node Id="36" Action="Tomar Tesoro" Cost="-16044.395950160317" Estado_Agente="&gt;&gt; ESTADO DEL AGENTE &lt;&lt;
Arqueologo en aldea: 2 (BRESOL)
Botin: Monedas(1523) | Rubi(1913) | Anillo(1614) | Diamante(1733) | Colgante(2558)
Valor ($$) total:	$ 490710
Peso (kg) en acoplado:	435.66 Kg.
Km Recorridos:	3030
"/>
<node Id="37" Action="Ir Aragaey" Cost="-12718.214131978499" Estado_Agente="&gt;&gt; ESTADO DEL AGENTE &lt;&lt;
Arqueologo en aldea: 0 (ARAGAEY)
Botin: Monedas(1193) | Rubi(1713) | Anillo(1524) | Diamante(1563) | Colgante(2058)
Valor ($$) total:	$ 422210
Peso (kg) en acoplado:	372.71000000000004 Kg.
Km Recorridos:	2880
"/>
<node Id="38" Action="Ir Peregaey" Cost="-12759.047175456759" Estado_Agente="&gt;&gt; ESTADO DEL AGENTE &lt;&lt;
Arqueologo en aldea: 9 (PEREGAEY)
Botin: Monedas(1193) | Rubi(1713) | Anillo(1524) | Diamante(1563) | Colgante(2058)
Valor ($$) total:	$ 422210
Peso (kg) en acoplado:	372.71000000000004 Kg.
Km Recorridos:	2960
"/>
<node Id="39" Action="Ir Bresol" Cost="-13044.395950160317" Estado_Agente="&gt;&gt; ESTADO DEL AGENTE &lt;&lt;
Arqueologo en aldea: 2 (BRESOL)
Botin: Monedas(1193) | Rubi(1713) | Anillo(1524) | Diamante(1563) | Colgante(2058)
Valor ($$) total:	$ 422210
Peso (kg) en acoplado:	372.71000000000004 Kg.
Km Recorridos:	3030
"/>
<node Id="40" Action="Tomar Tesoro" Cost="-14544.395950160317" Estado_Agente="&gt;&gt; ESTADO DEL AGENTE &lt;&lt;
Arqueologo en aldea: 2 (BRESOL)
Botin: Monedas(1273) | Rubi(1793) | Anillo(1594) | Diamante(1583) | Colgante(2258)
Valor ($$) total:	$ 441110
Peso (kg) en acoplado:	390.86000000000007 Kg.
Km Recorridos:	3030
"/>
<node Id="41" Action="Tomar Tesoro" Cost="-12230.840898895793" Estado_Agente="&gt;&gt; ESTADO DEL AGENTE &lt;&lt;
Arqueologo en aldea: 3 (BULOVOE)
Botin: Monedas(1390) | Rubi(1790) | Anillo(1520) | Diamante(1680) | Colgante(2340)
Valor ($$) total:	$ 460400
Peso (kg) en acoplado:	407.6 Kg.
Km Recorridos:	2580
"/>
<node Id="42" Action="Ir Ergintone" Cost="-11003.134131978499" Estado_Agente="&gt;&gt; ESTADO DEL AGENTE &lt;&lt;
Arqueologo en aldea: 6 (ERGINTONE)
Botin: Monedas(1140) | Rubi(1670) | Anillo(1500) | Diamante(1530) | Colgante(2040)
Valor ($$) total:	$ 410800
Peso (kg) en acoplado:	362.8 Kg.
Km Recorridos:	2780
"/>
<node Id="43" Action="Ir Ergintone" Cost="-12503.134131978499" Estado_Agente="&gt;&gt; ESTADO DEL AGENTE &lt;&lt;
Arqueologo en aldea: 6 (ERGINTONE)
Botin: Monedas(1390) | Rubi(1790) | Anillo(1520) | Diamante(1680) | Colgante(2340)
Valor ($$) total:	$ 460400
Peso (kg) en acoplado:	407.6 Kg.
Km Recorridos:	2780
"/>
<node Id="44" Action="Ir Icaedur" Cost="-12638.503398895793" Estado_Agente="&gt;&gt; ESTADO DEL AGENTE &lt;&lt;
Arqueologo en aldea: 7 (ICAEDUR)
Botin: Monedas(1390) | Rubi(1790) | Anillo(1520) | Diamante(1680) | Colgante(2340)
Valor ($$) total:	$ 460400
Peso (kg) en acoplado:	407.6 Kg.
Km Recorridos:	2930
"/>
<node Id="52" Action="Ir Aragaey" Cost="-12718.214131978499" Estado_Agente="&gt;&gt; ESTADO DEL AGENTE &lt;&lt;
Arqueologo en aldea: 0 (ARAGAEY)
Botin: Monedas(1390) | Rubi(1790) | Anillo(1520) | Diamante(1680) | Colgante(2340)
Valor ($$) total:	$ 460400
Peso (kg) en acoplado:	407.6 Kg.
Km Recorridos:	2880
"/>
<node Id="53" Action="Ir Peregaey" Cost="-12759.047175456759" Estado_Agente="&gt;&gt; ESTADO DEL AGENTE &lt;&lt;
Arqueologo en aldea: 9 (PEREGAEY)
Botin: Monedas(1390) | Rubi(1790) | Anillo(1520) | Diamante(1680) | Colgante(2340)
Valor ($$) total:	$ 460400
Peso (kg) en acoplado:	407.6 Kg.
Km Recorridos:	2960
"/>
<node Id="54" Action="Ir Bresol" Cost="-13044.395950160317" Estado_Agente="&gt;&gt; ESTADO DEL AGENTE &lt;&lt;
Arqueologo en aldea: 2 (BRESOL)
Botin: Monedas(1390) | Rubi(1790) | Anillo(1520) | Diamante(1680) | Colgante(2340)
Valor ($$) total:	$ 460400
Peso (kg) en acoplado:	407.6 Kg.
Km Recorridos:	3030
"/>
<node Id="55" Action="Tomar Tesoro" Cost="-14544.395950160317" Estado_Agente="&gt;&gt; ESTADO DEL AGENTE &lt;&lt;
Arqueologo en aldea: 2 (BRESOL)
Botin: Monedas(1470) | Rubi(1870) | Anillo(1590) | Diamante(1700) | Colgante(2540)
Valor ($$) total:	$ 479300
Peso (kg) en acoplado:	425.75 Kg.
Km Recorridos:	3030
"/>
<node Id="45" Action="Tomar Tesoro" Cost="-14138.503398895793" Estado_Agente="&gt;&gt; ESTADO DEL AGENTE &lt;&lt;
Arqueologo en aldea: 7 (ICAEDUR)
Botin: Monedas(1443) | Rubi(1833) | Anillo(1544) | Diamante(1713) | Colgante(2358)
Valor ($$) total:	$ 471810
Peso (kg) en acoplado:	417.51000000000005 Kg.
Km Recorridos:	2930
"/>
<node Id="46" Action="Ir Bulovoe" Cost="-14584.26116287095" Estado_Agente="&gt;&gt; ESTADO DEL AGENTE &lt;&lt;
Arqueologo en aldea: 3 (BULOVOE)
Botin: Monedas(1443) | Rubi(1833) | Anillo(1544) | Diamante(1713) | Colgante(2358)
Valor ($$) total:	$ 471810
Peso (kg) en acoplado:	417.51000000000005 Kg.
Km Recorridos:	3280
"/>
<node Id="47" Action="Ir Ergintone" Cost="-14856.554395953655" Estado_Agente="&gt;&gt; ESTADO DEL AGENTE &lt;&lt;
Arqueologo en aldea: 6 (ERGINTONE)
Botin: Monedas(1443) | Rubi(1833) | Anillo(1544) | Diamante(1713) | Colgante(2358)
Valor ($$) total:	$ 471810
Peso (kg) en acoplado:	417.51000000000005 Kg.
Km Recorridos:	3480
"/>
<node Id="48" Action="Ir Aragaey" Cost="-15071.634395953655" Estado_Agente="&gt;&gt; ESTADO DEL AGENTE &lt;&lt;
Arqueologo en aldea: 0 (ARAGAEY)
Botin: Monedas(1443) | Rubi(1833) | Anillo(1544) | Diamante(1713) | Colgante(2358)
Valor ($$) total:	$ 471810
Peso (kg) en acoplado:	417.51000000000005 Kg.
Km Recorridos:	3580
"/>
<node Id="49" Action="Ir Peregaey" Cost="-15112.467439431915" Estado_Agente="&gt;&gt; ESTADO DEL AGENTE &lt;&lt;
Arqueologo en aldea: 9 (PEREGAEY)
Botin: Monedas(1443) | Rubi(1833) | Anillo(1544) | Diamante(1713) | Colgante(2358)
Valor ($$) total:	$ 471810
Peso (kg) en acoplado:	417.51000000000005 Kg.
Km Recorridos:	3660
"/>
<node Id="50" Action="Ir Bresol" Cost="-15397.816214135473" Estado_Agente="&gt;&gt; ESTADO DEL AGENTE &lt;&lt;
Arqueologo en aldea: 2 (BRESOL)
Botin: Monedas(1443) | Rubi(1833) | Anillo(1544) | Diamante(1713) | Colgante(2358)
Valor ($$) total:	$ 471810
Peso (kg) en acoplado:	417.51000000000005 Kg.
Km Recorridos:	3730
"/>
<node Id="51" Action="Tomar Tesoro" Cost="-16897.816214135473" Estado_Agente="&gt;&gt; ESTADO DEL AGENTE &lt;&lt;
Arqueologo en aldea: 2 (BRESOL)
Botin: Monedas(1523) | Rubi(1913) | Anillo(1614) | Diamante(1733) | Colgante(2558)
Valor ($$) total:	$ 490710
Peso (kg) en acoplado:	435.66 Kg.
Km Recorridos:	3730
"/>
<node Id="56" Action="Ir Aragaey" Cost="-11218.214131978499" Estado_Agente="&gt;&gt; ESTADO DEL AGENTE &lt;&lt;
Arqueologo en aldea: 0 (ARAGAEY)
Botin: Monedas(1140) | Rubi(1670) | Anillo(1500) | Diamante(1530) | Colgante(2040)
Valor ($$) total:	$ 410800
Peso (kg) en acoplado:	362.8 Kg.
Km Recorridos:	2880
"/>
<node Id="57" Action="Ir Peregaey" Cost="-11259.047175456759" Estado_Agente="&gt;&gt; ESTADO DEL AGENTE &lt;&lt;
Arqueologo en aldea: 9 (PEREGAEY)
Botin: Monedas(1140) | Rubi(1670) | Anillo(1500) | Diamante(1530) | Colgante(2040)
Valor ($$) total:	$ 410800
Peso (kg) en acoplado:	362.8 Kg.
Km Recorridos:	2960
"/>
<node Id="58" Action="Ir Bresol" Cost="-11544.395950160317" Estado_Agente="&gt;&gt; ESTADO DEL AGENTE &lt;&lt;
Arqueologo en aldea: 2 (BRESOL)
Botin: Monedas(1140) | Rubi(1670) | Anillo(1500) | Diamante(1530) | Colgante(2040)
Valor ($$) total:	$ 410800
Peso (kg) en acoplado:	362.8 Kg.
Km Recorridos:	3030
"/>
<node Id="59" Action="Tomar Tesoro" Cost="-13044.395950160317" Estado_Agente="&gt;&gt; ESTADO DEL AGENTE &lt;&lt;
Arqueologo en aldea: 2 (BRESOL)
Botin: Monedas(1220) | Rubi(1750) | Anillo(1570) | Diamante(1550) | Colgante(2240)
Valor ($$) total:	$ 429700
Peso (kg) en acoplado:	380.95 Kg.
Km Recorridos:	3030
"/>
<edge source="0" target="1"/>
<edge source="1" target="2"/>
<edge source="1" target="3"/>
<edge source="1" target="4"/>
<edge source="1" target="5"/>
<edge source="1" target="6"/>
<edge source="2" target="7"/>
<edge source="2" target="8"/>
<edge source="2" target="9"/>
<edge source="2" target="10"/>
<edge source="10" target="11"/>
<edge source="10" target="12"/>
<edge source="11" target="13"/>
<edge source="13" target="14"/>
<edge source="13" target="15"/>
<edge source="14" target="16"/>
<edge source="16" target="17"/>
<edge source="16" target="18"/>
<edge source="17" target="19"/>
<edge source="17" target="20"/>
<edge source="19" target="21"/>
<edge source="21" target="22"/>
<edge source="22" target="23"/>
<edge source="22" target="24"/>
<edge source="22" target="25"/>
<edge source="23" target="61"/>
<edge source="23" target="62"/>
<edge source="24" target="60"/>
<edge source="25" target="26"/>
<edge source="25" target="27"/>
<edge source="61" target="63"/>
<edge source="62" target="75"/>
<edge source="63" target="64"/>
<edge source="64" target="65"/>
<edge source="65" target="66"/>
<edge source="65" target="67"/>
<edge source="66" target="68"/>
<edge source="67" target="71"/>
<edge source="68" target="69"/>
<edge source="69" target="70"/>
<edge source="71" target="72"/>
<edge source="72" target="73"/>
<edge source="73" target="74"/>
<edge source="75" target="76"/>
<edge source="76" target="77"/>
<edge source="76" target="78"/>
<edge source="77" target="79"/>
<edge source="78" target="82"/>
<edge source="79" target="80"/>
<edge source="80" target="81"/>
<edge source="82" target="83"/>
<edge source="83" target="84"/>
<edge source="84" target="85"/>
<edge source="26" target="28"/>
<edge source="27" target="41"/>
<edge source="27" target="42"/>
<edge source="28" target="29"/>
<edge source="28" target="30"/>
<edge source="29" target="31"/>
<edge source="29" target="32"/>
<edge source="30" target="37"/>
<edge source="30" target="38"/>
<edge source="31" target="33"/>
<edge source="31" target="34"/>
<edge source="33" target="35"/>
<edge source="35" target="36"/>
<edge source="37" target="39"/>
<edge source="39" target="40"/>
<edge source="41" target="43"/>
<edge source="41" target="44"/>
<edge source="42" target="56"/>
<edge source="42" target="57"/>
<edge source="43" target="52"/>
<edge source="43" target="53"/>
<edge source="44" target="45"/>
<edge source="52" target="54"/>
<edge source="54" target="55"/>
<edge source="45" target="46"/>
<edge source="46" target="47"/>
<edge source="47" target="48"/>
<edge source="47" target="49"/>
<edge source="48" target="50"/>
<edge source="50" target="51"/>
<edge source="56" target="58"/>
<edge source="58" target="59"/>
</tree>
