<tree id="6" edgedefault="directed">
<node Id="0" Action="null" Cost="0.0" Estado_Agente="&gt;&gt; ESTADO DEL AGENTE &lt;&lt;
Arqueologo en aldea: 10 (VINIZAILE)
Botin: Monedas(550) | Rubi(970) | Anillo(1060) | Diamante(880) | Colgante(1350)
Valor ($$) total:	$ 234750
Peso (kg) en acoplado:	210.7 Kg.
Km Recorridos:	730
"/>
<node Id="1" Action="Tomar Tesoro" Cost="-1500.0" Estado_Agente="&gt;&gt; ESTADO DEL AGENTE &lt;&lt;
Arqueologo en aldea: 10 (VINIZAILE)
Botin: Monedas(550) | Rubi(970) | Anillo(1060) | Diamante(880) | Colgante(1350)
Valor ($$) total:	$ 234750
Peso (kg) en acoplado:	210.7 Kg.
Km Recorridos:	730
"/>
<node Id="2" Action="Ir Bresol" Cost="-247.4318181818182" Estado_Agente="&gt;&gt; ESTADO DEL AGENTE &lt;&lt;
Arqueologo en aldea: 2 (BRESOL)
Botin: Monedas(500) | Rubi(820) | Anillo(860) | Diamante(830) | Colgante(1200)
Valor ($$) total:	$ 209500
Peso (kg) en acoplado:	187.2 Kg.
Km Recorridos:	1130
"/>
<node Id="3" Action="Ir Cabe" Cost="-473.0" Estado_Agente="&gt;&gt; ESTADO DEL AGENTE &lt;&lt;
Arqueologo en aldea: 4 (CABE)
Botin: Monedas(500) | Rubi(820) | Anillo(860) | Diamante(830) | Colgante(1200)
Valor ($$) total:	$ 209500
Peso (kg) en acoplado:	187.2 Kg.
Km Recorridos:	930
"/>
<node Id="4" Action="Ir Icaedur" Cost="-489.1625" Estado_Agente="&gt;&gt; ESTADO DEL AGENTE &lt;&lt;
Arqueologo en aldea: 7 (ICAEDUR)
Botin: Monedas(500) | Rubi(820) | Anillo(860) | Diamante(830) | Colgante(1200)
Valor ($$) total:	$ 209500
Peso (kg) en acoplado:	187.2 Kg.
Km Recorridos:	830
"/>
<node Id="5" Action="Ir Mixocu" Cost="-701.625" Estado_Agente="&gt;&gt; ESTADO DEL AGENTE &lt;&lt;
Arqueologo en aldea: 8 (MIXOCU)
Botin: Monedas(500) | Rubi(820) | Anillo(860) | Diamante(830) | Colgante(1200)
Valor ($$) total:	$ 209500
Peso (kg) en acoplado:	187.2 Kg.
Km Recorridos:	1030
"/>
<node Id="6" Action="Ir Bresol" Cost="-1747.4318181818182" Estado_Agente="&gt;&gt; ESTADO DEL AGENTE &lt;&lt;
Arqueologo en aldea: 2 (BRESOL)
Botin: Monedas(550) | Rubi(970) | Anillo(1060) | Diamante(880) | Colgante(1350)
Valor ($$) total:	$ 234750
Peso (kg) en acoplado:	210.7 Kg.
Km Recorridos:	1130
"/>
<node Id="7" Action="Ir Cabe" Cost="-1973.0" Estado_Agente="&gt;&gt; ESTADO DEL AGENTE &lt;&lt;
Arqueologo en aldea: 4 (CABE)
Botin: Monedas(550) | Rubi(970) | Anillo(1060) | Diamante(880) | Colgante(1350)
Valor ($$) total:	$ 234750
Peso (kg) en acoplado:	210.7 Kg.
Km Recorridos:	930
"/>
<node Id="8" Action="Ir Icaedur" Cost="-1989.1625" Estado_Agente="&gt;&gt; ESTADO DEL AGENTE &lt;&lt;
Arqueologo en aldea: 7 (ICAEDUR)
Botin: Monedas(550) | Rubi(970) | Anillo(1060) | Diamante(880) | Colgante(1350)
Valor ($$) total:	$ 234750
Peso (kg) en acoplado:	210.7 Kg.
Km Recorridos:	830
"/>
<node Id="9" Action="Ir Mixocu" Cost="-2201.625" Estado_Agente="&gt;&gt; ESTADO DEL AGENTE &lt;&lt;
Arqueologo en aldea: 8 (MIXOCU)
Botin: Monedas(550) | Rubi(970) | Anillo(1060) | Diamante(880) | Colgante(1350)
Valor ($$) total:	$ 234750
Peso (kg) en acoplado:	210.7 Kg.
Km Recorridos:	1030
"/>
<node Id="10" Action="Tomar Tesoro" Cost="-3701.625" Estado_Agente="&gt;&gt; ESTADO DEL AGENTE &lt;&lt;
Arqueologo en aldea: 8 (MIXOCU)
Botin: Monedas(900) | Rubi(1320) | Anillo(1300) | Diamante(1030) | Colgante(1700)
Valor ($$) total:	$ 313200
Peso (kg) en acoplado:	281.0 Kg.
Km Recorridos:	1030
"/>
<node Id="11" Action="Ir Ase" Cost="-2772.125" Estado_Agente="&gt;&gt; ESTADO DEL AGENTE &lt;&lt;
Arqueologo en aldea: 1 (ASE)
Botin: Monedas(550) | Rubi(970) | Anillo(1060) | Diamante(880) | Colgante(1350)
Valor ($$) total:	$ 234750
Peso (kg) en acoplado:	210.7 Kg.
Km Recorridos:	1230
"/>
<node Id="12" Action="Ir Ase" Cost="-4272.125" Estado_Agente="&gt;&gt; ESTADO DEL AGENTE &lt;&lt;
Arqueologo en aldea: 1 (ASE)
Botin: Monedas(900) | Rubi(1320) | Anillo(1300) | Diamante(1030) | Colgante(1700)
Valor ($$) total:	$ 313200
Peso (kg) en acoplado:	281.0 Kg.
Km Recorridos:	1230
"/>
<node Id="13" Action="Tomar Tesoro" Cost="-5772.125" Estado_Agente="&gt;&gt; ESTADO DEL AGENTE &lt;&lt;
Arqueologo en aldea: 1 (ASE)
Botin: Monedas(920) | Rubi(1370) | Anillo(1370) | Diamante(1130) | Colgante(1760)
Valor ($$) total:	$ 329700
Peso (kg) en acoplado:	295.35 Kg.
Km Recorridos:	1230
"/>
<node Id="14" Action="Ir Cenede" Cost="-4431.5" Estado_Agente="&gt;&gt; ESTADO DEL AGENTE &lt;&lt;
Arqueologo en aldea: 5 (CENEDE)
Botin: Monedas(900) | Rubi(1320) | Anillo(1300) | Diamante(1030) | Colgante(1700)
Valor ($$) total:	$ 313200
Peso (kg) en acoplado:	281.0 Kg.
Km Recorridos:	1430
"/>
<node Id="15" Action="Ir Cenede" Cost="-5931.5" Estado_Agente="&gt;&gt; ESTADO DEL AGENTE &lt;&lt;
Arqueologo en aldea: 5 (CENEDE)
Botin: Monedas(920) | Rubi(1370) | Anillo(1370) | Diamante(1130) | Colgante(1760)
Valor ($$) total:	$ 329700
Peso (kg) en acoplado:	295.35 Kg.
Km Recorridos:	1430
"/>
<node Id="16" Action="Tomar Tesoro" Cost="-7431.5" Estado_Agente="&gt;&gt; ESTADO DEL AGENTE &lt;&lt;
Arqueologo en aldea: 5 (CENEDE)
Botin: Monedas(1132) | Rubi(1441) | Anillo(1473) | Diamante(1142) | Colgante(1957)
Valor ($$) total:	$ 361575
Peso (kg) en acoplado:	327.385 Kg.
Km Recorridos:	1430
"/>
<node Id="17" Action="Terminar" Cost="-5931.5" Estado_Agente="&gt;&gt; ESTADO DEL AGENTE &lt;&lt;
Arqueologo en aldea: 11 (CEDENE ~FIN~)
Botin: Monedas(920) | Rubi(1370) | Anillo(1370) | Diamante(1130) | Colgante(1760)
Valor ($$) total:	$ 329700
Peso (kg) en acoplado:	295.35 Kg.
Km Recorridos:	1430
"/>
<node Id="18" Action="Ir Ase" Cost="-8002.0" Estado_Agente="&gt;&gt; ESTADO DEL AGENTE &lt;&lt;
Arqueologo en aldea: 1 (ASE)
Botin: Monedas(1132) | Rubi(1441) | Anillo(1473) | Diamante(1142) | Colgante(1957)
Valor ($$) total:	$ 361575
Peso (kg) en acoplado:	327.385 Kg.
Km Recorridos:	1630
"/>
<node Id="19" Action="Terminar" Cost="-7431.5" Estado_Agente="&gt;&gt; ESTADO DEL AGENTE &lt;&lt;
Arqueologo en aldea: 11 (CEDENE ~FIN~)
Botin: Monedas(1132) | Rubi(1441) | Anillo(1473) | Diamante(1142) | Colgante(1957)
Valor ($$) total:	$ 361575
Peso (kg) en acoplado:	327.385 Kg.
Km Recorridos:	1430
"/>
<node Id="20" Action="Ir Mixocu" Cost="-8834.375" Estado_Agente="&gt;&gt; ESTADO DEL AGENTE &lt;&lt;
Arqueologo en aldea: 8 (MIXOCU)
Botin: Monedas(1132) | Rubi(1441) | Anillo(1473) | Diamante(1142) | Colgante(1957)
Valor ($$) total:	$ 361575
Peso (kg) en acoplado:	327.385 Kg.
Km Recorridos:	1830
"/>
<node Id="21" Action="Ir Vinizaile" Cost="-9206.113095238095" Estado_Agente="&gt;&gt; ESTADO DEL AGENTE &lt;&lt;
Arqueologo en aldea: 10 (VINIZAILE)
Botin: Monedas(1132) | Rubi(1441) | Anillo(1473) | Diamante(1142) | Colgante(1957)
Valor ($$) total:	$ 361575
Peso (kg) en acoplado:	327.385 Kg.
Km Recorridos:	2130
"/>
<node Id="22" Action="Ir Bresol" Cost="-9453.544913419913" Estado_Agente="&gt;&gt; ESTADO DEL AGENTE &lt;&lt;
Arqueologo en aldea: 2 (BRESOL)
Botin: Monedas(1132) | Rubi(1441) | Anillo(1473) | Diamante(1142) | Colgante(1957)
Valor ($$) total:	$ 361575
Peso (kg) en acoplado:	327.385 Kg.
Km Recorridos:	2530
"/>
<node Id="23" Action="Ir Cabe" Cost="-9679.113095238095" Estado_Agente="&gt;&gt; ESTADO DEL AGENTE &lt;&lt;
Arqueologo en aldea: 4 (CABE)
Botin: Monedas(1132) | Rubi(1441) | Anillo(1473) | Diamante(1142) | Colgante(1957)
Valor ($$) total:	$ 361575
Peso (kg) en acoplado:	327.385 Kg.
Km Recorridos:	2330
"/>
<node Id="24" Action="Ir Icaedur" Cost="-9695.275595238096" Estado_Agente="&gt;&gt; ESTADO DEL AGENTE &lt;&lt;
Arqueologo en aldea: 7 (ICAEDUR)
Botin: Monedas(1132) | Rubi(1441) | Anillo(1473) | Diamante(1142) | Colgante(1957)
Valor ($$) total:	$ 361575
Peso (kg) en acoplado:	327.385 Kg.
Km Recorridos:	2230
"/>
<node Id="60" Action="Tomar Tesoro" Cost="-10953.544913419913" Estado_Agente="&gt;&gt; ESTADO DEL AGENTE &lt;&lt;
Arqueologo en aldea: 2 (BRESOL)
Botin: Monedas(1212) | Rubi(1521) | Anillo(1543) | Diamante(1162) | Colgante(2157)
Valor ($$) total:	$ 380475
Peso (kg) en acoplado:	345.53499999999997 Kg.
Km Recorridos:	2530
"/>
<node Id="61" Action="Ir Aragaey" Cost="-9668.624913419913" Estado_Agente="&gt;&gt; ESTADO DEL AGENTE &lt;&lt;
Arqueologo en aldea: 0 (ARAGAEY)
Botin: Monedas(1132) | Rubi(1441) | Anillo(1473) | Diamante(1142) | Colgante(1957)
Valor ($$) total:	$ 361575
Peso (kg) en acoplado:	327.385 Kg.
Km Recorridos:	2680
"/>
<node Id="62" Action="Ir Aragaey" Cost="-11168.624913419913" Estado_Agente="&gt;&gt; ESTADO DEL AGENTE &lt;&lt;
Arqueologo en aldea: 0 (ARAGAEY)
Botin: Monedas(1212) | Rubi(1521) | Anillo(1543) | Diamante(1162) | Colgante(2157)
Valor ($$) total:	$ 380475
Peso (kg) en acoplado:	345.53499999999997 Kg.
Km Recorridos:	2680
"/>
<node Id="63" Action="Ir Ergintone" Cost="-11440.91814650262" Estado_Agente="&gt;&gt; ESTADO DEL AGENTE &lt;&lt;
Arqueologo en aldea: 6 (ERGINTONE)
Botin: Monedas(1212) | Rubi(1521) | Anillo(1543) | Diamante(1162) | Colgante(2157)
Valor ($$) total:	$ 380475
Peso (kg) en acoplado:	345.53499999999997 Kg.
Km Recorridos:	2780
"/>
<node Id="64" Action="Ir Bulovoe" Cost="-11992.96162476349" Estado_Agente="&gt;&gt; ESTADO DEL AGENTE &lt;&lt;
Arqueologo en aldea: 3 (BULOVOE)
Botin: Monedas(1212) | Rubi(1521) | Anillo(1543) | Diamante(1162) | Colgante(2157)
Valor ($$) total:	$ 380475
Peso (kg) en acoplado:	345.53499999999997 Kg.
Km Recorridos:	2980
"/>
<node Id="65" Action="Tomar Tesoro" Cost="-13492.96162476349" Estado_Agente="&gt;&gt; ESTADO DEL AGENTE &lt;&lt;
Arqueologo en aldea: 3 (BULOVOE)
Botin: Monedas(1462) | Rubi(1641) | Anillo(1563) | Diamante(1312) | Colgante(2457)
Valor ($$) total:	$ 430075
Peso (kg) en acoplado:	390.33500000000004 Kg.
Km Recorridos:	2980
"/>
<node Id="66" Action="Ir Icaedur" Cost="-12400.62412476349" Estado_Agente="&gt;&gt; ESTADO DEL AGENTE &lt;&lt;
Arqueologo en aldea: 7 (ICAEDUR)
Botin: Monedas(1212) | Rubi(1521) | Anillo(1543) | Diamante(1162) | Colgante(2157)
Valor ($$) total:	$ 380475
Peso (kg) en acoplado:	345.53499999999997 Kg.
Km Recorridos:	3330
"/>
<node Id="67" Action="Ir Icaedur" Cost="-13900.62412476349" Estado_Agente="&gt;&gt; ESTADO DEL AGENTE &lt;&lt;
Arqueologo en aldea: 7 (ICAEDUR)
Botin: Monedas(1462) | Rubi(1641) | Anillo(1563) | Diamante(1312) | Colgante(2457)
Valor ($$) total:	$ 430075
Peso (kg) en acoplado:	390.33500000000004 Kg.
Km Recorridos:	3330
"/>
<node Id="68" Action="Tomar Tesoro" Cost="-15400.62412476349" Estado_Agente="&gt;&gt; ESTADO DEL AGENTE &lt;&lt;
Arqueologo en aldea: 7 (ICAEDUR)
Botin: Monedas(1515) | Rubi(1684) | Anillo(1587) | Diamante(1345) | Colgante(2475)
Valor ($$) total:	$ 441485
Peso (kg) en acoplado:	400.245 Kg.
Km Recorridos:	3330
"/>
<node Id="69" Action="Ir Bulovoe" Cost="-15846.381888738646" Estado_Agente="&gt;&gt; ESTADO DEL AGENTE &lt;&lt;
Arqueologo en aldea: 3 (BULOVOE)
Botin: Monedas(1515) | Rubi(1684) | Anillo(1587) | Diamante(1345) | Colgante(2475)
Valor ($$) total:	$ 441485
Peso (kg) en acoplado:	400.245 Kg.
Km Recorridos:	3680
"/>
<node Id="70" Action="Tomar Tesoro" Cost="-13900.62412476349" Estado_Agente="&gt;&gt; ESTADO DEL AGENTE &lt;&lt;
Arqueologo en aldea: 7 (ICAEDUR)
Botin: Monedas(1265) | Rubi(1564) | Anillo(1567) | Diamante(1195) | Colgante(2175)
Valor ($$) total:	$ 391885
Peso (kg) en acoplado:	355.44500000000005 Kg.
Km Recorridos:	3330
"/>
<node Id="71" Action="Ir Bulovoe" Cost="-14346.381888738646" Estado_Agente="&gt;&gt; ESTADO DEL AGENTE &lt;&lt;
Arqueologo en aldea: 3 (BULOVOE)
Botin: Monedas(1265) | Rubi(1564) | Anillo(1567) | Diamante(1195) | Colgante(2175)
Valor ($$) total:	$ 391885
Peso (kg) en acoplado:	355.44500000000005 Kg.
Km Recorridos:	3680
"/>
<node Id="72" Action="Tomar Tesoro" Cost="-15846.381888738646" Estado_Agente="&gt;&gt; ESTADO DEL AGENTE &lt;&lt;
Arqueologo en aldea: 3 (BULOVOE)
Botin: Monedas(1515) | Rubi(1684) | Anillo(1587) | Diamante(1345) | Colgante(2475)
Valor ($$) total:	$ 441485
Peso (kg) en acoplado:	400.245 Kg.
Km Recorridos:	3680
"/>
<node Id="73" Action="Ir Icaedur" Cost="-16254.044388738646" Estado_Agente="&gt;&gt; ESTADO DEL AGENTE &lt;&lt;
Arqueologo en aldea: 7 (ICAEDUR)
Botin: Monedas(1515) | Rubi(1684) | Anillo(1587) | Diamante(1345) | Colgante(2475)
Valor ($$) total:	$ 441485
Peso (kg) en acoplado:	400.245 Kg.
Km Recorridos:	4030
"/>
<node Id="74" Action="Ir Ergintone" Cost="-9940.91814650262" Estado_Agente="&gt;&gt; ESTADO DEL AGENTE &lt;&lt;
Arqueologo en aldea: 6 (ERGINTONE)
Botin: Monedas(1132) | Rubi(1441) | Anillo(1473) | Diamante(1142) | Colgante(1957)
Valor ($$) total:	$ 361575
Peso (kg) en acoplado:	327.385 Kg.
Km Recorridos:	2780
"/>
<node Id="75" Action="Ir Bulovoe" Cost="-10492.96162476349" Estado_Agente="&gt;&gt; ESTADO DEL AGENTE &lt;&lt;
Arqueologo en aldea: 3 (BULOVOE)
Botin: Monedas(1132) | Rubi(1441) | Anillo(1473) | Diamante(1142) | Colgante(1957)
Valor ($$) total:	$ 361575
Peso (kg) en acoplado:	327.385 Kg.
Km Recorridos:	2980
"/>
<node Id="76" Action="Tomar Tesoro" Cost="-11992.96162476349" Estado_Agente="&gt;&gt; ESTADO DEL AGENTE &lt;&lt;
Arqueologo en aldea: 3 (BULOVOE)
Botin: Monedas(1382) | Rubi(1561) | Anillo(1493) | Diamante(1292) | Colgante(2257)
Valor ($$) total:	$ 411175
Peso (kg) en acoplado:	372.185 Kg.
Km Recorridos:	2980
"/>
<node Id="77" Action="Ir Icaedur" Cost="-10900.62412476349" Estado_Agente="&gt;&gt; ESTADO DEL AGENTE &lt;&lt;
Arqueologo en aldea: 7 (ICAEDUR)
Botin: Monedas(1132) | Rubi(1441) | Anillo(1473) | Diamante(1142) | Colgante(1957)
Valor ($$) total:	$ 361575
Peso (kg) en acoplado:	327.385 Kg.
Km Recorridos:	3330
"/>
<node Id="78" Action="Ir Icaedur" Cost="-12400.62412476349" Estado_Agente="&gt;&gt; ESTADO DEL AGENTE &lt;&lt;
Arqueologo en aldea: 7 (ICAEDUR)
Botin: Monedas(1382) | Rubi(1561) | Anillo(1493) | Diamante(1292) | Colgante(2257)
Valor ($$) total:	$ 411175
Peso (kg) en acoplado:	372.185 Kg.
Km Recorridos:	3330
"/>
<node Id="79" Action="Tomar Tesoro" Cost="-13900.62412476349" Estado_Agente="&gt;&gt; ESTADO DEL AGENTE &lt;&lt;
Arqueologo en aldea: 7 (ICAEDUR)
Botin: Monedas(1435) | Rubi(1604) | Anillo(1517) | Diamante(1325) | Colgante(2275)
Valor ($$) total:	$ 422585
Peso (kg) en acoplado:	382.09499999999997 Kg.
Km Recorridos:	3330
"/>
<node Id="80" Action="Ir Bulovoe" Cost="-14346.381888738646" Estado_Agente="&gt;&gt; ESTADO DEL AGENTE &lt;&lt;
Arqueologo en aldea: 3 (BULOVOE)
Botin: Monedas(1435) | Rubi(1604) | Anillo(1517) | Diamante(1325) | Colgante(2275)
Valor ($$) total:	$ 422585
Peso (kg) en acoplado:	382.09499999999997 Kg.
Km Recorridos:	3680
"/>
<node Id="81" Action="Tomar Tesoro" Cost="-12400.62412476349" Estado_Agente="&gt;&gt; ESTADO DEL AGENTE &lt;&lt;
Arqueologo en aldea: 7 (ICAEDUR)
Botin: Monedas(1185) | Rubi(1484) | Anillo(1497) | Diamante(1175) | Colgante(1975)
Valor ($$) total:	$ 372985
Peso (kg) en acoplado:	337.295 Kg.
Km Recorridos:	3330
"/>
<node Id="82" Action="Ir Bulovoe" Cost="-12846.381888738646" Estado_Agente="&gt;&gt; ESTADO DEL AGENTE &lt;&lt;
Arqueologo en aldea: 3 (BULOVOE)
Botin: Monedas(1185) | Rubi(1484) | Anillo(1497) | Diamante(1175) | Colgante(1975)
Valor ($$) total:	$ 372985
Peso (kg) en acoplado:	337.295 Kg.
Km Recorridos:	3680
"/>
<node Id="83" Action="Tomar Tesoro" Cost="-14346.381888738646" Estado_Agente="&gt;&gt; ESTADO DEL AGENTE &lt;&lt;
Arqueologo en aldea: 3 (BULOVOE)
Botin: Monedas(1435) | Rubi(1604) | Anillo(1517) | Diamante(1325) | Colgante(2275)
Valor ($$) total:	$ 422585
Peso (kg) en acoplado:	382.09499999999997 Kg.
Km Recorridos:	3680
"/>
<node Id="84" Action="Ir Icaedur" Cost="-14754.044388738646" Estado_Agente="&gt;&gt; ESTADO DEL AGENTE &lt;&lt;
Arqueologo en aldea: 7 (ICAEDUR)
Botin: Monedas(1435) | Rubi(1604) | Anillo(1517) | Diamante(1325) | Colgante(2275)
Valor ($$) total:	$ 422585
Peso (kg) en acoplado:	382.09499999999997 Kg.
Km Recorridos:	4030
"/>
<node Id="59" Action="Tomar Tesoro" Cost="-11179.113095238095" Estado_Agente="&gt;&gt; ESTADO DEL AGENTE &lt;&lt;
Arqueologo en aldea: 4 (CABE)
Botin: Monedas(1292) | Rubi(1691) | Anillo(1643) | Diamante(1202) | Colgante(2077)
Valor ($$) total:	$ 402375
Peso (kg) en acoplado:	362.63500000000005 Kg.
Km Recorridos:	2330
"/>
<node Id="25" Action="Tomar Tesoro" Cost="-11195.275595238096" Estado_Agente="&gt;&gt; ESTADO DEL AGENTE &lt;&lt;
Arqueologo en aldea: 7 (ICAEDUR)
Botin: Monedas(1185) | Rubi(1484) | Anillo(1497) | Diamante(1175) | Colgante(1975)
Valor ($$) total:	$ 372985
Peso (kg) en acoplado:	337.295 Kg.
Km Recorridos:	2230
"/>
<node Id="26" Action="Ir Bulovoe" Cost="-10141.033359213252" Estado_Agente="&gt;&gt; ESTADO DEL AGENTE &lt;&lt;
Arqueologo en aldea: 3 (BULOVOE)
Botin: Monedas(1132) | Rubi(1441) | Anillo(1473) | Diamante(1142) | Colgante(1957)
Valor ($$) total:	$ 361575
Peso (kg) en acoplado:	327.385 Kg.
Km Recorridos:	2580
"/>
<node Id="27" Action="Ir Bulovoe" Cost="-11641.033359213252" Estado_Agente="&gt;&gt; ESTADO DEL AGENTE &lt;&lt;
Arqueologo en aldea: 3 (BULOVOE)
Botin: Monedas(1185) | Rubi(1484) | Anillo(1497) | Diamante(1175) | Colgante(1975)
Valor ($$) total:	$ 372985
Peso (kg) en acoplado:	337.295 Kg.
Km Recorridos:	2580
"/>
<node Id="28" Action="Tomar Tesoro" Cost="-13141.033359213252" Estado_Agente="&gt;&gt; ESTADO DEL AGENTE &lt;&lt;
Arqueologo en aldea: 3 (BULOVOE)
Botin: Monedas(1435) | Rubi(1604) | Anillo(1517) | Diamante(1325) | Colgante(2275)
Valor ($$) total:	$ 422585
Peso (kg) en acoplado:	382.09499999999997 Kg.
Km Recorridos:	2580
"/>
<node Id="29" Action="Ir Ergintone" Cost="-11913.326592295958" Estado_Agente="&gt;&gt; ESTADO DEL AGENTE &lt;&lt;
Arqueologo en aldea: 6 (ERGINTONE)
Botin: Monedas(1185) | Rubi(1484) | Anillo(1497) | Diamante(1175) | Colgante(1975)
Valor ($$) total:	$ 372985
Peso (kg) en acoplado:	337.295 Kg.
Km Recorridos:	2780
"/>
<node Id="30" Action="Ir Ergintone" Cost="-13413.326592295958" Estado_Agente="&gt;&gt; ESTADO DEL AGENTE &lt;&lt;
Arqueologo en aldea: 6 (ERGINTONE)
Botin: Monedas(1435) | Rubi(1604) | Anillo(1517) | Diamante(1325) | Colgante(2275)
Valor ($$) total:	$ 422585
Peso (kg) en acoplado:	382.09499999999997 Kg.
Km Recorridos:	2780
"/>
<node Id="31" Action="Ir Icaedur" Cost="-13548.695859213252" Estado_Agente="&gt;&gt; ESTADO DEL AGENTE &lt;&lt;
Arqueologo en aldea: 7 (ICAEDUR)
Botin: Monedas(1435) | Rubi(1604) | Anillo(1517) | Diamante(1325) | Colgante(2275)
Valor ($$) total:	$ 422585
Peso (kg) en acoplado:	382.09499999999997 Kg.
Km Recorridos:	2930
"/>
<node Id="32" Action="Ir Aragaey" Cost="-13628.406592295958" Estado_Agente="&gt;&gt; ESTADO DEL AGENTE &lt;&lt;
Arqueologo en aldea: 0 (ARAGAEY)
Botin: Monedas(1435) | Rubi(1604) | Anillo(1517) | Diamante(1325) | Colgante(2275)
Valor ($$) total:	$ 422585
Peso (kg) en acoplado:	382.09499999999997 Kg.
Km Recorridos:	2880
"/>
<node Id="33" Action="Ir Peregaey" Cost="-13669.239635774218" Estado_Agente="&gt;&gt; ESTADO DEL AGENTE &lt;&lt;
Arqueologo en aldea: 9 (PEREGAEY)
Botin: Monedas(1435) | Rubi(1604) | Anillo(1517) | Diamante(1325) | Colgante(2275)
Valor ($$) total:	$ 422585
Peso (kg) en acoplado:	382.09499999999997 Kg.
Km Recorridos:	2960
"/>
<node Id="34" Action="Ir Bresol" Cost="-13954.588410477776" Estado_Agente="&gt;&gt; ESTADO DEL AGENTE &lt;&lt;
Arqueologo en aldea: 2 (BRESOL)
Botin: Monedas(1435) | Rubi(1604) | Anillo(1517) | Diamante(1325) | Colgante(2275)
Valor ($$) total:	$ 422585
Peso (kg) en acoplado:	382.09499999999997 Kg.
Km Recorridos:	3030
"/>
<node Id="35" Action="Tomar Tesoro" Cost="-15454.588410477776" Estado_Agente="&gt;&gt; ESTADO DEL AGENTE &lt;&lt;
Arqueologo en aldea: 2 (BRESOL)
Botin: Monedas(1515) | Rubi(1684) | Anillo(1587) | Diamante(1345) | Colgante(2475)
Valor ($$) total:	$ 441485
Peso (kg) en acoplado:	400.245 Kg.
Km Recorridos:	3030
"/>
<node Id="36" Action="Ir Aragaey" Cost="-12128.406592295958" Estado_Agente="&gt;&gt; ESTADO DEL AGENTE &lt;&lt;
Arqueologo en aldea: 0 (ARAGAEY)
Botin: Monedas(1185) | Rubi(1484) | Anillo(1497) | Diamante(1175) | Colgante(1975)
Valor ($$) total:	$ 372985
Peso (kg) en acoplado:	337.295 Kg.
Km Recorridos:	2880
"/>
<node Id="37" Action="Ir Peregaey" Cost="-12169.239635774218" Estado_Agente="&gt;&gt; ESTADO DEL AGENTE &lt;&lt;
Arqueologo en aldea: 9 (PEREGAEY)
Botin: Monedas(1185) | Rubi(1484) | Anillo(1497) | Diamante(1175) | Colgante(1975)
Valor ($$) total:	$ 372985
Peso (kg) en acoplado:	337.295 Kg.
Km Recorridos:	2960
"/>
<node Id="38" Action="Ir Bresol" Cost="-12454.588410477776" Estado_Agente="&gt;&gt; ESTADO DEL AGENTE &lt;&lt;
Arqueologo en aldea: 2 (BRESOL)
Botin: Monedas(1185) | Rubi(1484) | Anillo(1497) | Diamante(1175) | Colgante(1975)
Valor ($$) total:	$ 372985
Peso (kg) en acoplado:	337.295 Kg.
Km Recorridos:	3030
"/>
<node Id="39" Action="Tomar Tesoro" Cost="-13954.588410477776" Estado_Agente="&gt;&gt; ESTADO DEL AGENTE &lt;&lt;
Arqueologo en aldea: 2 (BRESOL)
Botin: Monedas(1265) | Rubi(1564) | Anillo(1567) | Diamante(1195) | Colgante(2175)
Valor ($$) total:	$ 391885
Peso (kg) en acoplado:	355.44500000000005 Kg.
Km Recorridos:	3030
"/>
<node Id="40" Action="Tomar Tesoro" Cost="-11641.033359213252" Estado_Agente="&gt;&gt; ESTADO DEL AGENTE &lt;&lt;
Arqueologo en aldea: 3 (BULOVOE)
Botin: Monedas(1382) | Rubi(1561) | Anillo(1493) | Diamante(1292) | Colgante(2257)
Valor ($$) total:	$ 411175
Peso (kg) en acoplado:	372.185 Kg.
Km Recorridos:	2580
"/>
<node Id="41" Action="Ir Ergintone" Cost="-10413.326592295958" Estado_Agente="&gt;&gt; ESTADO DEL AGENTE &lt;&lt;
Arqueologo en aldea: 6 (ERGINTONE)
Botin: Monedas(1132) | Rubi(1441) | Anillo(1473) | Diamante(1142) | Colgante(1957)
Valor ($$) total:	$ 361575
Peso (kg) en acoplado:	327.385 Kg.
Km Recorridos:	2780
"/>
<node Id="42" Action="Ir Ergintone" Cost="-11913.326592295958" Estado_Agente="&gt;&gt; ESTADO DEL AGENTE &lt;&lt;
Arqueologo en aldea: 6 (ERGINTONE)
Botin: Monedas(1382) | Rubi(1561) | Anillo(1493) | Diamante(1292) | Colgante(2257)
Valor ($$) total:	$ 411175
Peso (kg) en acoplado:	372.185 Kg.
Km Recorridos:	2780
"/>
<node Id="43" Action="Ir Icaedur" Cost="-12048.695859213252" Estado_Agente="&gt;&gt; ESTADO DEL AGENTE &lt;&lt;
Arqueologo en aldea: 7 (ICAEDUR)
Botin: Monedas(1382) | Rubi(1561) | Anillo(1493) | Diamante(1292) | Colgante(2257)
Valor ($$) total:	$ 411175
Peso (kg) en acoplado:	372.185 Kg.
Km Recorridos:	2930
"/>
<node Id="51" Action="Ir Aragaey" Cost="-12128.406592295958" Estado_Agente="&gt;&gt; ESTADO DEL AGENTE &lt;&lt;
Arqueologo en aldea: 0 (ARAGAEY)
Botin: Monedas(1382) | Rubi(1561) | Anillo(1493) | Diamante(1292) | Colgante(2257)
Valor ($$) total:	$ 411175
Peso (kg) en acoplado:	372.185 Kg.
Km Recorridos:	2880
"/>
<node Id="52" Action="Ir Peregaey" Cost="-12169.239635774218" Estado_Agente="&gt;&gt; ESTADO DEL AGENTE &lt;&lt;
Arqueologo en aldea: 9 (PEREGAEY)
Botin: Monedas(1382) | Rubi(1561) | Anillo(1493) | Diamante(1292) | Colgante(2257)
Valor ($$) total:	$ 411175
Peso (kg) en acoplado:	372.185 Kg.
Km Recorridos:	2960
"/>
<node Id="53" Action="Ir Bresol" Cost="-12454.588410477776" Estado_Agente="&gt;&gt; ESTADO DEL AGENTE &lt;&lt;
Arqueologo en aldea: 2 (BRESOL)
Botin: Monedas(1382) | Rubi(1561) | Anillo(1493) | Diamante(1292) | Colgante(2257)
Valor ($$) total:	$ 411175
Peso (kg) en acoplado:	372.185 Kg.
Km Recorridos:	3030
"/>
<node Id="54" Action="Tomar Tesoro" Cost="-13954.588410477776" Estado_Agente="&gt;&gt; ESTADO DEL AGENTE &lt;&lt;
Arqueologo en aldea: 2 (BRESOL)
Botin: Monedas(1462) | Rubi(1641) | Anillo(1563) | Diamante(1312) | Colgante(2457)
Valor ($$) total:	$ 430075
Peso (kg) en acoplado:	390.33500000000004 Kg.
Km Recorridos:	3030
"/>
<node Id="44" Action="Tomar Tesoro" Cost="-13548.695859213252" Estado_Agente="&gt;&gt; ESTADO DEL AGENTE &lt;&lt;
Arqueologo en aldea: 7 (ICAEDUR)
Botin: Monedas(1435) | Rubi(1604) | Anillo(1517) | Diamante(1325) | Colgante(2275)
Valor ($$) total:	$ 422585
Peso (kg) en acoplado:	382.09499999999997 Kg.
Km Recorridos:	2930
"/>
<node Id="45" Action="Ir Bulovoe" Cost="-13994.453623188409" Estado_Agente="&gt;&gt; ESTADO DEL AGENTE &lt;&lt;
Arqueologo en aldea: 3 (BULOVOE)
Botin: Monedas(1435) | Rubi(1604) | Anillo(1517) | Diamante(1325) | Colgante(2275)
Valor ($$) total:	$ 422585
Peso (kg) en acoplado:	382.09499999999997 Kg.
Km Recorridos:	3280
"/>
<node Id="46" Action="Ir Ergintone" Cost="-14266.746856271115" Estado_Agente="&gt;&gt; ESTADO DEL AGENTE &lt;&lt;
Arqueologo en aldea: 6 (ERGINTONE)
Botin: Monedas(1435) | Rubi(1604) | Anillo(1517) | Diamante(1325) | Colgante(2275)
Valor ($$) total:	$ 422585
Peso (kg) en acoplado:	382.09499999999997 Kg.
Km Recorridos:	3480
"/>
<node Id="47" Action="Ir Aragaey" Cost="-14481.826856271115" Estado_Agente="&gt;&gt; ESTADO DEL AGENTE &lt;&lt;
Arqueologo en aldea: 0 (ARAGAEY)
Botin: Monedas(1435) | Rubi(1604) | Anillo(1517) | Diamante(1325) | Colgante(2275)
Valor ($$) total:	$ 422585
Peso (kg) en acoplado:	382.09499999999997 Kg.
Km Recorridos:	3580
"/>
<node Id="48" Action="Ir Peregaey" Cost="-14522.659899749375" Estado_Agente="&gt;&gt; ESTADO DEL AGENTE &lt;&lt;
Arqueologo en aldea: 9 (PEREGAEY)
Botin: Monedas(1435) | Rubi(1604) | Anillo(1517) | Diamante(1325) | Colgante(2275)
Valor ($$) total:	$ 422585
Peso (kg) en acoplado:	382.09499999999997 Kg.
Km Recorridos:	3660
"/>
<node Id="49" Action="Ir Bresol" Cost="-14808.008674452933" Estado_Agente="&gt;&gt; ESTADO DEL AGENTE &lt;&lt;
Arqueologo en aldea: 2 (BRESOL)
Botin: Monedas(1435) | Rubi(1604) | Anillo(1517) | Diamante(1325) | Colgante(2275)
Valor ($$) total:	$ 422585
Peso (kg) en acoplado:	382.09499999999997 Kg.
Km Recorridos:	3730
"/>
<node Id="50" Action="Tomar Tesoro" Cost="-16308.008674452933" Estado_Agente="&gt;&gt; ESTADO DEL AGENTE &lt;&lt;
Arqueologo en aldea: 2 (BRESOL)
Botin: Monedas(1515) | Rubi(1684) | Anillo(1587) | Diamante(1345) | Colgante(2475)
Valor ($$) total:	$ 441485
Peso (kg) en acoplado:	400.245 Kg.
Km Recorridos:	3730
"/>
<node Id="55" Action="Ir Aragaey" Cost="-10628.406592295958" Estado_Agente="&gt;&gt; ESTADO DEL AGENTE &lt;&lt;
Arqueologo en aldea: 0 (ARAGAEY)
Botin: Monedas(1132) | Rubi(1441) | Anillo(1473) | Diamante(1142) | Colgante(1957)
Valor ($$) total:	$ 361575
Peso (kg) en acoplado:	327.385 Kg.
Km Recorridos:	2880
"/>
<node Id="56" Action="Ir Peregaey" Cost="-10669.239635774218" Estado_Agente="&gt;&gt; ESTADO DEL AGENTE &lt;&lt;
Arqueologo en aldea: 9 (PEREGAEY)
Botin: Monedas(1132) | Rubi(1441) | Anillo(1473) | Diamante(1142) | Colgante(1957)
Valor ($$) total:	$ 361575
Peso (kg) en acoplado:	327.385 Kg.
Km Recorridos:	2960
"/>
<node Id="57" Action="Ir Bresol" Cost="-10954.588410477776" Estado_Agente="&gt;&gt; ESTADO DEL AGENTE &lt;&lt;
Arqueologo en aldea: 2 (BRESOL)
Botin: Monedas(1132) | Rubi(1441) | Anillo(1473) | Diamante(1142) | Colgante(1957)
Valor ($$) total:	$ 361575
Peso (kg) en acoplado:	327.385 Kg.
Km Recorridos:	3030
"/>
<node Id="58" Action="Tomar Tesoro" Cost="-12454.588410477776" Estado_Agente="&gt;&gt; ESTADO DEL AGENTE &lt;&lt;
Arqueologo en aldea: 2 (BRESOL)
Botin: Monedas(1212) | Rubi(1521) | Anillo(1543) | Diamante(1162) | Colgante(2157)
Valor ($$) total:	$ 380475
Peso (kg) en acoplado:	345.53499999999997 Kg.
Km Recorridos:	3030
"/>
<edge source="0" target="1"/>
<edge source="0" target="2"/>
<edge source="0" target="3"/>
<edge source="0" target="4"/>
<edge source="0" target="5"/>
<edge source="1" target="6"/>
<edge source="1" target="7"/>
<edge source="1" target="8"/>
<edge source="1" target="9"/>
<edge source="9" target="10"/>
<edge source="9" target="11"/>
<edge source="10" target="12"/>
<edge source="12" target="13"/>
<edge source="12" target="14"/>
<edge source="13" target="15"/>
<edge source="15" target="16"/>
<edge source="15" target="17"/>
<edge source="16" target="18"/>
<edge source="16" target="19"/>
<edge source="18" target="20"/>
<edge source="20" target="21"/>
<edge source="21" target="22"/>
<edge source="21" target="23"/>
<edge source="21" target="24"/>
<edge source="22" target="60"/>
<edge source="22" target="61"/>
<edge source="23" target="59"/>
<edge source="24" target="25"/>
<edge source="24" target="26"/>
<edge source="60" target="62"/>
<edge source="61" target="74"/>
<edge source="62" target="63"/>
<edge source="63" target="64"/>
<edge source="64" target="65"/>
<edge source="64" target="66"/>
<edge source="65" target="67"/>
<edge source="66" target="70"/>
<edge source="67" target="68"/>
<edge source="68" target="69"/>
<edge source="70" target="71"/>
<edge source="71" target="72"/>
<edge source="72" target="73"/>
<edge source="74" target="75"/>
<edge source="75" target="76"/>
<edge source="75" target="77"/>
<edge source="76" target="78"/>
<edge source="77" target="81"/>
<edge source="78" target="79"/>
<edge source="79" target="80"/>
<edge source="81" target="82"/>
<edge source="82" target="83"/>
<edge source="83" target="84"/>
<edge source="25" target="27"/>
<edge source="26" target="40"/>
<edge source="26" target="41"/>
<edge source="27" target="28"/>
<edge source="27" target="29"/>
<edge source="28" target="30"/>
<edge source="28" target="31"/>
<edge source="29" target="36"/>
<edge source="29" target="37"/>
<edge source="30" target="32"/>
<edge source="30" target="33"/>
<edge source="32" target="34"/>
<edge source="34" target="35"/>
<edge source="36" target="38"/>
<edge source="38" target="39"/>
<edge source="40" target="42"/>
<edge source="40" target="43"/>
<edge source="41" target="55"/>
<edge source="41" target="56"/>
<edge source="42" target="51"/>
<edge source="42" target="52"/>
<edge source="43" target="44"/>
<edge source="51" target="53"/>
<edge source="53" target="54"/>
<edge source="44" target="45"/>
<edge source="45" target="46"/>
<edge source="46" target="47"/>
<edge source="46" target="48"/>
<edge source="47" target="49"/>
<edge source="49" target="50"/>
<edge source="55" target="57"/>
<edge source="57" target="58"/>
</tree>
