<tree id="7" edgedefault="directed">
<node Id="0" Action="null" Cost="0.0" Estado_Agente="&gt;&gt; ESTADO DEL AGENTE &lt;&lt;
Arqueologo en aldea: 8 (MIXOCU)
Botin: Monedas(550) | Rubi(970) | Anillo(1060) | Diamante(880) | Colgante(1350)
Valor ($$) total:	$ 234750
Peso (kg) en acoplado:	210.7 Kg.
Km Recorridos:	1030
"/>
<node Id="1" Action="Ir Bresol" Cost="-247.4318181818182" Estado_Agente="&gt;&gt; ESTADO DEL AGENTE &lt;&lt;
Arqueologo en aldea: 2 (BRESOL)
Botin: Monedas(550) | Rubi(970) | Anillo(1060) | Diamante(880) | Colgante(1350)
Valor ($$) total:	$ 234750
Peso (kg) en acoplado:	210.7 Kg.
Km Recorridos:	1130
"/>
<node Id="2" Action="Ir Cabe" Cost="-473.0" Estado_Agente="&gt;&gt; ESTADO DEL AGENTE &lt;&lt;
Arqueologo en aldea: 4 (CABE)
Botin: Monedas(550) | Rubi(970) | Anillo(1060) | Diamante(880) | Colgante(1350)
Valor ($$) total:	$ 234750
Peso (kg) en acoplado:	210.7 Kg.
Km Recorridos:	930
"/>
<node Id="3" Action="Ir Icaedur" Cost="-489.1625" Estado_Agente="&gt;&gt; ESTADO DEL AGENTE &lt;&lt;
Arqueologo en aldea: 7 (ICAEDUR)
Botin: Monedas(550) | Rubi(970) | Anillo(1060) | Diamante(880) | Colgante(1350)
Valor ($$) total:	$ 234750
Peso (kg) en acoplado:	210.7 Kg.
Km Recorridos:	830
"/>
<node Id="4" Action="Ir Mixocu" Cost="-701.625" Estado_Agente="&gt;&gt; ESTADO DEL AGENTE &lt;&lt;
Arqueologo en aldea: 8 (MIXOCU)
Botin: Monedas(550) | Rubi(970) | Anillo(1060) | Diamante(880) | Colgante(1350)
Valor ($$) total:	$ 234750
Peso (kg) en acoplado:	210.7 Kg.
Km Recorridos:	1030
"/>
<node Id="5" Action="Tomar Tesoro" Cost="-2201.625" Estado_Agente="&gt;&gt; ESTADO DEL AGENTE &lt;&lt;
Arqueologo en aldea: 8 (MIXOCU)
Botin: Monedas(900) | Rubi(1320) | Anillo(1300) | Diamante(1030) | Colgante(1700)
Valor ($$) total:	$ 313200
Peso (kg) en acoplado:	281.0 Kg.
Km Recorridos:	1030
"/>
<node Id="6" Action="Ir Ase" Cost="-1272.125" Estado_Agente="&gt;&gt; ESTADO DEL AGENTE &lt;&lt;
Arqueologo en aldea: 1 (ASE)
Botin: Monedas(550) | Rubi(970) | Anillo(1060) | Diamante(880) | Colgante(1350)
Valor ($$) total:	$ 234750
Peso (kg) en acoplado:	210.7 Kg.
Km Recorridos:	1230
"/>
<node Id="7" Action="Ir Ase" Cost="-2772.125" Estado_Agente="&gt;&gt; ESTADO DEL AGENTE &lt;&lt;
Arqueologo en aldea: 1 (ASE)
Botin: Monedas(900) | Rubi(1320) | Anillo(1300) | Diamante(1030) | Colgante(1700)
Valor ($$) total:	$ 313200
Peso (kg) en acoplado:	281.0 Kg.
Km Recorridos:	1230
"/>
<node Id="8" Action="Tomar Tesoro" Cost="-4272.125" Estado_Agente="&gt;&gt; ESTADO DEL AGENTE &lt;&lt;
Arqueologo en aldea: 1 (ASE)
Botin: Monedas(920) | Rubi(1370) | Anillo(1370) | Diamante(1130) | Colgante(1760)
Valor ($$) total:	$ 329700
Peso (kg) en acoplado:	295.35 Kg.
Km Recorridos:	1230
"/>
<node Id="9" Action="Ir Cenede" Cost="-2931.5" Estado_Agente="&gt;&gt; ESTADO DEL AGENTE &lt;&lt;
Arqueologo en aldea: 5 (CENEDE)
Botin: Monedas(900) | Rubi(1320) | Anillo(1300) | Diamante(1030) | Colgante(1700)
Valor ($$) total:	$ 313200
Peso (kg) en acoplado:	281.0 Kg.
Km Recorridos:	1430
"/>
<node Id="10" Action="Ir Cenede" Cost="-4431.5" Estado_Agente="&gt;&gt; ESTADO DEL AGENTE &lt;&lt;
Arqueologo en aldea: 5 (CENEDE)
Botin: Monedas(920) | Rubi(1370) | Anillo(1370) | Diamante(1130) | Colgante(1760)
Valor ($$) total:	$ 329700
Peso (kg) en acoplado:	295.35 Kg.
Km Recorridos:	1430
"/>
<node Id="11" Action="Tomar Tesoro" Cost="-5931.5" Estado_Agente="&gt;&gt; ESTADO DEL AGENTE &lt;&lt;
Arqueologo en aldea: 5 (CENEDE)
Botin: Monedas(1132) | Rubi(1441) | Anillo(1473) | Diamante(1142) | Colgante(1957)
Valor ($$) total:	$ 361575
Peso (kg) en acoplado:	327.385 Kg.
Km Recorridos:	1430
"/>
<node Id="12" Action="Terminar" Cost="-4431.5" Estado_Agente="&gt;&gt; ESTADO DEL AGENTE &lt;&lt;
Arqueologo en aldea: 11 (CEDENE ~FIN~)
Botin: Monedas(920) | Rubi(1370) | Anillo(1370) | Diamante(1130) | Colgante(1760)
Valor ($$) total:	$ 329700
Peso (kg) en acoplado:	295.35 Kg.
Km Recorridos:	1430
"/>
<node Id="13" Action="Ir Ase" Cost="-6502.0" Estado_Agente="&gt;&gt; ESTADO DEL AGENTE &lt;&lt;
Arqueologo en aldea: 1 (ASE)
Botin: Monedas(1132) | Rubi(1441) | Anillo(1473) | Diamante(1142) | Colgante(1957)
Valor ($$) total:	$ 361575
Peso (kg) en acoplado:	327.385 Kg.
Km Recorridos:	1630
"/>
<node Id="14" Action="Terminar" Cost="-5931.5" Estado_Agente="&gt;&gt; ESTADO DEL AGENTE &lt;&lt;
Arqueologo en aldea: 11 (CEDENE ~FIN~)
Botin: Monedas(1132) | Rubi(1441) | Anillo(1473) | Diamante(1142) | Colgante(1957)
Valor ($$) total:	$ 361575
Peso (kg) en acoplado:	327.385 Kg.
Km Recorridos:	1430
"/>
<node Id="15" Action="Ir Mixocu" Cost="-7334.375" Estado_Agente="&gt;&gt; ESTADO DEL AGENTE &lt;&lt;
Arqueologo en aldea: 8 (MIXOCU)
Botin: Monedas(1132) | Rubi(1441) | Anillo(1473) | Diamante(1142) | Colgante(1957)
Valor ($$) total:	$ 361575
Peso (kg) en acoplado:	327.385 Kg.
Km Recorridos:	1830
"/>
<node Id="16" Action="Ir Vinizaile" Cost="-7621.946428571428" Estado_Agente="&gt;&gt; ESTADO DEL AGENTE &lt;&lt;
Arqueologo en aldea: 10 (VINIZAILE)
Botin: Monedas(1132) | Rubi(1441) | Anillo(1473) | Diamante(1142) | Colgante(1957)
Valor ($$) total:	$ 361575
Peso (kg) en acoplado:	327.385 Kg.
Km Recorridos:	2130
"/>
<node Id="17" Action="Ir Bresol" Cost="-7869.3782467532465" Estado_Agente="&gt;&gt; ESTADO DEL AGENTE &lt;&lt;
Arqueologo en aldea: 2 (BRESOL)
Botin: Monedas(1132) | Rubi(1441) | Anillo(1473) | Diamante(1142) | Colgante(1957)
Valor ($$) total:	$ 361575
Peso (kg) en acoplado:	327.385 Kg.
Km Recorridos:	2530
"/>
<node Id="18" Action="Ir Cabe" Cost="-8094.946428571428" Estado_Agente="&gt;&gt; ESTADO DEL AGENTE &lt;&lt;
Arqueologo en aldea: 4 (CABE)
Botin: Monedas(1132) | Rubi(1441) | Anillo(1473) | Diamante(1142) | Colgante(1957)
Valor ($$) total:	$ 361575
Peso (kg) en acoplado:	327.385 Kg.
Km Recorridos:	2330
"/>
<node Id="19" Action="Ir Icaedur" Cost="-8111.108928571429" Estado_Agente="&gt;&gt; ESTADO DEL AGENTE &lt;&lt;
Arqueologo en aldea: 7 (ICAEDUR)
Botin: Monedas(1132) | Rubi(1441) | Anillo(1473) | Diamante(1142) | Colgante(1957)
Valor ($$) total:	$ 361575
Peso (kg) en acoplado:	327.385 Kg.
Km Recorridos:	2230
"/>
<node Id="55" Action="Tomar Tesoro" Cost="-9369.378246753247" Estado_Agente="&gt;&gt; ESTADO DEL AGENTE &lt;&lt;
Arqueologo en aldea: 2 (BRESOL)
Botin: Monedas(1212) | Rubi(1521) | Anillo(1543) | Diamante(1162) | Colgante(2157)
Valor ($$) total:	$ 380475
Peso (kg) en acoplado:	345.53499999999997 Kg.
Km Recorridos:	2530
"/>
<node Id="56" Action="Ir Aragaey" Cost="-8084.458246753246" Estado_Agente="&gt;&gt; ESTADO DEL AGENTE &lt;&lt;
Arqueologo en aldea: 0 (ARAGAEY)
Botin: Monedas(1132) | Rubi(1441) | Anillo(1473) | Diamante(1142) | Colgante(1957)
Valor ($$) total:	$ 361575
Peso (kg) en acoplado:	327.385 Kg.
Km Recorridos:	2680
"/>
<node Id="57" Action="Ir Aragaey" Cost="-9584.458246753247" Estado_Agente="&gt;&gt; ESTADO DEL AGENTE &lt;&lt;
Arqueologo en aldea: 0 (ARAGAEY)
Botin: Monedas(1212) | Rubi(1521) | Anillo(1543) | Diamante(1162) | Colgante(2157)
Valor ($$) total:	$ 380475
Peso (kg) en acoplado:	345.53499999999997 Kg.
Km Recorridos:	2680
"/>
<node Id="58" Action="Ir Ergintone" Cost="-9856.751479835953" Estado_Agente="&gt;&gt; ESTADO DEL AGENTE &lt;&lt;
Arqueologo en aldea: 6 (ERGINTONE)
Botin: Monedas(1212) | Rubi(1521) | Anillo(1543) | Diamante(1162) | Colgante(2157)
Valor ($$) total:	$ 380475
Peso (kg) en acoplado:	345.53499999999997 Kg.
Km Recorridos:	2780
"/>
<node Id="59" Action="Ir Bulovoe" Cost="-10408.794958096823" Estado_Agente="&gt;&gt; ESTADO DEL AGENTE &lt;&lt;
Arqueologo en aldea: 3 (BULOVOE)
Botin: Monedas(1212) | Rubi(1521) | Anillo(1543) | Diamante(1162) | Colgante(2157)
Valor ($$) total:	$ 380475
Peso (kg) en acoplado:	345.53499999999997 Kg.
Km Recorridos:	2980
"/>
<node Id="60" Action="Tomar Tesoro" Cost="-11908.794958096823" Estado_Agente="&gt;&gt; ESTADO DEL AGENTE &lt;&lt;
Arqueologo en aldea: 3 (BULOVOE)
Botin: Monedas(1462) | Rubi(1641) | Anillo(1563) | Diamante(1312) | Colgante(2457)
Valor ($$) total:	$ 430075
Peso (kg) en acoplado:	390.33500000000004 Kg.
Km Recorridos:	2980
"/>
<node Id="61" Action="Ir Icaedur" Cost="-10816.457458096824" Estado_Agente="&gt;&gt; ESTADO DEL AGENTE &lt;&lt;
Arqueologo en aldea: 7 (ICAEDUR)
Botin: Monedas(1212) | Rubi(1521) | Anillo(1543) | Diamante(1162) | Colgante(2157)
Valor ($$) total:	$ 380475
Peso (kg) en acoplado:	345.53499999999997 Kg.
Km Recorridos:	3330
"/>
<node Id="62" Action="Ir Icaedur" Cost="-12316.457458096824" Estado_Agente="&gt;&gt; ESTADO DEL AGENTE &lt;&lt;
Arqueologo en aldea: 7 (ICAEDUR)
Botin: Monedas(1462) | Rubi(1641) | Anillo(1563) | Diamante(1312) | Colgante(2457)
Valor ($$) total:	$ 430075
Peso (kg) en acoplado:	390.33500000000004 Kg.
Km Recorridos:	3330
"/>
<node Id="63" Action="Tomar Tesoro" Cost="-13816.457458096824" Estado_Agente="&gt;&gt; ESTADO DEL AGENTE &lt;&lt;
Arqueologo en aldea: 7 (ICAEDUR)
Botin: Monedas(1515) | Rubi(1684) | Anillo(1587) | Diamante(1345) | Colgante(2475)
Valor ($$) total:	$ 441485
Peso (kg) en acoplado:	400.245 Kg.
Km Recorridos:	3330
"/>
<node Id="64" Action="Ir Bulovoe" Cost="-14262.21522207198" Estado_Agente="&gt;&gt; ESTADO DEL AGENTE &lt;&lt;
Arqueologo en aldea: 3 (BULOVOE)
Botin: Monedas(1515) | Rubi(1684) | Anillo(1587) | Diamante(1345) | Colgante(2475)
Valor ($$) total:	$ 441485
Peso (kg) en acoplado:	400.245 Kg.
Km Recorridos:	3680
"/>
<node Id="65" Action="Tomar Tesoro" Cost="-12316.457458096824" Estado_Agente="&gt;&gt; ESTADO DEL AGENTE &lt;&lt;
Arqueologo en aldea: 7 (ICAEDUR)
Botin: Monedas(1265) | Rubi(1564) | Anillo(1567) | Diamante(1195) | Colgante(2175)
Valor ($$) total:	$ 391885
Peso (kg) en acoplado:	355.44500000000005 Kg.
Km Recorridos:	3330
"/>
<node Id="66" Action="Ir Bulovoe" Cost="-12762.21522207198" Estado_Agente="&gt;&gt; ESTADO DEL AGENTE &lt;&lt;
Arqueologo en aldea: 3 (BULOVOE)
Botin: Monedas(1265) | Rubi(1564) | Anillo(1567) | Diamante(1195) | Colgante(2175)
Valor ($$) total:	$ 391885
Peso (kg) en acoplado:	355.44500000000005 Kg.
Km Recorridos:	3680
"/>
<node Id="67" Action="Tomar Tesoro" Cost="-14262.21522207198" Estado_Agente="&gt;&gt; ESTADO DEL AGENTE &lt;&lt;
Arqueologo en aldea: 3 (BULOVOE)
Botin: Monedas(1515) | Rubi(1684) | Anillo(1587) | Diamante(1345) | Colgante(2475)
Valor ($$) total:	$ 441485
Peso (kg) en acoplado:	400.245 Kg.
Km Recorridos:	3680
"/>
<node Id="68" Action="Ir Icaedur" Cost="-14669.87772207198" Estado_Agente="&gt;&gt; ESTADO DEL AGENTE &lt;&lt;
Arqueologo en aldea: 7 (ICAEDUR)
Botin: Monedas(1515) | Rubi(1684) | Anillo(1587) | Diamante(1345) | Colgante(2475)
Valor ($$) total:	$ 441485
Peso (kg) en acoplado:	400.245 Kg.
Km Recorridos:	4030
"/>
<node Id="69" Action="Ir Ergintone" Cost="-8356.751479835953" Estado_Agente="&gt;&gt; ESTADO DEL AGENTE &lt;&lt;
Arqueologo en aldea: 6 (ERGINTONE)
Botin: Monedas(1132) | Rubi(1441) | Anillo(1473) | Diamante(1142) | Colgante(1957)
Valor ($$) total:	$ 361575
Peso (kg) en acoplado:	327.385 Kg.
Km Recorridos:	2780
"/>
<node Id="70" Action="Ir Bulovoe" Cost="-8908.794958096823" Estado_Agente="&gt;&gt; ESTADO DEL AGENTE &lt;&lt;
Arqueologo en aldea: 3 (BULOVOE)
Botin: Monedas(1132) | Rubi(1441) | Anillo(1473) | Diamante(1142) | Colgante(1957)
Valor ($$) total:	$ 361575
Peso (kg) en acoplado:	327.385 Kg.
Km Recorridos:	2980
"/>
<node Id="71" Action="Tomar Tesoro" Cost="-10408.794958096823" Estado_Agente="&gt;&gt; ESTADO DEL AGENTE &lt;&lt;
Arqueologo en aldea: 3 (BULOVOE)
Botin: Monedas(1382) | Rubi(1561) | Anillo(1493) | Diamante(1292) | Colgante(2257)
Valor ($$) total:	$ 411175
Peso (kg) en acoplado:	372.185 Kg.
Km Recorridos:	2980
"/>
<node Id="72" Action="Ir Icaedur" Cost="-9316.457458096824" Estado_Agente="&gt;&gt; ESTADO DEL AGENTE &lt;&lt;
Arqueologo en aldea: 7 (ICAEDUR)
Botin: Monedas(1132) | Rubi(1441) | Anillo(1473) | Diamante(1142) | Colgante(1957)
Valor ($$) total:	$ 361575
Peso (kg) en acoplado:	327.385 Kg.
Km Recorridos:	3330
"/>
<node Id="73" Action="Ir Icaedur" Cost="-10816.457458096824" Estado_Agente="&gt;&gt; ESTADO DEL AGENTE &lt;&lt;
Arqueologo en aldea: 7 (ICAEDUR)
Botin: Monedas(1382) | Rubi(1561) | Anillo(1493) | Diamante(1292) | Colgante(2257)
Valor ($$) total:	$ 411175
Peso (kg) en acoplado:	372.185 Kg.
Km Recorridos:	3330
"/>
<node Id="74" Action="Tomar Tesoro" Cost="-12316.457458096824" Estado_Agente="&gt;&gt; ESTADO DEL AGENTE &lt;&lt;
Arqueologo en aldea: 7 (ICAEDUR)
Botin: Monedas(1435) | Rubi(1604) | Anillo(1517) | Diamante(1325) | Colgante(2275)
Valor ($$) total:	$ 422585
Peso (kg) en acoplado:	382.09499999999997 Kg.
Km Recorridos:	3330
"/>
<node Id="75" Action="Ir Bulovoe" Cost="-12762.21522207198" Estado_Agente="&gt;&gt; ESTADO DEL AGENTE &lt;&lt;
Arqueologo en aldea: 3 (BULOVOE)
Botin: Monedas(1435) | Rubi(1604) | Anillo(1517) | Diamante(1325) | Colgante(2275)
Valor ($$) total:	$ 422585
Peso (kg) en acoplado:	382.09499999999997 Kg.
Km Recorridos:	3680
"/>
<node Id="76" Action="Tomar Tesoro" Cost="-10816.457458096824" Estado_Agente="&gt;&gt; ESTADO DEL AGENTE &lt;&lt;
Arqueologo en aldea: 7 (ICAEDUR)
Botin: Monedas(1185) | Rubi(1484) | Anillo(1497) | Diamante(1175) | Colgante(1975)
Valor ($$) total:	$ 372985
Peso (kg) en acoplado:	337.295 Kg.
Km Recorridos:	3330
"/>
<node Id="77" Action="Ir Bulovoe" Cost="-11262.21522207198" Estado_Agente="&gt;&gt; ESTADO DEL AGENTE &lt;&lt;
Arqueologo en aldea: 3 (BULOVOE)
Botin: Monedas(1185) | Rubi(1484) | Anillo(1497) | Diamante(1175) | Colgante(1975)
Valor ($$) total:	$ 372985
Peso (kg) en acoplado:	337.295 Kg.
Km Recorridos:	3680
"/>
<node Id="78" Action="Tomar Tesoro" Cost="-12762.21522207198" Estado_Agente="&gt;&gt; ESTADO DEL AGENTE &lt;&lt;
Arqueologo en aldea: 3 (BULOVOE)
Botin: Monedas(1435) | Rubi(1604) | Anillo(1517) | Diamante(1325) | Colgante(2275)
Valor ($$) total:	$ 422585
Peso (kg) en acoplado:	382.09499999999997 Kg.
Km Recorridos:	3680
"/>
<node Id="79" Action="Ir Icaedur" Cost="-13169.87772207198" Estado_Agente="&gt;&gt; ESTADO DEL AGENTE &lt;&lt;
Arqueologo en aldea: 7 (ICAEDUR)
Botin: Monedas(1435) | Rubi(1604) | Anillo(1517) | Diamante(1325) | Colgante(2275)
Valor ($$) total:	$ 422585
Peso (kg) en acoplado:	382.09499999999997 Kg.
Km Recorridos:	4030
"/>
<node Id="54" Action="Tomar Tesoro" Cost="-9594.946428571428" Estado_Agente="&gt;&gt; ESTADO DEL AGENTE &lt;&lt;
Arqueologo en aldea: 4 (CABE)
Botin: Monedas(1292) | Rubi(1691) | Anillo(1643) | Diamante(1202) | Colgante(2077)
Valor ($$) total:	$ 402375
Peso (kg) en acoplado:	362.63500000000005 Kg.
Km Recorridos:	2330
"/>
<node Id="20" Action="Tomar Tesoro" Cost="-9611.10892857143" Estado_Agente="&gt;&gt; ESTADO DEL AGENTE &lt;&lt;
Arqueologo en aldea: 7 (ICAEDUR)
Botin: Monedas(1185) | Rubi(1484) | Anillo(1497) | Diamante(1175) | Colgante(1975)
Valor ($$) total:	$ 372985
Peso (kg) en acoplado:	337.295 Kg.
Km Recorridos:	2230
"/>
<node Id="21" Action="Ir Bulovoe" Cost="-8556.866692546584" Estado_Agente="&gt;&gt; ESTADO DEL AGENTE &lt;&lt;
Arqueologo en aldea: 3 (BULOVOE)
Botin: Monedas(1132) | Rubi(1441) | Anillo(1473) | Diamante(1142) | Colgante(1957)
Valor ($$) total:	$ 361575
Peso (kg) en acoplado:	327.385 Kg.
Km Recorridos:	2580
"/>
<node Id="22" Action="Ir Bulovoe" Cost="-10056.866692546586" Estado_Agente="&gt;&gt; ESTADO DEL AGENTE &lt;&lt;
Arqueologo en aldea: 3 (BULOVOE)
Botin: Monedas(1185) | Rubi(1484) | Anillo(1497) | Diamante(1175) | Colgante(1975)
Valor ($$) total:	$ 372985
Peso (kg) en acoplado:	337.295 Kg.
Km Recorridos:	2580
"/>
<node Id="23" Action="Tomar Tesoro" Cost="-11556.866692546586" Estado_Agente="&gt;&gt; ESTADO DEL AGENTE &lt;&lt;
Arqueologo en aldea: 3 (BULOVOE)
Botin: Monedas(1435) | Rubi(1604) | Anillo(1517) | Diamante(1325) | Colgante(2275)
Valor ($$) total:	$ 422585
Peso (kg) en acoplado:	382.09499999999997 Kg.
Km Recorridos:	2580
"/>
<node Id="24" Action="Ir Ergintone" Cost="-10329.159925629292" Estado_Agente="&gt;&gt; ESTADO DEL AGENTE &lt;&lt;
Arqueologo en aldea: 6 (ERGINTONE)
Botin: Monedas(1185) | Rubi(1484) | Anillo(1497) | Diamante(1175) | Colgante(1975)
Valor ($$) total:	$ 372985
Peso (kg) en acoplado:	337.295 Kg.
Km Recorridos:	2780
"/>
<node Id="25" Action="Ir Ergintone" Cost="-11829.159925629292" Estado_Agente="&gt;&gt; ESTADO DEL AGENTE &lt;&lt;
Arqueologo en aldea: 6 (ERGINTONE)
Botin: Monedas(1435) | Rubi(1604) | Anillo(1517) | Diamante(1325) | Colgante(2275)
Valor ($$) total:	$ 422585
Peso (kg) en acoplado:	382.09499999999997 Kg.
Km Recorridos:	2780
"/>
<node Id="26" Action="Ir Icaedur" Cost="-11964.529192546586" Estado_Agente="&gt;&gt; ESTADO DEL AGENTE &lt;&lt;
Arqueologo en aldea: 7 (ICAEDUR)
Botin: Monedas(1435) | Rubi(1604) | Anillo(1517) | Diamante(1325) | Colgante(2275)
Valor ($$) total:	$ 422585
Peso (kg) en acoplado:	382.09499999999997 Kg.
Km Recorridos:	2930
"/>
<node Id="27" Action="Ir Aragaey" Cost="-12044.239925629292" Estado_Agente="&gt;&gt; ESTADO DEL AGENTE &lt;&lt;
Arqueologo en aldea: 0 (ARAGAEY)
Botin: Monedas(1435) | Rubi(1604) | Anillo(1517) | Diamante(1325) | Colgante(2275)
Valor ($$) total:	$ 422585
Peso (kg) en acoplado:	382.09499999999997 Kg.
Km Recorridos:	2880
"/>
<node Id="28" Action="Ir Peregaey" Cost="-12085.072969107552" Estado_Agente="&gt;&gt; ESTADO DEL AGENTE &lt;&lt;
Arqueologo en aldea: 9 (PEREGAEY)
Botin: Monedas(1435) | Rubi(1604) | Anillo(1517) | Diamante(1325) | Colgante(2275)
Valor ($$) total:	$ 422585
Peso (kg) en acoplado:	382.09499999999997 Kg.
Km Recorridos:	2960
"/>
<node Id="29" Action="Ir Bresol" Cost="-12370.42174381111" Estado_Agente="&gt;&gt; ESTADO DEL AGENTE &lt;&lt;
Arqueologo en aldea: 2 (BRESOL)
Botin: Monedas(1435) | Rubi(1604) | Anillo(1517) | Diamante(1325) | Colgante(2275)
Valor ($$) total:	$ 422585
Peso (kg) en acoplado:	382.09499999999997 Kg.
Km Recorridos:	3030
"/>
<node Id="30" Action="Tomar Tesoro" Cost="-13870.42174381111" Estado_Agente="&gt;&gt; ESTADO DEL AGENTE &lt;&lt;
Arqueologo en aldea: 2 (BRESOL)
Botin: Monedas(1515) | Rubi(1684) | Anillo(1587) | Diamante(1345) | Colgante(2475)
Valor ($$) total:	$ 441485
Peso (kg) en acoplado:	400.245 Kg.
Km Recorridos:	3030
"/>
<node Id="31" Action="Ir Aragaey" Cost="-10544.239925629292" Estado_Agente="&gt;&gt; ESTADO DEL AGENTE &lt;&lt;
Arqueologo en aldea: 0 (ARAGAEY)
Botin: Monedas(1185) | Rubi(1484) | Anillo(1497) | Diamante(1175) | Colgante(1975)
Valor ($$) total:	$ 372985
Peso (kg) en acoplado:	337.295 Kg.
Km Recorridos:	2880
"/>
<node Id="32" Action="Ir Peregaey" Cost="-10585.072969107552" Estado_Agente="&gt;&gt; ESTADO DEL AGENTE &lt;&lt;
Arqueologo en aldea: 9 (PEREGAEY)
Botin: Monedas(1185) | Rubi(1484) | Anillo(1497) | Diamante(1175) | Colgante(1975)
Valor ($$) total:	$ 372985
Peso (kg) en acoplado:	337.295 Kg.
Km Recorridos:	2960
"/>
<node Id="33" Action="Ir Bresol" Cost="-10870.42174381111" Estado_Agente="&gt;&gt; ESTADO DEL AGENTE &lt;&lt;
Arqueologo en aldea: 2 (BRESOL)
Botin: Monedas(1185) | Rubi(1484) | Anillo(1497) | Diamante(1175) | Colgante(1975)
Valor ($$) total:	$ 372985
Peso (kg) en acoplado:	337.295 Kg.
Km Recorridos:	3030
"/>
<node Id="34" Action="Tomar Tesoro" Cost="-12370.42174381111" Estado_Agente="&gt;&gt; ESTADO DEL AGENTE &lt;&lt;
Arqueologo en aldea: 2 (BRESOL)
Botin: Monedas(1265) | Rubi(1564) | Anillo(1567) | Diamante(1195) | Colgante(2175)
Valor ($$) total:	$ 391885
Peso (kg) en acoplado:	355.44500000000005 Kg.
Km Recorridos:	3030
"/>
<node Id="35" Action="Tomar Tesoro" Cost="-10056.866692546584" Estado_Agente="&gt;&gt; ESTADO DEL AGENTE &lt;&lt;
Arqueologo en aldea: 3 (BULOVOE)
Botin: Monedas(1382) | Rubi(1561) | Anillo(1493) | Diamante(1292) | Colgante(2257)
Valor ($$) total:	$ 411175
Peso (kg) en acoplado:	372.185 Kg.
Km Recorridos:	2580
"/>
<node Id="36" Action="Ir Ergintone" Cost="-8829.15992562929" Estado_Agente="&gt;&gt; ESTADO DEL AGENTE &lt;&lt;
Arqueologo en aldea: 6 (ERGINTONE)
Botin: Monedas(1132) | Rubi(1441) | Anillo(1473) | Diamante(1142) | Colgante(1957)
Valor ($$) total:	$ 361575
Peso (kg) en acoplado:	327.385 Kg.
Km Recorridos:	2780
"/>
<node Id="37" Action="Ir Ergintone" Cost="-10329.15992562929" Estado_Agente="&gt;&gt; ESTADO DEL AGENTE &lt;&lt;
Arqueologo en aldea: 6 (ERGINTONE)
Botin: Monedas(1382) | Rubi(1561) | Anillo(1493) | Diamante(1292) | Colgante(2257)
Valor ($$) total:	$ 411175
Peso (kg) en acoplado:	372.185 Kg.
Km Recorridos:	2780
"/>
<node Id="38" Action="Ir Icaedur" Cost="-10464.529192546584" Estado_Agente="&gt;&gt; ESTADO DEL AGENTE &lt;&lt;
Arqueologo en aldea: 7 (ICAEDUR)
Botin: Monedas(1382) | Rubi(1561) | Anillo(1493) | Diamante(1292) | Colgante(2257)
Valor ($$) total:	$ 411175
Peso (kg) en acoplado:	372.185 Kg.
Km Recorridos:	2930
"/>
<node Id="46" Action="Ir Aragaey" Cost="-10544.23992562929" Estado_Agente="&gt;&gt; ESTADO DEL AGENTE &lt;&lt;
Arqueologo en aldea: 0 (ARAGAEY)
Botin: Monedas(1382) | Rubi(1561) | Anillo(1493) | Diamante(1292) | Colgante(2257)
Valor ($$) total:	$ 411175
Peso (kg) en acoplado:	372.185 Kg.
Km Recorridos:	2880
"/>
<node Id="47" Action="Ir Peregaey" Cost="-10585.07296910755" Estado_Agente="&gt;&gt; ESTADO DEL AGENTE &lt;&lt;
Arqueologo en aldea: 9 (PEREGAEY)
Botin: Monedas(1382) | Rubi(1561) | Anillo(1493) | Diamante(1292) | Colgante(2257)
Valor ($$) total:	$ 411175
Peso (kg) en acoplado:	372.185 Kg.
Km Recorridos:	2960
"/>
<node Id="48" Action="Ir Bresol" Cost="-10870.421743811108" Estado_Agente="&gt;&gt; ESTADO DEL AGENTE &lt;&lt;
Arqueologo en aldea: 2 (BRESOL)
Botin: Monedas(1382) | Rubi(1561) | Anillo(1493) | Diamante(1292) | Colgante(2257)
Valor ($$) total:	$ 411175
Peso (kg) en acoplado:	372.185 Kg.
Km Recorridos:	3030
"/>
<node Id="49" Action="Tomar Tesoro" Cost="-12370.421743811108" Estado_Agente="&gt;&gt; ESTADO DEL AGENTE &lt;&lt;
Arqueologo en aldea: 2 (BRESOL)
Botin: Monedas(1462) | Rubi(1641) | Anillo(1563) | Diamante(1312) | Colgante(2457)
Valor ($$) total:	$ 430075
Peso (kg) en acoplado:	390.33500000000004 Kg.
Km Recorridos:	3030
"/>
<node Id="39" Action="Tomar Tesoro" Cost="-11964.529192546584" Estado_Agente="&gt;&gt; ESTADO DEL AGENTE &lt;&lt;
Arqueologo en aldea: 7 (ICAEDUR)
Botin: Monedas(1435) | Rubi(1604) | Anillo(1517) | Diamante(1325) | Colgante(2275)
Valor ($$) total:	$ 422585
Peso (kg) en acoplado:	382.09499999999997 Kg.
Km Recorridos:	2930
"/>
<node Id="40" Action="Ir Bulovoe" Cost="-12410.28695652174" Estado_Agente="&gt;&gt; ESTADO DEL AGENTE &lt;&lt;
Arqueologo en aldea: 3 (BULOVOE)
Botin: Monedas(1435) | Rubi(1604) | Anillo(1517) | Diamante(1325) | Colgante(2275)
Valor ($$) total:	$ 422585
Peso (kg) en acoplado:	382.09499999999997 Kg.
Km Recorridos:	3280
"/>
<node Id="41" Action="Ir Ergintone" Cost="-12682.580189604447" Estado_Agente="&gt;&gt; ESTADO DEL AGENTE &lt;&lt;
Arqueologo en aldea: 6 (ERGINTONE)
Botin: Monedas(1435) | Rubi(1604) | Anillo(1517) | Diamante(1325) | Colgante(2275)
Valor ($$) total:	$ 422585
Peso (kg) en acoplado:	382.09499999999997 Kg.
Km Recorridos:	3480
"/>
<node Id="42" Action="Ir Aragaey" Cost="-12897.660189604447" Estado_Agente="&gt;&gt; ESTADO DEL AGENTE &lt;&lt;
Arqueologo en aldea: 0 (ARAGAEY)
Botin: Monedas(1435) | Rubi(1604) | Anillo(1517) | Diamante(1325) | Colgante(2275)
Valor ($$) total:	$ 422585
Peso (kg) en acoplado:	382.09499999999997 Kg.
Km Recorridos:	3580
"/>
<node Id="43" Action="Ir Peregaey" Cost="-12938.493233082707" Estado_Agente="&gt;&gt; ESTADO DEL AGENTE &lt;&lt;
Arqueologo en aldea: 9 (PEREGAEY)
Botin: Monedas(1435) | Rubi(1604) | Anillo(1517) | Diamante(1325) | Colgante(2275)
Valor ($$) total:	$ 422585
Peso (kg) en acoplado:	382.09499999999997 Kg.
Km Recorridos:	3660
"/>
<node Id="44" Action="Ir Bresol" Cost="-13223.842007786265" Estado_Agente="&gt;&gt; ESTADO DEL AGENTE &lt;&lt;
Arqueologo en aldea: 2 (BRESOL)
Botin: Monedas(1435) | Rubi(1604) | Anillo(1517) | Diamante(1325) | Colgante(2275)
Valor ($$) total:	$ 422585
Peso (kg) en acoplado:	382.09499999999997 Kg.
Km Recorridos:	3730
"/>
<node Id="45" Action="Tomar Tesoro" Cost="-14723.842007786265" Estado_Agente="&gt;&gt; ESTADO DEL AGENTE &lt;&lt;
Arqueologo en aldea: 2 (BRESOL)
Botin: Monedas(1515) | Rubi(1684) | Anillo(1587) | Diamante(1345) | Colgante(2475)
Valor ($$) total:	$ 441485
Peso (kg) en acoplado:	400.245 Kg.
Km Recorridos:	3730
"/>
<node Id="50" Action="Ir Aragaey" Cost="-9044.23992562929" Estado_Agente="&gt;&gt; ESTADO DEL AGENTE &lt;&lt;
Arqueologo en aldea: 0 (ARAGAEY)
Botin: Monedas(1132) | Rubi(1441) | Anillo(1473) | Diamante(1142) | Colgante(1957)
Valor ($$) total:	$ 361575
Peso (kg) en acoplado:	327.385 Kg.
Km Recorridos:	2880
"/>
<node Id="51" Action="Ir Peregaey" Cost="-9085.07296910755" Estado_Agente="&gt;&gt; ESTADO DEL AGENTE &lt;&lt;
Arqueologo en aldea: 9 (PEREGAEY)
Botin: Monedas(1132) | Rubi(1441) | Anillo(1473) | Diamante(1142) | Colgante(1957)
Valor ($$) total:	$ 361575
Peso (kg) en acoplado:	327.385 Kg.
Km Recorridos:	2960
"/>
<node Id="52" Action="Ir Bresol" Cost="-9370.421743811108" Estado_Agente="&gt;&gt; ESTADO DEL AGENTE &lt;&lt;
Arqueologo en aldea: 2 (BRESOL)
Botin: Monedas(1132) | Rubi(1441) | Anillo(1473) | Diamante(1142) | Colgante(1957)
Valor ($$) total:	$ 361575
Peso (kg) en acoplado:	327.385 Kg.
Km Recorridos:	3030
"/>
<node Id="53" Action="Tomar Tesoro" Cost="-10870.421743811108" Estado_Agente="&gt;&gt; ESTADO DEL AGENTE &lt;&lt;
Arqueologo en aldea: 2 (BRESOL)
Botin: Monedas(1212) | Rubi(1521) | Anillo(1543) | Diamante(1162) | Colgante(2157)
Valor ($$) total:	$ 380475
Peso (kg) en acoplado:	345.53499999999997 Kg.
Km Recorridos:	3030
"/>
<edge source="0" target="1"/>
<edge source="0" target="2"/>
<edge source="0" target="3"/>
<edge source="0" target="4"/>
<edge source="4" target="5"/>
<edge source="4" target="6"/>
<edge source="5" target="7"/>
<edge source="7" target="8"/>
<edge source="7" target="9"/>
<edge source="8" target="10"/>
<edge source="10" target="11"/>
<edge source="10" target="12"/>
<edge source="11" target="13"/>
<edge source="11" target="14"/>
<edge source="13" target="15"/>
<edge source="15" target="16"/>
<edge source="16" target="17"/>
<edge source="16" target="18"/>
<edge source="16" target="19"/>
<edge source="17" target="55"/>
<edge source="17" target="56"/>
<edge source="18" target="54"/>
<edge source="19" target="20"/>
<edge source="19" target="21"/>
<edge source="55" target="57"/>
<edge source="56" target="69"/>
<edge source="57" target="58"/>
<edge source="58" target="59"/>
<edge source="59" target="60"/>
<edge source="59" target="61"/>
<edge source="60" target="62"/>
<edge source="61" target="65"/>
<edge source="62" target="63"/>
<edge source="63" target="64"/>
<edge source="65" target="66"/>
<edge source="66" target="67"/>
<edge source="67" target="68"/>
<edge source="69" target="70"/>
<edge source="70" target="71"/>
<edge source="70" target="72"/>
<edge source="71" target="73"/>
<edge source="72" target="76"/>
<edge source="73" target="74"/>
<edge source="74" target="75"/>
<edge source="76" target="77"/>
<edge source="77" target="78"/>
<edge source="78" target="79"/>
<edge source="20" target="22"/>
<edge source="21" target="35"/>
<edge source="21" target="36"/>
<edge source="22" target="23"/>
<edge source="22" target="24"/>
<edge source="23" target="25"/>
<edge source="23" target="26"/>
<edge source="24" target="31"/>
<edge source="24" target="32"/>
<edge source="25" target="27"/>
<edge source="25" target="28"/>
<edge source="27" target="29"/>
<edge source="29" target="30"/>
<edge source="31" target="33"/>
<edge source="33" target="34"/>
<edge source="35" target="37"/>
<edge source="35" target="38"/>
<edge source="36" target="50"/>
<edge source="36" target="51"/>
<edge source="37" target="46"/>
<edge source="37" target="47"/>
<edge source="38" target="39"/>
<edge source="46" target="48"/>
<edge source="48" target="49"/>
<edge source="39" target="40"/>
<edge source="40" target="41"/>
<edge source="41" target="42"/>
<edge source="41" target="43"/>
<edge source="42" target="44"/>
<edge source="44" target="45"/>
<edge source="50" target="52"/>
<edge source="52" target="53"/>
</tree>
