<tree id="8" edgedefault="directed">
<node Id="0" Action="null" Cost="0.0" Estado_Agente="&gt;&gt; ESTADO DEL AGENTE &lt;&lt;
Arqueologo en aldea: 8 (MIXOCU)
Botin: Monedas(900) | Rubi(1320) | Anillo(1300) | Diamante(1030) | Colgante(1700)
Valor ($$) total:	$ 313200
Peso (kg) en acoplado:	281.0 Kg.
Km Recorridos:	1030
"/>
<node Id="1" Action="Tomar Tesoro" Cost="-1500.0" Estado_Agente="&gt;&gt; ESTADO DEL AGENTE &lt;&lt;
Arqueologo en aldea: 8 (MIXOCU)
Botin: Monedas(900) | Rubi(1320) | Anillo(1300) | Diamante(1030) | Colgante(1700)
Valor ($$) total:	$ 313200
Peso (kg) en acoplado:	281.0 Kg.
Km Recorridos:	1030
"/>
<node Id="2" Action="Ir Ase" Cost="-570.5" Estado_Agente="&gt;&gt; ESTADO DEL AGENTE &lt;&lt;
Arqueologo en aldea: 1 (ASE)
Botin: Monedas(550) | Rubi(970) | Anillo(1060) | Diamante(880) | Colgante(1350)
Valor ($$) total:	$ 234750
Peso (kg) en acoplado:	210.7 Kg.
Km Recorridos:	1230
"/>
<node Id="3" Action="Ir Ase" Cost="-2070.5" Estado_Agente="&gt;&gt; ESTADO DEL AGENTE &lt;&lt;
Arqueologo en aldea: 1 (ASE)
Botin: Monedas(900) | Rubi(1320) | Anillo(1300) | Diamante(1030) | Colgante(1700)
Valor ($$) total:	$ 313200
Peso (kg) en acoplado:	281.0 Kg.
Km Recorridos:	1230
"/>
<node Id="4" Action="Tomar Tesoro" Cost="-3570.5" Estado_Agente="&gt;&gt; ESTADO DEL AGENTE &lt;&lt;
Arqueologo en aldea: 1 (ASE)
Botin: Monedas(920) | Rubi(1370) | Anillo(1370) | Diamante(1130) | Colgante(1760)
Valor ($$) total:	$ 329700
Peso (kg) en acoplado:	295.35 Kg.
Km Recorridos:	1230
"/>
<node Id="5" Action="Ir Cenede" Cost="-2120.625" Estado_Agente="&gt;&gt; ESTADO DEL AGENTE &lt;&lt;
Arqueologo en aldea: 5 (CENEDE)
Botin: Monedas(900) | Rubi(1320) | Anillo(1300) | Diamante(1030) | Colgante(1700)
Valor ($$) total:	$ 313200
Peso (kg) en acoplado:	281.0 Kg.
Km Recorridos:	1430
"/>
<node Id="6" Action="Ir Cenede" Cost="-3620.625" Estado_Agente="&gt;&gt; ESTADO DEL AGENTE &lt;&lt;
Arqueologo en aldea: 5 (CENEDE)
Botin: Monedas(920) | Rubi(1370) | Anillo(1370) | Diamante(1130) | Colgante(1760)
Valor ($$) total:	$ 329700
Peso (kg) en acoplado:	295.35 Kg.
Km Recorridos:	1430
"/>
<node Id="7" Action="Tomar Tesoro" Cost="-5120.625" Estado_Agente="&gt;&gt; ESTADO DEL AGENTE &lt;&lt;
Arqueologo en aldea: 5 (CENEDE)
Botin: Monedas(989) | Rubi(1371) | Anillo(1414) | Diamante(1141) | Colgante(1811)
Valor ($$) total:	$ 339725
Peso (kg) en acoplado:	306.03999999999996 Kg.
Km Recorridos:	1430
"/>
<node Id="8" Action="Terminar" Cost="-3620.625" Estado_Agente="&gt;&gt; ESTADO DEL AGENTE &lt;&lt;
Arqueologo en aldea: 11 (CEDENE ~FIN~)
Botin: Monedas(920) | Rubi(1370) | Anillo(1370) | Diamante(1130) | Colgante(1760)
Valor ($$) total:	$ 329700
Peso (kg) en acoplado:	295.35 Kg.
Km Recorridos:	1430
"/>
<node Id="9" Action="Ir Ase" Cost="-5691.125" Estado_Agente="&gt;&gt; ESTADO DEL AGENTE &lt;&lt;
Arqueologo en aldea: 1 (ASE)
Botin: Monedas(989) | Rubi(1371) | Anillo(1414) | Diamante(1141) | Colgante(1811)
Valor ($$) total:	$ 339725
Peso (kg) en acoplado:	306.03999999999996 Kg.
Km Recorridos:	1630
"/>
<node Id="10" Action="Terminar" Cost="-5120.625" Estado_Agente="&gt;&gt; ESTADO DEL AGENTE &lt;&lt;
Arqueologo en aldea: 11 (CEDENE ~FIN~)
Botin: Monedas(989) | Rubi(1371) | Anillo(1414) | Diamante(1141) | Colgante(1811)
Valor ($$) total:	$ 339725
Peso (kg) en acoplado:	306.03999999999996 Kg.
Km Recorridos:	1430
"/>
<node Id="11" Action="Ir Mixocu" Cost="-6523.5" Estado_Agente="&gt;&gt; ESTADO DEL AGENTE &lt;&lt;
Arqueologo en aldea: 8 (MIXOCU)
Botin: Monedas(989) | Rubi(1371) | Anillo(1414) | Diamante(1141) | Colgante(1811)
Valor ($$) total:	$ 339725
Peso (kg) en acoplado:	306.03999999999996 Kg.
Km Recorridos:	1830
"/>
<node Id="12" Action="Ir Vinizaile" Cost="-6811.071428571428" Estado_Agente="&gt;&gt; ESTADO DEL AGENTE &lt;&lt;
Arqueologo en aldea: 10 (VINIZAILE)
Botin: Monedas(989) | Rubi(1371) | Anillo(1414) | Diamante(1141) | Colgante(1811)
Valor ($$) total:	$ 339725
Peso (kg) en acoplado:	306.03999999999996 Kg.
Km Recorridos:	2130
"/>
<node Id="13" Action="Ir Bresol" Cost="-7058.5032467532465" Estado_Agente="&gt;&gt; ESTADO DEL AGENTE &lt;&lt;
Arqueologo en aldea: 2 (BRESOL)
Botin: Monedas(989) | Rubi(1371) | Anillo(1414) | Diamante(1141) | Colgante(1811)
Valor ($$) total:	$ 339725
Peso (kg) en acoplado:	306.03999999999996 Kg.
Km Recorridos:	2530
"/>
<node Id="14" Action="Ir Cabe" Cost="-7284.071428571428" Estado_Agente="&gt;&gt; ESTADO DEL AGENTE &lt;&lt;
Arqueologo en aldea: 4 (CABE)
Botin: Monedas(989) | Rubi(1371) | Anillo(1414) | Diamante(1141) | Colgante(1811)
Valor ($$) total:	$ 339725
Peso (kg) en acoplado:	306.03999999999996 Kg.
Km Recorridos:	2330
"/>
<node Id="15" Action="Ir Icaedur" Cost="-7300.233928571429" Estado_Agente="&gt;&gt; ESTADO DEL AGENTE &lt;&lt;
Arqueologo en aldea: 7 (ICAEDUR)
Botin: Monedas(989) | Rubi(1371) | Anillo(1414) | Diamante(1141) | Colgante(1811)
Valor ($$) total:	$ 339725
Peso (kg) en acoplado:	306.03999999999996 Kg.
Km Recorridos:	2230
"/>
<node Id="51" Action="Tomar Tesoro" Cost="-8558.503246753247" Estado_Agente="&gt;&gt; ESTADO DEL AGENTE &lt;&lt;
Arqueologo en aldea: 2 (BRESOL)
Botin: Monedas(1069) | Rubi(1451) | Anillo(1484) | Diamante(1161) | Colgante(2011)
Valor ($$) total:	$ 358625
Peso (kg) en acoplado:	324.19000000000005 Kg.
Km Recorridos:	2530
"/>
<node Id="52" Action="Ir Aragaey" Cost="-7273.583246753246" Estado_Agente="&gt;&gt; ESTADO DEL AGENTE &lt;&lt;
Arqueologo en aldea: 0 (ARAGAEY)
Botin: Monedas(989) | Rubi(1371) | Anillo(1414) | Diamante(1141) | Colgante(1811)
Valor ($$) total:	$ 339725
Peso (kg) en acoplado:	306.03999999999996 Kg.
Km Recorridos:	2680
"/>
<node Id="53" Action="Ir Aragaey" Cost="-8773.583246753247" Estado_Agente="&gt;&gt; ESTADO DEL AGENTE &lt;&lt;
Arqueologo en aldea: 0 (ARAGAEY)
Botin: Monedas(1069) | Rubi(1451) | Anillo(1484) | Diamante(1161) | Colgante(2011)
Valor ($$) total:	$ 358625
Peso (kg) en acoplado:	324.19000000000005 Kg.
Km Recorridos:	2680
"/>
<node Id="54" Action="Ir Ergintone" Cost="-9045.876479835953" Estado_Agente="&gt;&gt; ESTADO DEL AGENTE &lt;&lt;
Arqueologo en aldea: 6 (ERGINTONE)
Botin: Monedas(1069) | Rubi(1451) | Anillo(1484) | Diamante(1161) | Colgante(2011)
Valor ($$) total:	$ 358625
Peso (kg) en acoplado:	324.19000000000005 Kg.
Km Recorridos:	2780
"/>
<node Id="55" Action="Ir Bulovoe" Cost="-9597.919958096823" Estado_Agente="&gt;&gt; ESTADO DEL AGENTE &lt;&lt;
Arqueologo en aldea: 3 (BULOVOE)
Botin: Monedas(1069) | Rubi(1451) | Anillo(1484) | Diamante(1161) | Colgante(2011)
Valor ($$) total:	$ 358625
Peso (kg) en acoplado:	324.19000000000005 Kg.
Km Recorridos:	2980
"/>
<node Id="56" Action="Tomar Tesoro" Cost="-11097.919958096823" Estado_Agente="&gt;&gt; ESTADO DEL AGENTE &lt;&lt;
Arqueologo en aldea: 3 (BULOVOE)
Botin: Monedas(1319) | Rubi(1571) | Anillo(1504) | Diamante(1311) | Colgante(2311)
Valor ($$) total:	$ 408225
Peso (kg) en acoplado:	368.99 Kg.
Km Recorridos:	2980
"/>
<node Id="57" Action="Ir Icaedur" Cost="-10005.582458096824" Estado_Agente="&gt;&gt; ESTADO DEL AGENTE &lt;&lt;
Arqueologo en aldea: 7 (ICAEDUR)
Botin: Monedas(1069) | Rubi(1451) | Anillo(1484) | Diamante(1161) | Colgante(2011)
Valor ($$) total:	$ 358625
Peso (kg) en acoplado:	324.19000000000005 Kg.
Km Recorridos:	3330
"/>
<node Id="58" Action="Ir Icaedur" Cost="-11505.582458096824" Estado_Agente="&gt;&gt; ESTADO DEL AGENTE &lt;&lt;
Arqueologo en aldea: 7 (ICAEDUR)
Botin: Monedas(1319) | Rubi(1571) | Anillo(1504) | Diamante(1311) | Colgante(2311)
Valor ($$) total:	$ 408225
Peso (kg) en acoplado:	368.99 Kg.
Km Recorridos:	3330
"/>
<node Id="59" Action="Tomar Tesoro" Cost="-13005.582458096824" Estado_Agente="&gt;&gt; ESTADO DEL AGENTE &lt;&lt;
Arqueologo en aldea: 7 (ICAEDUR)
Botin: Monedas(1372) | Rubi(1614) | Anillo(1528) | Diamante(1344) | Colgante(2329)
Valor ($$) total:	$ 419635
Peso (kg) en acoplado:	378.90000000000003 Kg.
Km Recorridos:	3330
"/>
<node Id="60" Action="Ir Bulovoe" Cost="-13451.34022207198" Estado_Agente="&gt;&gt; ESTADO DEL AGENTE &lt;&lt;
Arqueologo en aldea: 3 (BULOVOE)
Botin: Monedas(1372) | Rubi(1614) | Anillo(1528) | Diamante(1344) | Colgante(2329)
Valor ($$) total:	$ 419635
Peso (kg) en acoplado:	378.90000000000003 Kg.
Km Recorridos:	3680
"/>
<node Id="61" Action="Tomar Tesoro" Cost="-11505.582458096824" Estado_Agente="&gt;&gt; ESTADO DEL AGENTE &lt;&lt;
Arqueologo en aldea: 7 (ICAEDUR)
Botin: Monedas(1122) | Rubi(1494) | Anillo(1508) | Diamante(1194) | Colgante(2029)
Valor ($$) total:	$ 370035
Peso (kg) en acoplado:	334.09999999999997 Kg.
Km Recorridos:	3330
"/>
<node Id="62" Action="Ir Bulovoe" Cost="-11951.34022207198" Estado_Agente="&gt;&gt; ESTADO DEL AGENTE &lt;&lt;
Arqueologo en aldea: 3 (BULOVOE)
Botin: Monedas(1122) | Rubi(1494) | Anillo(1508) | Diamante(1194) | Colgante(2029)
Valor ($$) total:	$ 370035
Peso (kg) en acoplado:	334.09999999999997 Kg.
Km Recorridos:	3680
"/>
<node Id="63" Action="Tomar Tesoro" Cost="-13451.34022207198" Estado_Agente="&gt;&gt; ESTADO DEL AGENTE &lt;&lt;
Arqueologo en aldea: 3 (BULOVOE)
Botin: Monedas(1372) | Rubi(1614) | Anillo(1528) | Diamante(1344) | Colgante(2329)
Valor ($$) total:	$ 419635
Peso (kg) en acoplado:	378.90000000000003 Kg.
Km Recorridos:	3680
"/>
<node Id="64" Action="Ir Icaedur" Cost="-13859.00272207198" Estado_Agente="&gt;&gt; ESTADO DEL AGENTE &lt;&lt;
Arqueologo en aldea: 7 (ICAEDUR)
Botin: Monedas(1372) | Rubi(1614) | Anillo(1528) | Diamante(1344) | Colgante(2329)
Valor ($$) total:	$ 419635
Peso (kg) en acoplado:	378.90000000000003 Kg.
Km Recorridos:	4030
"/>
<node Id="65" Action="Ir Ergintone" Cost="-7545.876479835953" Estado_Agente="&gt;&gt; ESTADO DEL AGENTE &lt;&lt;
Arqueologo en aldea: 6 (ERGINTONE)
Botin: Monedas(989) | Rubi(1371) | Anillo(1414) | Diamante(1141) | Colgante(1811)
Valor ($$) total:	$ 339725
Peso (kg) en acoplado:	306.03999999999996 Kg.
Km Recorridos:	2780
"/>
<node Id="66" Action="Ir Bulovoe" Cost="-8097.919958096823" Estado_Agente="&gt;&gt; ESTADO DEL AGENTE &lt;&lt;
Arqueologo en aldea: 3 (BULOVOE)
Botin: Monedas(989) | Rubi(1371) | Anillo(1414) | Diamante(1141) | Colgante(1811)
Valor ($$) total:	$ 339725
Peso (kg) en acoplado:	306.03999999999996 Kg.
Km Recorridos:	2980
"/>
<node Id="67" Action="Tomar Tesoro" Cost="-9597.919958096823" Estado_Agente="&gt;&gt; ESTADO DEL AGENTE &lt;&lt;
Arqueologo en aldea: 3 (BULOVOE)
Botin: Monedas(1239) | Rubi(1491) | Anillo(1434) | Diamante(1291) | Colgante(2111)
Valor ($$) total:	$ 389325
Peso (kg) en acoplado:	350.84000000000003 Kg.
Km Recorridos:	2980
"/>
<node Id="68" Action="Ir Icaedur" Cost="-8505.582458096824" Estado_Agente="&gt;&gt; ESTADO DEL AGENTE &lt;&lt;
Arqueologo en aldea: 7 (ICAEDUR)
Botin: Monedas(989) | Rubi(1371) | Anillo(1414) | Diamante(1141) | Colgante(1811)
Valor ($$) total:	$ 339725
Peso (kg) en acoplado:	306.03999999999996 Kg.
Km Recorridos:	3330
"/>
<node Id="69" Action="Ir Icaedur" Cost="-10005.582458096824" Estado_Agente="&gt;&gt; ESTADO DEL AGENTE &lt;&lt;
Arqueologo en aldea: 7 (ICAEDUR)
Botin: Monedas(1239) | Rubi(1491) | Anillo(1434) | Diamante(1291) | Colgante(2111)
Valor ($$) total:	$ 389325
Peso (kg) en acoplado:	350.84000000000003 Kg.
Km Recorridos:	3330
"/>
<node Id="70" Action="Tomar Tesoro" Cost="-11505.582458096824" Estado_Agente="&gt;&gt; ESTADO DEL AGENTE &lt;&lt;
Arqueologo en aldea: 7 (ICAEDUR)
Botin: Monedas(1292) | Rubi(1534) | Anillo(1458) | Diamante(1324) | Colgante(2129)
Valor ($$) total:	$ 400735
Peso (kg) en acoplado:	360.75 Kg.
Km Recorridos:	3330
"/>
<node Id="71" Action="Ir Bulovoe" Cost="-11951.34022207198" Estado_Agente="&gt;&gt; ESTADO DEL AGENTE &lt;&lt;
Arqueologo en aldea: 3 (BULOVOE)
Botin: Monedas(1292) | Rubi(1534) | Anillo(1458) | Diamante(1324) | Colgante(2129)
Valor ($$) total:	$ 400735
Peso (kg) en acoplado:	360.75 Kg.
Km Recorridos:	3680
"/>
<node Id="72" Action="Tomar Tesoro" Cost="-10005.582458096824" Estado_Agente="&gt;&gt; ESTADO DEL AGENTE &lt;&lt;
Arqueologo en aldea: 7 (ICAEDUR)
Botin: Monedas(1042) | Rubi(1414) | Anillo(1438) | Diamante(1174) | Colgante(1829)
Valor ($$) total:	$ 351135
Peso (kg) en acoplado:	315.95 Kg.
Km Recorridos:	3330
"/>
<node Id="73" Action="Ir Bulovoe" Cost="-10451.34022207198" Estado_Agente="&gt;&gt; ESTADO DEL AGENTE &lt;&lt;
Arqueologo en aldea: 3 (BULOVOE)
Botin: Monedas(1042) | Rubi(1414) | Anillo(1438) | Diamante(1174) | Colgante(1829)
Valor ($$) total:	$ 351135
Peso (kg) en acoplado:	315.95 Kg.
Km Recorridos:	3680
"/>
<node Id="74" Action="Tomar Tesoro" Cost="-11951.34022207198" Estado_Agente="&gt;&gt; ESTADO DEL AGENTE &lt;&lt;
Arqueologo en aldea: 3 (BULOVOE)
Botin: Monedas(1292) | Rubi(1534) | Anillo(1458) | Diamante(1324) | Colgante(2129)
Valor ($$) total:	$ 400735
Peso (kg) en acoplado:	360.75 Kg.
Km Recorridos:	3680
"/>
<node Id="75" Action="Ir Icaedur" Cost="-12359.00272207198" Estado_Agente="&gt;&gt; ESTADO DEL AGENTE &lt;&lt;
Arqueologo en aldea: 7 (ICAEDUR)
Botin: Monedas(1292) | Rubi(1534) | Anillo(1458) | Diamante(1324) | Colgante(2129)
Valor ($$) total:	$ 400735
Peso (kg) en acoplado:	360.75 Kg.
Km Recorridos:	4030
"/>
<node Id="50" Action="Tomar Tesoro" Cost="-8784.071428571428" Estado_Agente="&gt;&gt; ESTADO DEL AGENTE &lt;&lt;
Arqueologo en aldea: 4 (CABE)
Botin: Monedas(1149) | Rubi(1621) | Anillo(1584) | Diamante(1201) | Colgante(1931)
Valor ($$) total:	$ 380525
Peso (kg) en acoplado:	341.29 Kg.
Km Recorridos:	2330
"/>
<node Id="16" Action="Tomar Tesoro" Cost="-8800.23392857143" Estado_Agente="&gt;&gt; ESTADO DEL AGENTE &lt;&lt;
Arqueologo en aldea: 7 (ICAEDUR)
Botin: Monedas(1042) | Rubi(1414) | Anillo(1438) | Diamante(1174) | Colgante(1829)
Valor ($$) total:	$ 351135
Peso (kg) en acoplado:	315.95 Kg.
Km Recorridos:	2230
"/>
<node Id="17" Action="Ir Bulovoe" Cost="-7745.991692546584" Estado_Agente="&gt;&gt; ESTADO DEL AGENTE &lt;&lt;
Arqueologo en aldea: 3 (BULOVOE)
Botin: Monedas(989) | Rubi(1371) | Anillo(1414) | Diamante(1141) | Colgante(1811)
Valor ($$) total:	$ 339725
Peso (kg) en acoplado:	306.03999999999996 Kg.
Km Recorridos:	2580
"/>
<node Id="18" Action="Ir Bulovoe" Cost="-9245.991692546586" Estado_Agente="&gt;&gt; ESTADO DEL AGENTE &lt;&lt;
Arqueologo en aldea: 3 (BULOVOE)
Botin: Monedas(1042) | Rubi(1414) | Anillo(1438) | Diamante(1174) | Colgante(1829)
Valor ($$) total:	$ 351135
Peso (kg) en acoplado:	315.95 Kg.
Km Recorridos:	2580
"/>
<node Id="19" Action="Tomar Tesoro" Cost="-10745.991692546586" Estado_Agente="&gt;&gt; ESTADO DEL AGENTE &lt;&lt;
Arqueologo en aldea: 3 (BULOVOE)
Botin: Monedas(1292) | Rubi(1534) | Anillo(1458) | Diamante(1324) | Colgante(2129)
Valor ($$) total:	$ 400735
Peso (kg) en acoplado:	360.75 Kg.
Km Recorridos:	2580
"/>
<node Id="20" Action="Ir Ergintone" Cost="-9518.284925629292" Estado_Agente="&gt;&gt; ESTADO DEL AGENTE &lt;&lt;
Arqueologo en aldea: 6 (ERGINTONE)
Botin: Monedas(1042) | Rubi(1414) | Anillo(1438) | Diamante(1174) | Colgante(1829)
Valor ($$) total:	$ 351135
Peso (kg) en acoplado:	315.95 Kg.
Km Recorridos:	2780
"/>
<node Id="21" Action="Ir Ergintone" Cost="-11018.284925629292" Estado_Agente="&gt;&gt; ESTADO DEL AGENTE &lt;&lt;
Arqueologo en aldea: 6 (ERGINTONE)
Botin: Monedas(1292) | Rubi(1534) | Anillo(1458) | Diamante(1324) | Colgante(2129)
Valor ($$) total:	$ 400735
Peso (kg) en acoplado:	360.75 Kg.
Km Recorridos:	2780
"/>
<node Id="22" Action="Ir Icaedur" Cost="-11153.654192546586" Estado_Agente="&gt;&gt; ESTADO DEL AGENTE &lt;&lt;
Arqueologo en aldea: 7 (ICAEDUR)
Botin: Monedas(1292) | Rubi(1534) | Anillo(1458) | Diamante(1324) | Colgante(2129)
Valor ($$) total:	$ 400735
Peso (kg) en acoplado:	360.75 Kg.
Km Recorridos:	2930
"/>
<node Id="23" Action="Ir Aragaey" Cost="-11233.364925629292" Estado_Agente="&gt;&gt; ESTADO DEL AGENTE &lt;&lt;
Arqueologo en aldea: 0 (ARAGAEY)
Botin: Monedas(1292) | Rubi(1534) | Anillo(1458) | Diamante(1324) | Colgante(2129)
Valor ($$) total:	$ 400735
Peso (kg) en acoplado:	360.75 Kg.
Km Recorridos:	2880
"/>
<node Id="24" Action="Ir Peregaey" Cost="-11274.197969107552" Estado_Agente="&gt;&gt; ESTADO DEL AGENTE &lt;&lt;
Arqueologo en aldea: 9 (PEREGAEY)
Botin: Monedas(1292) | Rubi(1534) | Anillo(1458) | Diamante(1324) | Colgante(2129)
Valor ($$) total:	$ 400735
Peso (kg) en acoplado:	360.75 Kg.
Km Recorridos:	2960
"/>
<node Id="25" Action="Ir Bresol" Cost="-11559.54674381111" Estado_Agente="&gt;&gt; ESTADO DEL AGENTE &lt;&lt;
Arqueologo en aldea: 2 (BRESOL)
Botin: Monedas(1292) | Rubi(1534) | Anillo(1458) | Diamante(1324) | Colgante(2129)
Valor ($$) total:	$ 400735
Peso (kg) en acoplado:	360.75 Kg.
Km Recorridos:	3030
"/>
<node Id="26" Action="Tomar Tesoro" Cost="-13059.54674381111" Estado_Agente="&gt;&gt; ESTADO DEL AGENTE &lt;&lt;
Arqueologo en aldea: 2 (BRESOL)
Botin: Monedas(1372) | Rubi(1614) | Anillo(1528) | Diamante(1344) | Colgante(2329)
Valor ($$) total:	$ 419635
Peso (kg) en acoplado:	378.90000000000003 Kg.
Km Recorridos:	3030
"/>
<node Id="27" Action="Ir Aragaey" Cost="-9733.364925629292" Estado_Agente="&gt;&gt; ESTADO DEL AGENTE &lt;&lt;
Arqueologo en aldea: 0 (ARAGAEY)
Botin: Monedas(1042) | Rubi(1414) | Anillo(1438) | Diamante(1174) | Colgante(1829)
Valor ($$) total:	$ 351135
Peso (kg) en acoplado:	315.95 Kg.
Km Recorridos:	2880
"/>
<node Id="28" Action="Ir Peregaey" Cost="-9774.197969107552" Estado_Agente="&gt;&gt; ESTADO DEL AGENTE &lt;&lt;
Arqueologo en aldea: 9 (PEREGAEY)
Botin: Monedas(1042) | Rubi(1414) | Anillo(1438) | Diamante(1174) | Colgante(1829)
Valor ($$) total:	$ 351135
Peso (kg) en acoplado:	315.95 Kg.
Km Recorridos:	2960
"/>
<node Id="29" Action="Ir Bresol" Cost="-10059.54674381111" Estado_Agente="&gt;&gt; ESTADO DEL AGENTE &lt;&lt;
Arqueologo en aldea: 2 (BRESOL)
Botin: Monedas(1042) | Rubi(1414) | Anillo(1438) | Diamante(1174) | Colgante(1829)
Valor ($$) total:	$ 351135
Peso (kg) en acoplado:	315.95 Kg.
Km Recorridos:	3030
"/>
<node Id="30" Action="Tomar Tesoro" Cost="-11559.54674381111" Estado_Agente="&gt;&gt; ESTADO DEL AGENTE &lt;&lt;
Arqueologo en aldea: 2 (BRESOL)
Botin: Monedas(1122) | Rubi(1494) | Anillo(1508) | Diamante(1194) | Colgante(2029)
Valor ($$) total:	$ 370035
Peso (kg) en acoplado:	334.09999999999997 Kg.
Km Recorridos:	3030
"/>
<node Id="31" Action="Tomar Tesoro" Cost="-9245.991692546584" Estado_Agente="&gt;&gt; ESTADO DEL AGENTE &lt;&lt;
Arqueologo en aldea: 3 (BULOVOE)
Botin: Monedas(1239) | Rubi(1491) | Anillo(1434) | Diamante(1291) | Colgante(2111)
Valor ($$) total:	$ 389325
Peso (kg) en acoplado:	350.84000000000003 Kg.
Km Recorridos:	2580
"/>
<node Id="32" Action="Ir Ergintone" Cost="-8018.284925629291" Estado_Agente="&gt;&gt; ESTADO DEL AGENTE &lt;&lt;
Arqueologo en aldea: 6 (ERGINTONE)
Botin: Monedas(989) | Rubi(1371) | Anillo(1414) | Diamante(1141) | Colgante(1811)
Valor ($$) total:	$ 339725
Peso (kg) en acoplado:	306.03999999999996 Kg.
Km Recorridos:	2780
"/>
<node Id="33" Action="Ir Ergintone" Cost="-9518.28492562929" Estado_Agente="&gt;&gt; ESTADO DEL AGENTE &lt;&lt;
Arqueologo en aldea: 6 (ERGINTONE)
Botin: Monedas(1239) | Rubi(1491) | Anillo(1434) | Diamante(1291) | Colgante(2111)
Valor ($$) total:	$ 389325
Peso (kg) en acoplado:	350.84000000000003 Kg.
Km Recorridos:	2780
"/>
<node Id="34" Action="Ir Icaedur" Cost="-9653.654192546584" Estado_Agente="&gt;&gt; ESTADO DEL AGENTE &lt;&lt;
Arqueologo en aldea: 7 (ICAEDUR)
Botin: Monedas(1239) | Rubi(1491) | Anillo(1434) | Diamante(1291) | Colgante(2111)
Valor ($$) total:	$ 389325
Peso (kg) en acoplado:	350.84000000000003 Kg.
Km Recorridos:	2930
"/>
<node Id="42" Action="Ir Aragaey" Cost="-9733.36492562929" Estado_Agente="&gt;&gt; ESTADO DEL AGENTE &lt;&lt;
Arqueologo en aldea: 0 (ARAGAEY)
Botin: Monedas(1239) | Rubi(1491) | Anillo(1434) | Diamante(1291) | Colgante(2111)
Valor ($$) total:	$ 389325
Peso (kg) en acoplado:	350.84000000000003 Kg.
Km Recorridos:	2880
"/>
<node Id="43" Action="Ir Peregaey" Cost="-9774.19796910755" Estado_Agente="&gt;&gt; ESTADO DEL AGENTE &lt;&lt;
Arqueologo en aldea: 9 (PEREGAEY)
Botin: Monedas(1239) | Rubi(1491) | Anillo(1434) | Diamante(1291) | Colgante(2111)
Valor ($$) total:	$ 389325
Peso (kg) en acoplado:	350.84000000000003 Kg.
Km Recorridos:	2960
"/>
<node Id="44" Action="Ir Bresol" Cost="-10059.546743811108" Estado_Agente="&gt;&gt; ESTADO DEL AGENTE &lt;&lt;
Arqueologo en aldea: 2 (BRESOL)
Botin: Monedas(1239) | Rubi(1491) | Anillo(1434) | Diamante(1291) | Colgante(2111)
Valor ($$) total:	$ 389325
Peso (kg) en acoplado:	350.84000000000003 Kg.
Km Recorridos:	3030
"/>
<node Id="45" Action="Tomar Tesoro" Cost="-11559.546743811108" Estado_Agente="&gt;&gt; ESTADO DEL AGENTE &lt;&lt;
Arqueologo en aldea: 2 (BRESOL)
Botin: Monedas(1319) | Rubi(1571) | Anillo(1504) | Diamante(1311) | Colgante(2311)
Valor ($$) total:	$ 408225
Peso (kg) en acoplado:	368.99 Kg.
Km Recorridos:	3030
"/>
<node Id="35" Action="Tomar Tesoro" Cost="-11153.654192546584" Estado_Agente="&gt;&gt; ESTADO DEL AGENTE &lt;&lt;
Arqueologo en aldea: 7 (ICAEDUR)
Botin: Monedas(1292) | Rubi(1534) | Anillo(1458) | Diamante(1324) | Colgante(2129)
Valor ($$) total:	$ 400735
Peso (kg) en acoplado:	360.75 Kg.
Km Recorridos:	2930
"/>
<node Id="36" Action="Ir Bulovoe" Cost="-11599.41195652174" Estado_Agente="&gt;&gt; ESTADO DEL AGENTE &lt;&lt;
Arqueologo en aldea: 3 (BULOVOE)
Botin: Monedas(1292) | Rubi(1534) | Anillo(1458) | Diamante(1324) | Colgante(2129)
Valor ($$) total:	$ 400735
Peso (kg) en acoplado:	360.75 Kg.
Km Recorridos:	3280
"/>
<node Id="37" Action="Ir Ergintone" Cost="-11871.705189604447" Estado_Agente="&gt;&gt; ESTADO DEL AGENTE &lt;&lt;
Arqueologo en aldea: 6 (ERGINTONE)
Botin: Monedas(1292) | Rubi(1534) | Anillo(1458) | Diamante(1324) | Colgante(2129)
Valor ($$) total:	$ 400735
Peso (kg) en acoplado:	360.75 Kg.
Km Recorridos:	3480
"/>
<node Id="38" Action="Ir Aragaey" Cost="-12086.785189604447" Estado_Agente="&gt;&gt; ESTADO DEL AGENTE &lt;&lt;
Arqueologo en aldea: 0 (ARAGAEY)
Botin: Monedas(1292) | Rubi(1534) | Anillo(1458) | Diamante(1324) | Colgante(2129)
Valor ($$) total:	$ 400735
Peso (kg) en acoplado:	360.75 Kg.
Km Recorridos:	3580
"/>
<node Id="39" Action="Ir Peregaey" Cost="-12127.618233082707" Estado_Agente="&gt;&gt; ESTADO DEL AGENTE &lt;&lt;
Arqueologo en aldea: 9 (PEREGAEY)
Botin: Monedas(1292) | Rubi(1534) | Anillo(1458) | Diamante(1324) | Colgante(2129)
Valor ($$) total:	$ 400735
Peso (kg) en acoplado:	360.75 Kg.
Km Recorridos:	3660
"/>
<node Id="40" Action="Ir Bresol" Cost="-12412.967007786265" Estado_Agente="&gt;&gt; ESTADO DEL AGENTE &lt;&lt;
Arqueologo en aldea: 2 (BRESOL)
Botin: Monedas(1292) | Rubi(1534) | Anillo(1458) | Diamante(1324) | Colgante(2129)
Valor ($$) total:	$ 400735
Peso (kg) en acoplado:	360.75 Kg.
Km Recorridos:	3730
"/>
<node Id="41" Action="Tomar Tesoro" Cost="-13912.967007786265" Estado_Agente="&gt;&gt; ESTADO DEL AGENTE &lt;&lt;
Arqueologo en aldea: 2 (BRESOL)
Botin: Monedas(1372) | Rubi(1614) | Anillo(1528) | Diamante(1344) | Colgante(2329)
Valor ($$) total:	$ 419635
Peso (kg) en acoplado:	378.90000000000003 Kg.
Km Recorridos:	3730
"/>
<node Id="46" Action="Ir Aragaey" Cost="-8233.364925629292" Estado_Agente="&gt;&gt; ESTADO DEL AGENTE &lt;&lt;
Arqueologo en aldea: 0 (ARAGAEY)
Botin: Monedas(989) | Rubi(1371) | Anillo(1414) | Diamante(1141) | Colgante(1811)
Valor ($$) total:	$ 339725
Peso (kg) en acoplado:	306.03999999999996 Kg.
Km Recorridos:	2880
"/>
<node Id="47" Action="Ir Peregaey" Cost="-8274.197969107552" Estado_Agente="&gt;&gt; ESTADO DEL AGENTE &lt;&lt;
Arqueologo en aldea: 9 (PEREGAEY)
Botin: Monedas(989) | Rubi(1371) | Anillo(1414) | Diamante(1141) | Colgante(1811)
Valor ($$) total:	$ 339725
Peso (kg) en acoplado:	306.03999999999996 Kg.
Km Recorridos:	2960
"/>
<node Id="48" Action="Ir Bresol" Cost="-8559.54674381111" Estado_Agente="&gt;&gt; ESTADO DEL AGENTE &lt;&lt;
Arqueologo en aldea: 2 (BRESOL)
Botin: Monedas(989) | Rubi(1371) | Anillo(1414) | Diamante(1141) | Colgante(1811)
Valor ($$) total:	$ 339725
Peso (kg) en acoplado:	306.03999999999996 Kg.
Km Recorridos:	3030
"/>
<node Id="49" Action="Tomar Tesoro" Cost="-10059.54674381111" Estado_Agente="&gt;&gt; ESTADO DEL AGENTE &lt;&lt;
Arqueologo en aldea: 2 (BRESOL)
Botin: Monedas(1069) | Rubi(1451) | Anillo(1484) | Diamante(1161) | Colgante(2011)
Valor ($$) total:	$ 358625
Peso (kg) en acoplado:	324.19000000000005 Kg.
Km Recorridos:	3030
"/>
<edge source="0" target="1"/>
<edge source="0" target="2"/>
<edge source="1" target="3"/>
<edge source="3" target="4"/>
<edge source="3" target="5"/>
<edge source="4" target="6"/>
<edge source="6" target="7"/>
<edge source="6" target="8"/>
<edge source="7" target="9"/>
<edge source="7" target="10"/>
<edge source="9" target="11"/>
<edge source="11" target="12"/>
<edge source="12" target="13"/>
<edge source="12" target="14"/>
<edge source="12" target="15"/>
<edge source="13" target="51"/>
<edge source="13" target="52"/>
<edge source="14" target="50"/>
<edge source="15" target="16"/>
<edge source="15" target="17"/>
<edge source="51" target="53"/>
<edge source="52" target="65"/>
<edge source="53" target="54"/>
<edge source="54" target="55"/>
<edge source="55" target="56"/>
<edge source="55" target="57"/>
<edge source="56" target="58"/>
<edge source="57" target="61"/>
<edge source="58" target="59"/>
<edge source="59" target="60"/>
<edge source="61" target="62"/>
<edge source="62" target="63"/>
<edge source="63" target="64"/>
<edge source="65" target="66"/>
<edge source="66" target="67"/>
<edge source="66" target="68"/>
<edge source="67" target="69"/>
<edge source="68" target="72"/>
<edge source="69" target="70"/>
<edge source="70" target="71"/>
<edge source="72" target="73"/>
<edge source="73" target="74"/>
<edge source="74" target="75"/>
<edge source="16" target="18"/>
<edge source="17" target="31"/>
<edge source="17" target="32"/>
<edge source="18" target="19"/>
<edge source="18" target="20"/>
<edge source="19" target="21"/>
<edge source="19" target="22"/>
<edge source="20" target="27"/>
<edge source="20" target="28"/>
<edge source="21" target="23"/>
<edge source="21" target="24"/>
<edge source="23" target="25"/>
<edge source="25" target="26"/>
<edge source="27" target="29"/>
<edge source="29" target="30"/>
<edge source="31" target="33"/>
<edge source="31" target="34"/>
<edge source="32" target="46"/>
<edge source="32" target="47"/>
<edge source="33" target="42"/>
<edge source="33" target="43"/>
<edge source="34" target="35"/>
<edge source="42" target="44"/>
<edge source="44" target="45"/>
<edge source="35" target="36"/>
<edge source="36" target="37"/>
<edge source="37" target="38"/>
<edge source="37" target="39"/>
<edge source="38" target="40"/>
<edge source="40" target="41"/>
<edge source="46" target="48"/>
<edge source="48" target="49"/>
</tree>
