<tree id="9" edgedefault="directed">
<node Id="0" Action="null" Cost="0.0" Estado_Agente="&gt;&gt; ESTADO DEL AGENTE &lt;&lt;
Arqueologo en aldea: 1 (ASE)
Botin: Monedas(900) | Rubi(1320) | Anillo(1300) | Diamante(1030) | Colgante(1700)
Valor ($$) total:	$ 313200
Peso (kg) en acoplado:	281.0 Kg.
Km Recorridos:	1230
"/>
<node Id="1" Action="Ir Ase" Cost="-570.5" Estado_Agente="&gt;&gt; ESTADO DEL AGENTE &lt;&lt;
Arqueologo en aldea: 1 (ASE)
Botin: Monedas(900) | Rubi(1320) | Anillo(1300) | Diamante(1030) | Colgante(1700)
Valor ($$) total:	$ 313200
Peso (kg) en acoplado:	281.0 Kg.
Km Recorridos:	1230
"/>
<node Id="2" Action="Tomar Tesoro" Cost="-2070.5" Estado_Agente="&gt;&gt; ESTADO DEL AGENTE &lt;&lt;
Arqueologo en aldea: 1 (ASE)
Botin: Monedas(920) | Rubi(1370) | Anillo(1370) | Diamante(1130) | Colgante(1760)
Valor ($$) total:	$ 329700
Peso (kg) en acoplado:	295.35 Kg.
Km Recorridos:	1230
"/>
<node Id="3" Action="Ir Cenede" Cost="-620.625" Estado_Agente="&gt;&gt; ESTADO DEL AGENTE &lt;&lt;
Arqueologo en aldea: 5 (CENEDE)
Botin: Monedas(900) | Rubi(1320) | Anillo(1300) | Diamante(1030) | Colgante(1700)
Valor ($$) total:	$ 313200
Peso (kg) en acoplado:	281.0 Kg.
Km Recorridos:	1430
"/>
<node Id="4" Action="Ir Cenede" Cost="-2120.625" Estado_Agente="&gt;&gt; ESTADO DEL AGENTE &lt;&lt;
Arqueologo en aldea: 5 (CENEDE)
Botin: Monedas(920) | Rubi(1370) | Anillo(1370) | Diamante(1130) | Colgante(1760)
Valor ($$) total:	$ 329700
Peso (kg) en acoplado:	295.35 Kg.
Km Recorridos:	1430
"/>
<node Id="5" Action="Tomar Tesoro" Cost="-3620.625" Estado_Agente="&gt;&gt; ESTADO DEL AGENTE &lt;&lt;
Arqueologo en aldea: 5 (CENEDE)
Botin: Monedas(989) | Rubi(1371) | Anillo(1414) | Diamante(1141) | Colgante(1811)
Valor ($$) total:	$ 339725
Peso (kg) en acoplado:	306.03999999999996 Kg.
Km Recorridos:	1430
"/>
<node Id="6" Action="Terminar" Cost="-2120.625" Estado_Agente="&gt;&gt; ESTADO DEL AGENTE &lt;&lt;
Arqueologo en aldea: 11 (CEDENE ~FIN~)
Botin: Monedas(920) | Rubi(1370) | Anillo(1370) | Diamante(1130) | Colgante(1760)
Valor ($$) total:	$ 329700
Peso (kg) en acoplado:	295.35 Kg.
Km Recorridos:	1430
"/>
<node Id="7" Action="Ir Ase" Cost="-4191.125" Estado_Agente="&gt;&gt; ESTADO DEL AGENTE &lt;&lt;
Arqueologo en aldea: 1 (ASE)
Botin: Monedas(989) | Rubi(1371) | Anillo(1414) | Diamante(1141) | Colgante(1811)
Valor ($$) total:	$ 339725
Peso (kg) en acoplado:	306.03999999999996 Kg.
Km Recorridos:	1630
"/>
<node Id="8" Action="Terminar" Cost="-3620.625" Estado_Agente="&gt;&gt; ESTADO DEL AGENTE &lt;&lt;
Arqueologo en aldea: 11 (CEDENE ~FIN~)
Botin: Monedas(989) | Rubi(1371) | Anillo(1414) | Diamante(1141) | Colgante(1811)
Valor ($$) total:	$ 339725
Peso (kg) en acoplado:	306.03999999999996 Kg.
Km Recorridos:	1430
"/>
<node Id="9" Action="Ir Mixocu" Cost="-4631.25" Estado_Agente="&gt;&gt; ESTADO DEL AGENTE &lt;&lt;
Arqueologo en aldea: 8 (MIXOCU)
Botin: Monedas(989) | Rubi(1371) | Anillo(1414) | Diamante(1141) | Colgante(1811)
Valor ($$) total:	$ 339725
Peso (kg) en acoplado:	306.03999999999996 Kg.
Km Recorridos:	1830
"/>
<node Id="10" Action="Ir Vinizaile" Cost="-4918.821428571428" Estado_Agente="&gt;&gt; ESTADO DEL AGENTE &lt;&lt;
Arqueologo en aldea: 10 (VINIZAILE)
Botin: Monedas(989) | Rubi(1371) | Anillo(1414) | Diamante(1141) | Colgante(1811)
Valor ($$) total:	$ 339725
Peso (kg) en acoplado:	306.03999999999996 Kg.
Km Recorridos:	2130
"/>
<node Id="11" Action="Ir Bresol" Cost="-5166.2532467532465" Estado_Agente="&gt;&gt; ESTADO DEL AGENTE &lt;&lt;
Arqueologo en aldea: 2 (BRESOL)
Botin: Monedas(989) | Rubi(1371) | Anillo(1414) | Diamante(1141) | Colgante(1811)
Valor ($$) total:	$ 339725
Peso (kg) en acoplado:	306.03999999999996 Kg.
Km Recorridos:	2530
"/>
<node Id="12" Action="Ir Cabe" Cost="-5391.821428571428" Estado_Agente="&gt;&gt; ESTADO DEL AGENTE &lt;&lt;
Arqueologo en aldea: 4 (CABE)
Botin: Monedas(989) | Rubi(1371) | Anillo(1414) | Diamante(1141) | Colgante(1811)
Valor ($$) total:	$ 339725
Peso (kg) en acoplado:	306.03999999999996 Kg.
Km Recorridos:	2330
"/>
<node Id="13" Action="Ir Icaedur" Cost="-5407.983928571429" Estado_Agente="&gt;&gt; ESTADO DEL AGENTE &lt;&lt;
Arqueologo en aldea: 7 (ICAEDUR)
Botin: Monedas(989) | Rubi(1371) | Anillo(1414) | Diamante(1141) | Colgante(1811)
Valor ($$) total:	$ 339725
Peso (kg) en acoplado:	306.03999999999996 Kg.
Km Recorridos:	2230
"/>
<node Id="49" Action="Tomar Tesoro" Cost="-6666.2532467532465" Estado_Agente="&gt;&gt; ESTADO DEL AGENTE &lt;&lt;
Arqueologo en aldea: 2 (BRESOL)
Botin: Monedas(1069) | Rubi(1451) | Anillo(1484) | Diamante(1161) | Colgante(2011)
Valor ($$) total:	$ 358625
Peso (kg) en acoplado:	324.19000000000005 Kg.
Km Recorridos:	2530
"/>
<node Id="50" Action="Ir Aragaey" Cost="-5381.333246753246" Estado_Agente="&gt;&gt; ESTADO DEL AGENTE &lt;&lt;
Arqueologo en aldea: 0 (ARAGAEY)
Botin: Monedas(989) | Rubi(1371) | Anillo(1414) | Diamante(1141) | Colgante(1811)
Valor ($$) total:	$ 339725
Peso (kg) en acoplado:	306.03999999999996 Kg.
Km Recorridos:	2680
"/>
<node Id="51" Action="Ir Aragaey" Cost="-6881.333246753246" Estado_Agente="&gt;&gt; ESTADO DEL AGENTE &lt;&lt;
Arqueologo en aldea: 0 (ARAGAEY)
Botin: Monedas(1069) | Rubi(1451) | Anillo(1484) | Diamante(1161) | Colgante(2011)
Valor ($$) total:	$ 358625
Peso (kg) en acoplado:	324.19000000000005 Kg.
Km Recorridos:	2680
"/>
<node Id="52" Action="Ir Ergintone" Cost="-7153.626479835953" Estado_Agente="&gt;&gt; ESTADO DEL AGENTE &lt;&lt;
Arqueologo en aldea: 6 (ERGINTONE)
Botin: Monedas(1069) | Rubi(1451) | Anillo(1484) | Diamante(1161) | Colgante(2011)
Valor ($$) total:	$ 358625
Peso (kg) en acoplado:	324.19000000000005 Kg.
Km Recorridos:	2780
"/>
<node Id="53" Action="Ir Bulovoe" Cost="-7705.669958096823" Estado_Agente="&gt;&gt; ESTADO DEL AGENTE &lt;&lt;
Arqueologo en aldea: 3 (BULOVOE)
Botin: Monedas(1069) | Rubi(1451) | Anillo(1484) | Diamante(1161) | Colgante(2011)
Valor ($$) total:	$ 358625
Peso (kg) en acoplado:	324.19000000000005 Kg.
Km Recorridos:	2980
"/>
<node Id="54" Action="Tomar Tesoro" Cost="-9205.669958096823" Estado_Agente="&gt;&gt; ESTADO DEL AGENTE &lt;&lt;
Arqueologo en aldea: 3 (BULOVOE)
Botin: Monedas(1319) | Rubi(1571) | Anillo(1504) | Diamante(1311) | Colgante(2311)
Valor ($$) total:	$ 408225
Peso (kg) en acoplado:	368.99 Kg.
Km Recorridos:	2980
"/>
<node Id="55" Action="Ir Icaedur" Cost="-8113.332458096824" Estado_Agente="&gt;&gt; ESTADO DEL AGENTE &lt;&lt;
Arqueologo en aldea: 7 (ICAEDUR)
Botin: Monedas(1069) | Rubi(1451) | Anillo(1484) | Diamante(1161) | Colgante(2011)
Valor ($$) total:	$ 358625
Peso (kg) en acoplado:	324.19000000000005 Kg.
Km Recorridos:	3330
"/>
<node Id="56" Action="Ir Icaedur" Cost="-9613.332458096824" Estado_Agente="&gt;&gt; ESTADO DEL AGENTE &lt;&lt;
Arqueologo en aldea: 7 (ICAEDUR)
Botin: Monedas(1319) | Rubi(1571) | Anillo(1504) | Diamante(1311) | Colgante(2311)
Valor ($$) total:	$ 408225
Peso (kg) en acoplado:	368.99 Kg.
Km Recorridos:	3330
"/>
<node Id="57" Action="Tomar Tesoro" Cost="-11113.332458096824" Estado_Agente="&gt;&gt; ESTADO DEL AGENTE &lt;&lt;
Arqueologo en aldea: 7 (ICAEDUR)
Botin: Monedas(1372) | Rubi(1614) | Anillo(1528) | Diamante(1344) | Colgante(2329)
Valor ($$) total:	$ 419635
Peso (kg) en acoplado:	378.90000000000003 Kg.
Km Recorridos:	3330
"/>
<node Id="58" Action="Ir Bulovoe" Cost="-11559.09022207198" Estado_Agente="&gt;&gt; ESTADO DEL AGENTE &lt;&lt;
Arqueologo en aldea: 3 (BULOVOE)
Botin: Monedas(1372) | Rubi(1614) | Anillo(1528) | Diamante(1344) | Colgante(2329)
Valor ($$) total:	$ 419635
Peso (kg) en acoplado:	378.90000000000003 Kg.
Km Recorridos:	3680
"/>
<node Id="59" Action="Tomar Tesoro" Cost="-9613.332458096824" Estado_Agente="&gt;&gt; ESTADO DEL AGENTE &lt;&lt;
Arqueologo en aldea: 7 (ICAEDUR)
Botin: Monedas(1122) | Rubi(1494) | Anillo(1508) | Diamante(1194) | Colgante(2029)
Valor ($$) total:	$ 370035
Peso (kg) en acoplado:	334.09999999999997 Kg.
Km Recorridos:	3330
"/>
<node Id="60" Action="Ir Bulovoe" Cost="-10059.09022207198" Estado_Agente="&gt;&gt; ESTADO DEL AGENTE &lt;&lt;
Arqueologo en aldea: 3 (BULOVOE)
Botin: Monedas(1122) | Rubi(1494) | Anillo(1508) | Diamante(1194) | Colgante(2029)
Valor ($$) total:	$ 370035
Peso (kg) en acoplado:	334.09999999999997 Kg.
Km Recorridos:	3680
"/>
<node Id="61" Action="Tomar Tesoro" Cost="-11559.09022207198" Estado_Agente="&gt;&gt; ESTADO DEL AGENTE &lt;&lt;
Arqueologo en aldea: 3 (BULOVOE)
Botin: Monedas(1372) | Rubi(1614) | Anillo(1528) | Diamante(1344) | Colgante(2329)
Valor ($$) total:	$ 419635
Peso (kg) en acoplado:	378.90000000000003 Kg.
Km Recorridos:	3680
"/>
<node Id="62" Action="Ir Icaedur" Cost="-11966.75272207198" Estado_Agente="&gt;&gt; ESTADO DEL AGENTE &lt;&lt;
Arqueologo en aldea: 7 (ICAEDUR)
Botin: Monedas(1372) | Rubi(1614) | Anillo(1528) | Diamante(1344) | Colgante(2329)
Valor ($$) total:	$ 419635
Peso (kg) en acoplado:	378.90000000000003 Kg.
Km Recorridos:	4030
"/>
<node Id="63" Action="Ir Ergintone" Cost="-5653.626479835953" Estado_Agente="&gt;&gt; ESTADO DEL AGENTE &lt;&lt;
Arqueologo en aldea: 6 (ERGINTONE)
Botin: Monedas(989) | Rubi(1371) | Anillo(1414) | Diamante(1141) | Colgante(1811)
Valor ($$) total:	$ 339725
Peso (kg) en acoplado:	306.03999999999996 Kg.
Km Recorridos:	2780
"/>
<node Id="64" Action="Ir Bulovoe" Cost="-6205.669958096823" Estado_Agente="&gt;&gt; ESTADO DEL AGENTE &lt;&lt;
Arqueologo en aldea: 3 (BULOVOE)
Botin: Monedas(989) | Rubi(1371) | Anillo(1414) | Diamante(1141) | Colgante(1811)
Valor ($$) total:	$ 339725
Peso (kg) en acoplado:	306.03999999999996 Kg.
Km Recorridos:	2980
"/>
<node Id="65" Action="Tomar Tesoro" Cost="-7705.669958096823" Estado_Agente="&gt;&gt; ESTADO DEL AGENTE &lt;&lt;
Arqueologo en aldea: 3 (BULOVOE)
Botin: Monedas(1239) | Rubi(1491) | Anillo(1434) | Diamante(1291) | Colgante(2111)
Valor ($$) total:	$ 389325
Peso (kg) en acoplado:	350.84000000000003 Kg.
Km Recorridos:	2980
"/>
<node Id="66" Action="Ir Icaedur" Cost="-6613.332458096824" Estado_Agente="&gt;&gt; ESTADO DEL AGENTE &lt;&lt;
Arqueologo en aldea: 7 (ICAEDUR)
Botin: Monedas(989) | Rubi(1371) | Anillo(1414) | Diamante(1141) | Colgante(1811)
Valor ($$) total:	$ 339725
Peso (kg) en acoplado:	306.03999999999996 Kg.
Km Recorridos:	3330
"/>
<node Id="67" Action="Ir Icaedur" Cost="-8113.332458096824" Estado_Agente="&gt;&gt; ESTADO DEL AGENTE &lt;&lt;
Arqueologo en aldea: 7 (ICAEDUR)
Botin: Monedas(1239) | Rubi(1491) | Anillo(1434) | Diamante(1291) | Colgante(2111)
Valor ($$) total:	$ 389325
Peso (kg) en acoplado:	350.84000000000003 Kg.
Km Recorridos:	3330
"/>
<node Id="68" Action="Tomar Tesoro" Cost="-9613.332458096824" Estado_Agente="&gt;&gt; ESTADO DEL AGENTE &lt;&lt;
Arqueologo en aldea: 7 (ICAEDUR)
Botin: Monedas(1292) | Rubi(1534) | Anillo(1458) | Diamante(1324) | Colgante(2129)
Valor ($$) total:	$ 400735
Peso (kg) en acoplado:	360.75 Kg.
Km Recorridos:	3330
"/>
<node Id="69" Action="Ir Bulovoe" Cost="-10059.09022207198" Estado_Agente="&gt;&gt; ESTADO DEL AGENTE &lt;&lt;
Arqueologo en aldea: 3 (BULOVOE)
Botin: Monedas(1292) | Rubi(1534) | Anillo(1458) | Diamante(1324) | Colgante(2129)
Valor ($$) total:	$ 400735
Peso (kg) en acoplado:	360.75 Kg.
Km Recorridos:	3680
"/>
<node Id="70" Action="Tomar Tesoro" Cost="-8113.332458096824" Estado_Agente="&gt;&gt; ESTADO DEL AGENTE &lt;&lt;
Arqueologo en aldea: 7 (ICAEDUR)
Botin: Monedas(1042) | Rubi(1414) | Anillo(1438) | Diamante(1174) | Colgante(1829)
Valor ($$) total:	$ 351135
Peso (kg) en acoplado:	315.95 Kg.
Km Recorridos:	3330
"/>
<node Id="71" Action="Ir Bulovoe" Cost="-8559.09022207198" Estado_Agente="&gt;&gt; ESTADO DEL AGENTE &lt;&lt;
Arqueologo en aldea: 3 (BULOVOE)
Botin: Monedas(1042) | Rubi(1414) | Anillo(1438) | Diamante(1174) | Colgante(1829)
Valor ($$) total:	$ 351135
Peso (kg) en acoplado:	315.95 Kg.
Km Recorridos:	3680
"/>
<node Id="72" Action="Tomar Tesoro" Cost="-10059.09022207198" Estado_Agente="&gt;&gt; ESTADO DEL AGENTE &lt;&lt;
Arqueologo en aldea: 3 (BULOVOE)
Botin: Monedas(1292) | Rubi(1534) | Anillo(1458) | Diamante(1324) | Colgante(2129)
Valor ($$) total:	$ 400735
Peso (kg) en acoplado:	360.75 Kg.
Km Recorridos:	3680
"/>
<node Id="73" Action="Ir Icaedur" Cost="-10466.75272207198" Estado_Agente="&gt;&gt; ESTADO DEL AGENTE &lt;&lt;
Arqueologo en aldea: 7 (ICAEDUR)
Botin: Monedas(1292) | Rubi(1534) | Anillo(1458) | Diamante(1324) | Colgante(2129)
Valor ($$) total:	$ 400735
Peso (kg) en acoplado:	360.75 Kg.
Km Recorridos:	4030
"/>
<node Id="48" Action="Tomar Tesoro" Cost="-6891.821428571428" Estado_Agente="&gt;&gt; ESTADO DEL AGENTE &lt;&lt;
Arqueologo en aldea: 4 (CABE)
Botin: Monedas(1149) | Rubi(1621) | Anillo(1584) | Diamante(1201) | Colgante(1931)
Valor ($$) total:	$ 380525
Peso (kg) en acoplado:	341.29 Kg.
Km Recorridos:	2330
"/>
<node Id="14" Action="Tomar Tesoro" Cost="-6907.983928571429" Estado_Agente="&gt;&gt; ESTADO DEL AGENTE &lt;&lt;
Arqueologo en aldea: 7 (ICAEDUR)
Botin: Monedas(1042) | Rubi(1414) | Anillo(1438) | Diamante(1174) | Colgante(1829)
Valor ($$) total:	$ 351135
Peso (kg) en acoplado:	315.95 Kg.
Km Recorridos:	2230
"/>
<node Id="15" Action="Ir Bulovoe" Cost="-5853.741692546584" Estado_Agente="&gt;&gt; ESTADO DEL AGENTE &lt;&lt;
Arqueologo en aldea: 3 (BULOVOE)
Botin: Monedas(989) | Rubi(1371) | Anillo(1414) | Diamante(1141) | Colgante(1811)
Valor ($$) total:	$ 339725
Peso (kg) en acoplado:	306.03999999999996 Kg.
Km Recorridos:	2580
"/>
<node Id="16" Action="Ir Bulovoe" Cost="-7353.741692546584" Estado_Agente="&gt;&gt; ESTADO DEL AGENTE &lt;&lt;
Arqueologo en aldea: 3 (BULOVOE)
Botin: Monedas(1042) | Rubi(1414) | Anillo(1438) | Diamante(1174) | Colgante(1829)
Valor ($$) total:	$ 351135
Peso (kg) en acoplado:	315.95 Kg.
Km Recorridos:	2580
"/>
<node Id="17" Action="Tomar Tesoro" Cost="-8853.741692546584" Estado_Agente="&gt;&gt; ESTADO DEL AGENTE &lt;&lt;
Arqueologo en aldea: 3 (BULOVOE)
Botin: Monedas(1292) | Rubi(1534) | Anillo(1458) | Diamante(1324) | Colgante(2129)
Valor ($$) total:	$ 400735
Peso (kg) en acoplado:	360.75 Kg.
Km Recorridos:	2580
"/>
<node Id="18" Action="Ir Ergintone" Cost="-7626.034925629291" Estado_Agente="&gt;&gt; ESTADO DEL AGENTE &lt;&lt;
Arqueologo en aldea: 6 (ERGINTONE)
Botin: Monedas(1042) | Rubi(1414) | Anillo(1438) | Diamante(1174) | Colgante(1829)
Valor ($$) total:	$ 351135
Peso (kg) en acoplado:	315.95 Kg.
Km Recorridos:	2780
"/>
<node Id="19" Action="Ir Ergintone" Cost="-9126.03492562929" Estado_Agente="&gt;&gt; ESTADO DEL AGENTE &lt;&lt;
Arqueologo en aldea: 6 (ERGINTONE)
Botin: Monedas(1292) | Rubi(1534) | Anillo(1458) | Diamante(1324) | Colgante(2129)
Valor ($$) total:	$ 400735
Peso (kg) en acoplado:	360.75 Kg.
Km Recorridos:	2780
"/>
<node Id="20" Action="Ir Icaedur" Cost="-9261.404192546584" Estado_Agente="&gt;&gt; ESTADO DEL AGENTE &lt;&lt;
Arqueologo en aldea: 7 (ICAEDUR)
Botin: Monedas(1292) | Rubi(1534) | Anillo(1458) | Diamante(1324) | Colgante(2129)
Valor ($$) total:	$ 400735
Peso (kg) en acoplado:	360.75 Kg.
Km Recorridos:	2930
"/>
<node Id="21" Action="Ir Aragaey" Cost="-9341.11492562929" Estado_Agente="&gt;&gt; ESTADO DEL AGENTE &lt;&lt;
Arqueologo en aldea: 0 (ARAGAEY)
Botin: Monedas(1292) | Rubi(1534) | Anillo(1458) | Diamante(1324) | Colgante(2129)
Valor ($$) total:	$ 400735
Peso (kg) en acoplado:	360.75 Kg.
Km Recorridos:	2880
"/>
<node Id="22" Action="Ir Peregaey" Cost="-9381.94796910755" Estado_Agente="&gt;&gt; ESTADO DEL AGENTE &lt;&lt;
Arqueologo en aldea: 9 (PEREGAEY)
Botin: Monedas(1292) | Rubi(1534) | Anillo(1458) | Diamante(1324) | Colgante(2129)
Valor ($$) total:	$ 400735
Peso (kg) en acoplado:	360.75 Kg.
Km Recorridos:	2960
"/>
<node Id="23" Action="Ir Bresol" Cost="-9667.296743811108" Estado_Agente="&gt;&gt; ESTADO DEL AGENTE &lt;&lt;
Arqueologo en aldea: 2 (BRESOL)
Botin: Monedas(1292) | Rubi(1534) | Anillo(1458) | Diamante(1324) | Colgante(2129)
Valor ($$) total:	$ 400735
Peso (kg) en acoplado:	360.75 Kg.
Km Recorridos:	3030
"/>
<node Id="24" Action="Tomar Tesoro" Cost="-11167.296743811108" Estado_Agente="&gt;&gt; ESTADO DEL AGENTE &lt;&lt;
Arqueologo en aldea: 2 (BRESOL)
Botin: Monedas(1372) | Rubi(1614) | Anillo(1528) | Diamante(1344) | Colgante(2329)
Valor ($$) total:	$ 419635
Peso (kg) en acoplado:	378.90000000000003 Kg.
Km Recorridos:	3030
"/>
<node Id="25" Action="Ir Aragaey" Cost="-7841.114925629291" Estado_Agente="&gt;&gt; ESTADO DEL AGENTE &lt;&lt;
Arqueologo en aldea: 0 (ARAGAEY)
Botin: Monedas(1042) | Rubi(1414) | Anillo(1438) | Diamante(1174) | Colgante(1829)
Valor ($$) total:	$ 351135
Peso (kg) en acoplado:	315.95 Kg.
Km Recorridos:	2880
"/>
<node Id="26" Action="Ir Peregaey" Cost="-7881.947969107552" Estado_Agente="&gt;&gt; ESTADO DEL AGENTE &lt;&lt;
Arqueologo en aldea: 9 (PEREGAEY)
Botin: Monedas(1042) | Rubi(1414) | Anillo(1438) | Diamante(1174) | Colgante(1829)
Valor ($$) total:	$ 351135
Peso (kg) en acoplado:	315.95 Kg.
Km Recorridos:	2960
"/>
<node Id="27" Action="Ir Bresol" Cost="-8167.296743811109" Estado_Agente="&gt;&gt; ESTADO DEL AGENTE &lt;&lt;
Arqueologo en aldea: 2 (BRESOL)
Botin: Monedas(1042) | Rubi(1414) | Anillo(1438) | Diamante(1174) | Colgante(1829)
Valor ($$) total:	$ 351135
Peso (kg) en acoplado:	315.95 Kg.
Km Recorridos:	3030
"/>
<node Id="28" Action="Tomar Tesoro" Cost="-9667.296743811108" Estado_Agente="&gt;&gt; ESTADO DEL AGENTE &lt;&lt;
Arqueologo en aldea: 2 (BRESOL)
Botin: Monedas(1122) | Rubi(1494) | Anillo(1508) | Diamante(1194) | Colgante(2029)
Valor ($$) total:	$ 370035
Peso (kg) en acoplado:	334.09999999999997 Kg.
Km Recorridos:	3030
"/>
<node Id="29" Action="Tomar Tesoro" Cost="-7353.741692546584" Estado_Agente="&gt;&gt; ESTADO DEL AGENTE &lt;&lt;
Arqueologo en aldea: 3 (BULOVOE)
Botin: Monedas(1239) | Rubi(1491) | Anillo(1434) | Diamante(1291) | Colgante(2111)
Valor ($$) total:	$ 389325
Peso (kg) en acoplado:	350.84000000000003 Kg.
Km Recorridos:	2580
"/>
<node Id="30" Action="Ir Ergintone" Cost="-6126.034925629291" Estado_Agente="&gt;&gt; ESTADO DEL AGENTE &lt;&lt;
Arqueologo en aldea: 6 (ERGINTONE)
Botin: Monedas(989) | Rubi(1371) | Anillo(1414) | Diamante(1141) | Colgante(1811)
Valor ($$) total:	$ 339725
Peso (kg) en acoplado:	306.03999999999996 Kg.
Km Recorridos:	2780
"/>
<node Id="31" Action="Ir Ergintone" Cost="-7626.034925629291" Estado_Agente="&gt;&gt; ESTADO DEL AGENTE &lt;&lt;
Arqueologo en aldea: 6 (ERGINTONE)
Botin: Monedas(1239) | Rubi(1491) | Anillo(1434) | Diamante(1291) | Colgante(2111)
Valor ($$) total:	$ 389325
Peso (kg) en acoplado:	350.84000000000003 Kg.
Km Recorridos:	2780
"/>
<node Id="32" Action="Ir Icaedur" Cost="-7761.404192546584" Estado_Agente="&gt;&gt; ESTADO DEL AGENTE &lt;&lt;
Arqueologo en aldea: 7 (ICAEDUR)
Botin: Monedas(1239) | Rubi(1491) | Anillo(1434) | Diamante(1291) | Colgante(2111)
Valor ($$) total:	$ 389325
Peso (kg) en acoplado:	350.84000000000003 Kg.
Km Recorridos:	2930
"/>
<node Id="40" Action="Ir Aragaey" Cost="-7841.114925629291" Estado_Agente="&gt;&gt; ESTADO DEL AGENTE &lt;&lt;
Arqueologo en aldea: 0 (ARAGAEY)
Botin: Monedas(1239) | Rubi(1491) | Anillo(1434) | Diamante(1291) | Colgante(2111)
Valor ($$) total:	$ 389325
Peso (kg) en acoplado:	350.84000000000003 Kg.
Km Recorridos:	2880
"/>
<node Id="41" Action="Ir Peregaey" Cost="-7881.947969107552" Estado_Agente="&gt;&gt; ESTADO DEL AGENTE &lt;&lt;
Arqueologo en aldea: 9 (PEREGAEY)
Botin: Monedas(1239) | Rubi(1491) | Anillo(1434) | Diamante(1291) | Colgante(2111)
Valor ($$) total:	$ 389325
Peso (kg) en acoplado:	350.84000000000003 Kg.
Km Recorridos:	2960
"/>
<node Id="42" Action="Ir Bresol" Cost="-8167.296743811109" Estado_Agente="&gt;&gt; ESTADO DEL AGENTE &lt;&lt;
Arqueologo en aldea: 2 (BRESOL)
Botin: Monedas(1239) | Rubi(1491) | Anillo(1434) | Diamante(1291) | Colgante(2111)
Valor ($$) total:	$ 389325
Peso (kg) en acoplado:	350.84000000000003 Kg.
Km Recorridos:	3030
"/>
<node Id="43" Action="Tomar Tesoro" Cost="-9667.296743811108" Estado_Agente="&gt;&gt; ESTADO DEL AGENTE &lt;&lt;
Arqueologo en aldea: 2 (BRESOL)
Botin: Monedas(1319) | Rubi(1571) | Anillo(1504) | Diamante(1311) | Colgante(2311)
Valor ($$) total:	$ 408225
Peso (kg) en acoplado:	368.99 Kg.
Km Recorridos:	3030
"/>
<node Id="33" Action="Tomar Tesoro" Cost="-9261.404192546584" Estado_Agente="&gt;&gt; ESTADO DEL AGENTE &lt;&lt;
Arqueologo en aldea: 7 (ICAEDUR)
Botin: Monedas(1292) | Rubi(1534) | Anillo(1458) | Diamante(1324) | Colgante(2129)
Valor ($$) total:	$ 400735
Peso (kg) en acoplado:	360.75 Kg.
Km Recorridos:	2930
"/>
<node Id="34" Action="Ir Bulovoe" Cost="-9707.16195652174" Estado_Agente="&gt;&gt; ESTADO DEL AGENTE &lt;&lt;
Arqueologo en aldea: 3 (BULOVOE)
Botin: Monedas(1292) | Rubi(1534) | Anillo(1458) | Diamante(1324) | Colgante(2129)
Valor ($$) total:	$ 400735
Peso (kg) en acoplado:	360.75 Kg.
Km Recorridos:	3280
"/>
<node Id="35" Action="Ir Ergintone" Cost="-9979.455189604447" Estado_Agente="&gt;&gt; ESTADO DEL AGENTE &lt;&lt;
Arqueologo en aldea: 6 (ERGINTONE)
Botin: Monedas(1292) | Rubi(1534) | Anillo(1458) | Diamante(1324) | Colgante(2129)
Valor ($$) total:	$ 400735
Peso (kg) en acoplado:	360.75 Kg.
Km Recorridos:	3480
"/>
<node Id="36" Action="Ir Aragaey" Cost="-10194.535189604447" Estado_Agente="&gt;&gt; ESTADO DEL AGENTE &lt;&lt;
Arqueologo en aldea: 0 (ARAGAEY)
Botin: Monedas(1292) | Rubi(1534) | Anillo(1458) | Diamante(1324) | Colgante(2129)
Valor ($$) total:	$ 400735
Peso (kg) en acoplado:	360.75 Kg.
Km Recorridos:	3580
"/>
<node Id="37" Action="Ir Peregaey" Cost="-10235.368233082707" Estado_Agente="&gt;&gt; ESTADO DEL AGENTE &lt;&lt;
Arqueologo en aldea: 9 (PEREGAEY)
Botin: Monedas(1292) | Rubi(1534) | Anillo(1458) | Diamante(1324) | Colgante(2129)
Valor ($$) total:	$ 400735
Peso (kg) en acoplado:	360.75 Kg.
Km Recorridos:	3660
"/>
<node Id="38" Action="Ir Bresol" Cost="-10520.717007786265" Estado_Agente="&gt;&gt; ESTADO DEL AGENTE &lt;&lt;
Arqueologo en aldea: 2 (BRESOL)
Botin: Monedas(1292) | Rubi(1534) | Anillo(1458) | Diamante(1324) | Colgante(2129)
Valor ($$) total:	$ 400735
Peso (kg) en acoplado:	360.75 Kg.
Km Recorridos:	3730
"/>
<node Id="39" Action="Tomar Tesoro" Cost="-12020.717007786265" Estado_Agente="&gt;&gt; ESTADO DEL AGENTE &lt;&lt;
Arqueologo en aldea: 2 (BRESOL)
Botin: Monedas(1372) | Rubi(1614) | Anillo(1528) | Diamante(1344) | Colgante(2329)
Valor ($$) total:	$ 419635
Peso (kg) en acoplado:	378.90000000000003 Kg.
Km Recorridos:	3730
"/>
<node Id="44" Action="Ir Aragaey" Cost="-6341.114925629291" Estado_Agente="&gt;&gt; ESTADO DEL AGENTE &lt;&lt;
Arqueologo en aldea: 0 (ARAGAEY)
Botin: Monedas(989) | Rubi(1371) | Anillo(1414) | Diamante(1141) | Colgante(1811)
Valor ($$) total:	$ 339725
Peso (kg) en acoplado:	306.03999999999996 Kg.
Km Recorridos:	2880
"/>
<node Id="45" Action="Ir Peregaey" Cost="-6381.947969107552" Estado_Agente="&gt;&gt; ESTADO DEL AGENTE &lt;&lt;
Arqueologo en aldea: 9 (PEREGAEY)
Botin: Monedas(989) | Rubi(1371) | Anillo(1414) | Diamante(1141) | Colgante(1811)
Valor ($$) total:	$ 339725
Peso (kg) en acoplado:	306.03999999999996 Kg.
Km Recorridos:	2960
"/>
<node Id="46" Action="Ir Bresol" Cost="-6667.296743811109" Estado_Agente="&gt;&gt; ESTADO DEL AGENTE &lt;&lt;
Arqueologo en aldea: 2 (BRESOL)
Botin: Monedas(989) | Rubi(1371) | Anillo(1414) | Diamante(1141) | Colgante(1811)
Valor ($$) total:	$ 339725
Peso (kg) en acoplado:	306.03999999999996 Kg.
Km Recorridos:	3030
"/>
<node Id="47" Action="Tomar Tesoro" Cost="-8167.296743811109" Estado_Agente="&gt;&gt; ESTADO DEL AGENTE &lt;&lt;
Arqueologo en aldea: 2 (BRESOL)
Botin: Monedas(1069) | Rubi(1451) | Anillo(1484) | Diamante(1161) | Colgante(2011)
Valor ($$) total:	$ 358625
Peso (kg) en acoplado:	324.19000000000005 Kg.
Km Recorridos:	3030
"/>
<edge source="0" target="1"/>
<edge source="1" target="2"/>
<edge source="1" target="3"/>
<edge source="2" target="4"/>
<edge source="4" target="5"/>
<edge source="4" target="6"/>
<edge source="5" target="7"/>
<edge source="5" target="8"/>
<edge source="7" target="9"/>
<edge source="9" target="10"/>
<edge source="10" target="11"/>
<edge source="10" target="12"/>
<edge source="10" target="13"/>
<edge source="11" target="49"/>
<edge source="11" target="50"/>
<edge source="12" target="48"/>
<edge source="13" target="14"/>
<edge source="13" target="15"/>
<edge source="49" target="51"/>
<edge source="50" target="63"/>
<edge source="51" target="52"/>
<edge source="52" target="53"/>
<edge source="53" target="54"/>
<edge source="53" target="55"/>
<edge source="54" target="56"/>
<edge source="55" target="59"/>
<edge source="56" target="57"/>
<edge source="57" target="58"/>
<edge source="59" target="60"/>
<edge source="60" target="61"/>
<edge source="61" target="62"/>
<edge source="63" target="64"/>
<edge source="64" target="65"/>
<edge source="64" target="66"/>
<edge source="65" target="67"/>
<edge source="66" target="70"/>
<edge source="67" target="68"/>
<edge source="68" target="69"/>
<edge source="70" target="71"/>
<edge source="71" target="72"/>
<edge source="72" target="73"/>
<edge source="14" target="16"/>
<edge source="15" target="29"/>
<edge source="15" target="30"/>
<edge source="16" target="17"/>
<edge source="16" target="18"/>
<edge source="17" target="19"/>
<edge source="17" target="20"/>
<edge source="18" target="25"/>
<edge source="18" target="26"/>
<edge source="19" target="21"/>
<edge source="19" target="22"/>
<edge source="21" target="23"/>
<edge source="23" target="24"/>
<edge source="25" target="27"/>
<edge source="27" target="28"/>
<edge source="29" target="31"/>
<edge source="29" target="32"/>
<edge source="30" target="44"/>
<edge source="30" target="45"/>
<edge source="31" target="40"/>
<edge source="31" target="41"/>
<edge source="32" target="33"/>
<edge source="40" target="42"/>
<edge source="42" target="43"/>
<edge source="33" target="34"/>
<edge source="34" target="35"/>
<edge source="35" target="36"/>
<edge source="35" target="37"/>
<edge source="36" target="38"/>
<edge source="38" target="39"/>
<edge source="44" target="46"/>
<edge source="46" target="47"/>
</tree>
