<tree id="10" edgedefault="directed">
<node Id="0" Action="null" Cost="0.0" Estado_Agente="&gt;&gt; ESTADO DEL AGENTE &lt;&lt;
Arqueologo en aldea: 1 (ASE)
Botin: Monedas(740) | Rubi(850) | Anillo(760) | Diamante(580) | Colgante(1370)
Valor ($$) total:	$ 212050
Peso (kg) en acoplado:	193.2 Kg.
Km Recorridos:	1450
"/>
<node Id="1" Action="Ir Ase" Cost="-1.0" Estado_Agente="&gt;&gt; ESTADO DEL AGENTE &lt;&lt;
Arqueologo en aldea: 1 (ASE)
Botin: Monedas(740) | Rubi(850) | Anillo(760) | Diamante(580) | Colgante(1370)
Valor ($$) total:	$ 212050
Peso (kg) en acoplado:	193.2 Kg.
Km Recorridos:	1450
"/>
<node Id="2" Action="Tomar Tesoro" Cost="-2.0" Estado_Agente="&gt;&gt; ESTADO DEL AGENTE &lt;&lt;
Arqueologo en aldea: 1 (ASE)
Botin: Monedas(760) | Rubi(900) | Anillo(830) | Diamante(680) | Colgante(1430)
Valor ($$) total:	$ 228550
Peso (kg) en acoplado:	207.54999999999998 Kg.
Km Recorridos:	1450
"/>
<node Id="3" Action="Ir Cenede" Cost="-2.0" Estado_Agente="&gt;&gt; ESTADO DEL AGENTE &lt;&lt;
Arqueologo en aldea: 5 (CENEDE)
Botin: Monedas(740) | Rubi(850) | Anillo(760) | Diamante(580) | Colgante(1370)
Valor ($$) total:	$ 212050
Peso (kg) en acoplado:	193.2 Kg.
Km Recorridos:	1650
"/>
<node Id="4" Action="Ir Cenede" Cost="-3.0" Estado_Agente="&gt;&gt; ESTADO DEL AGENTE &lt;&lt;
Arqueologo en aldea: 5 (CENEDE)
Botin: Monedas(760) | Rubi(900) | Anillo(830) | Diamante(680) | Colgante(1430)
Valor ($$) total:	$ 228550
Peso (kg) en acoplado:	207.54999999999998 Kg.
Km Recorridos:	1650
"/>
<node Id="5" Action="Tomar Tesoro" Cost="-4.0" Estado_Agente="&gt;&gt; ESTADO DEL AGENTE &lt;&lt;
Arqueologo en aldea: 5 (CENEDE)
Botin: Monedas(980) | Rubi(1200) | Anillo(960) | Diamante(1080) | Colgante(1710)
Valor ($$) total:	$ 309650
Peso (kg) en acoplado:	275.0 Kg.
Km Recorridos:	1650
"/>
<node Id="6" Action="Terminar" Cost="-4.0" Estado_Agente="&gt;&gt; ESTADO DEL AGENTE &lt;&lt;
Arqueologo en aldea: 11 (CEDENE ~FIN~)
Botin: Monedas(760) | Rubi(900) | Anillo(830) | Diamante(680) | Colgante(1430)
Valor ($$) total:	$ 228550
Peso (kg) en acoplado:	207.54999999999998 Kg.
Km Recorridos:	1650
"/>
<node Id="7" Action="Ir Ase" Cost="-5.0" Estado_Agente="&gt;&gt; ESTADO DEL AGENTE &lt;&lt;
Arqueologo en aldea: 1 (ASE)
Botin: Monedas(980) | Rubi(1200) | Anillo(960) | Diamante(1080) | Colgante(1710)
Valor ($$) total:	$ 309650
Peso (kg) en acoplado:	275.0 Kg.
Km Recorridos:	1850
"/>
<node Id="8" Action="Terminar" Cost="-5.0" Estado_Agente="&gt;&gt; ESTADO DEL AGENTE &lt;&lt;
Arqueologo en aldea: 11 (CEDENE ~FIN~)
Botin: Monedas(980) | Rubi(1200) | Anillo(960) | Diamante(1080) | Colgante(1710)
Valor ($$) total:	$ 309650
Peso (kg) en acoplado:	275.0 Kg.
Km Recorridos:	1650
"/>
<node Id="9" Action="Ir Mixocu" Cost="-6.0" Estado_Agente="&gt;&gt; ESTADO DEL AGENTE &lt;&lt;
Arqueologo en aldea: 8 (MIXOCU)
Botin: Monedas(980) | Rubi(1200) | Anillo(960) | Diamante(1080) | Colgante(1710)
Valor ($$) total:	$ 309650
Peso (kg) en acoplado:	275.0 Kg.
Km Recorridos:	2050
"/>
<edge source="0" target="1"/>
<edge source="1" target="2"/>
<edge source="1" target="3"/>
<edge source="2" target="4"/>
<edge source="4" target="5"/>
<edge source="4" target="6"/>
<edge source="5" target="7"/>
<edge source="5" target="8"/>
<edge source="7" target="9"/>
</tree>
