<tree id="7" edgedefault="directed">
<node Id="0" Action="null" Cost="0.0" Estado_Agente="&gt;&gt; ESTADO DEL AGENTE &lt;&lt;
Arqueologo en aldea: 10 (VINIZAILE)
Botin: Monedas(390) | Rubi(500) | Anillo(520) | Diamante(430) | Colgante(1020)
Valor ($$) total:	$ 133600
Peso (kg) en acoplado:	122.9 Kg.
Km Recorridos:	950
"/>
<node Id="1" Action="Ir Vinizaile" Cost="-1.0" Estado_Agente="&gt;&gt; ESTADO DEL AGENTE &lt;&lt;
Arqueologo en aldea: 10 (VINIZAILE)
Botin: Monedas(390) | Rubi(500) | Anillo(520) | Diamante(430) | Colgante(1020)
Valor ($$) total:	$ 133600
Peso (kg) en acoplado:	122.9 Kg.
Km Recorridos:	950
"/>
<node Id="2" Action="Ir Icaedur" Cost="-2.0" Estado_Agente="&gt;&gt; ESTADO DEL AGENTE &lt;&lt;
Arqueologo en aldea: 7 (ICAEDUR)
Botin: Monedas(390) | Rubi(500) | Anillo(520) | Diamante(430) | Colgante(1020)
Valor ($$) total:	$ 133600
Peso (kg) en acoplado:	122.9 Kg.
Km Recorridos:	1050
"/>
<node Id="3" Action="Ir Mixocu" Cost="-2.0" Estado_Agente="&gt;&gt; ESTADO DEL AGENTE &lt;&lt;
Arqueologo en aldea: 8 (MIXOCU)
Botin: Monedas(390) | Rubi(500) | Anillo(520) | Diamante(430) | Colgante(1020)
Valor ($$) total:	$ 133600
Peso (kg) en acoplado:	122.9 Kg.
Km Recorridos:	1250
"/>
<node Id="4" Action="Ir Peregaey" Cost="-2.0" Estado_Agente="&gt;&gt; ESTADO DEL AGENTE &lt;&lt;
Arqueologo en aldea: 9 (PEREGAEY)
Botin: Monedas(390) | Rubi(500) | Anillo(520) | Diamante(430) | Colgante(1020)
Valor ($$) total:	$ 133600
Peso (kg) en acoplado:	122.9 Kg.
Km Recorridos:	1400
"/>
<node Id="5" Action="Tomar Tesoro" Cost="-3.0" Estado_Agente="&gt;&gt; ESTADO DEL AGENTE &lt;&lt;
Arqueologo en aldea: 7 (ICAEDUR)
Botin: Monedas(790) | Rubi(700) | Anillo(820) | Diamante(830) | Colgante(1270)
Valor ($$) total:	$ 232350
Peso (kg) en acoplado:	213.4 Kg.
Km Recorridos:	1050
"/>
<node Id="6" Action="Ir Bulovoe" Cost="-3.0" Estado_Agente="&gt;&gt; ESTADO DEL AGENTE &lt;&lt;
Arqueologo en aldea: 3 (BULOVOE)
Botin: Monedas(390) | Rubi(500) | Anillo(520) | Diamante(430) | Colgante(1020)
Valor ($$) total:	$ 133600
Peso (kg) en acoplado:	122.9 Kg.
Km Recorridos:	1400
"/>
<node Id="7" Action="Ir Bulovoe" Cost="-4.0" Estado_Agente="&gt;&gt; ESTADO DEL AGENTE &lt;&lt;
Arqueologo en aldea: 3 (BULOVOE)
Botin: Monedas(790) | Rubi(700) | Anillo(820) | Diamante(830) | Colgante(1270)
Valor ($$) total:	$ 232350
Peso (kg) en acoplado:	213.4 Kg.
Km Recorridos:	1400
"/>
<node Id="8" Action="Tomar Tesoro" Cost="-5.0" Estado_Agente="&gt;&gt; ESTADO DEL AGENTE &lt;&lt;
Arqueologo en aldea: 3 (BULOVOE)
Botin: Monedas(1040) | Rubi(820) | Anillo(840) | Diamante(980) | Colgante(1570)
Valor ($$) total:	$ 281950
Peso (kg) en acoplado:	258.2 Kg.
Km Recorridos:	1400
"/>
<node Id="9" Action="Ir Ergintone" Cost="-5.0" Estado_Agente="&gt;&gt; ESTADO DEL AGENTE &lt;&lt;
Arqueologo en aldea: 6 (ERGINTONE)
Botin: Monedas(790) | Rubi(700) | Anillo(820) | Diamante(830) | Colgante(1270)
Valor ($$) total:	$ 232350
Peso (kg) en acoplado:	213.4 Kg.
Km Recorridos:	1600
"/>
<node Id="10" Action="Ir Ergintone" Cost="-6.0" Estado_Agente="&gt;&gt; ESTADO DEL AGENTE &lt;&lt;
Arqueologo en aldea: 6 (ERGINTONE)
Botin: Monedas(1040) | Rubi(820) | Anillo(840) | Diamante(980) | Colgante(1570)
Valor ($$) total:	$ 281950
Peso (kg) en acoplado:	258.2 Kg.
Km Recorridos:	1600
"/>
<node Id="11" Action="Tomar Tesoro" Cost="-7.0" Estado_Agente="&gt;&gt; ESTADO DEL AGENTE &lt;&lt;
Arqueologo en aldea: 6 (ERGINTONE)
Botin: Monedas(1340) | Rubi(1220) | Anillo(1120) | Diamante(1060) | Colgante(1720)
Valor ($$) total:	$ 349800
Peso (kg) en acoplado:	317.4 Kg.
Km Recorridos:	1600
"/>
<node Id="12" Action="Ir Peregaey" Cost="-7.0" Estado_Agente="&gt;&gt; ESTADO DEL AGENTE &lt;&lt;
Arqueologo en aldea: 9 (PEREGAEY)
Botin: Monedas(1040) | Rubi(820) | Anillo(840) | Diamante(980) | Colgante(1570)
Valor ($$) total:	$ 281950
Peso (kg) en acoplado:	258.2 Kg.
Km Recorridos:	1780
"/>
<node Id="13" Action="Ir Peregaey" Cost="-8.0" Estado_Agente="&gt;&gt; ESTADO DEL AGENTE &lt;&lt;
Arqueologo en aldea: 9 (PEREGAEY)
Botin: Monedas(1340) | Rubi(1220) | Anillo(1120) | Diamante(1060) | Colgante(1720)
Valor ($$) total:	$ 349800
Peso (kg) en acoplado:	317.4 Kg.
Km Recorridos:	1780
"/>
<node Id="14" Action="Tomar Tesoro" Cost="-9.0" Estado_Agente="&gt;&gt; ESTADO DEL AGENTE &lt;&lt;
Arqueologo en aldea: 9 (PEREGAEY)
Botin: Monedas(1440) | Rubi(1620) | Anillo(1620) | Diamante(1510) | Colgante(2220)
Valor ($$) total:	$ 442800
Peso (kg) en acoplado:	399.4 Kg.
Km Recorridos:	1780
"/>
<node Id="15" Action="Ir Ergintone" Cost="-10.0" Estado_Agente="&gt;&gt; ESTADO DEL AGENTE &lt;&lt;
Arqueologo en aldea: 6 (ERGINTONE)
Botin: Monedas(1440) | Rubi(1620) | Anillo(1620) | Diamante(1510) | Colgante(2220)
Valor ($$) total:	$ 442800
Peso (kg) en acoplado:	399.4 Kg.
Km Recorridos:	1960
"/>
<node Id="16" Action="Ir Aragaey" Cost="-11.0" Estado_Agente="&gt;&gt; ESTADO DEL AGENTE &lt;&lt;
Arqueologo en aldea: 0 (ARAGAEY)
Botin: Monedas(1440) | Rubi(1620) | Anillo(1620) | Diamante(1510) | Colgante(2220)
Valor ($$) total:	$ 442800
Peso (kg) en acoplado:	399.4 Kg.
Km Recorridos:	2060
"/>
<node Id="17" Action="Ir Bulovoe" Cost="-11.0" Estado_Agente="&gt;&gt; ESTADO DEL AGENTE &lt;&lt;
Arqueologo en aldea: 3 (BULOVOE)
Botin: Monedas(1440) | Rubi(1620) | Anillo(1620) | Diamante(1510) | Colgante(2220)
Valor ($$) total:	$ 442800
Peso (kg) en acoplado:	399.4 Kg.
Km Recorridos:	2160
"/>
<node Id="18" Action="Ir Bresol" Cost="-12.0" Estado_Agente="&gt;&gt; ESTADO DEL AGENTE &lt;&lt;
Arqueologo en aldea: 2 (BRESOL)
Botin: Monedas(1440) | Rubi(1620) | Anillo(1620) | Diamante(1510) | Colgante(2220)
Valor ($$) total:	$ 442800
Peso (kg) en acoplado:	399.4 Kg.
Km Recorridos:	2210
"/>
<node Id="19" Action="Ir Icaedur" Cost="-12.0" Estado_Agente="&gt;&gt; ESTADO DEL AGENTE &lt;&lt;
Arqueologo en aldea: 7 (ICAEDUR)
Botin: Monedas(1440) | Rubi(1620) | Anillo(1620) | Diamante(1510) | Colgante(2220)
Valor ($$) total:	$ 442800
Peso (kg) en acoplado:	399.4 Kg.
Km Recorridos:	2510
"/>
<node Id="20" Action="Tomar Tesoro" Cost="-8.0" Estado_Agente="&gt;&gt; ESTADO DEL AGENTE &lt;&lt;
Arqueologo en aldea: 9 (PEREGAEY)
Botin: Monedas(1140) | Rubi(1220) | Anillo(1340) | Diamante(1430) | Colgante(2070)
Valor ($$) total:	$ 374950
Peso (kg) en acoplado:	340.2 Kg.
Km Recorridos:	1780
"/>
<node Id="21" Action="Ir Ergintone" Cost="-9.0" Estado_Agente="&gt;&gt; ESTADO DEL AGENTE &lt;&lt;
Arqueologo en aldea: 6 (ERGINTONE)
Botin: Monedas(1140) | Rubi(1220) | Anillo(1340) | Diamante(1430) | Colgante(2070)
Valor ($$) total:	$ 374950
Peso (kg) en acoplado:	340.2 Kg.
Km Recorridos:	1960
"/>
<node Id="22" Action="Tomar Tesoro" Cost="-10.0" Estado_Agente="&gt;&gt; ESTADO DEL AGENTE &lt;&lt;
Arqueologo en aldea: 6 (ERGINTONE)
Botin: Monedas(1440) | Rubi(1620) | Anillo(1620) | Diamante(1510) | Colgante(2220)
Valor ($$) total:	$ 442800
Peso (kg) en acoplado:	399.4 Kg.
Km Recorridos:	1960
"/>
<node Id="23" Action="Ir Aragaey" Cost="-10.0" Estado_Agente="&gt;&gt; ESTADO DEL AGENTE &lt;&lt;
Arqueologo en aldea: 0 (ARAGAEY)
Botin: Monedas(1140) | Rubi(1220) | Anillo(1340) | Diamante(1430) | Colgante(2070)
Valor ($$) total:	$ 374950
Peso (kg) en acoplado:	340.2 Kg.
Km Recorridos:	2060
"/>
<node Id="24" Action="Ir Bulovoe" Cost="-10.0" Estado_Agente="&gt;&gt; ESTADO DEL AGENTE &lt;&lt;
Arqueologo en aldea: 3 (BULOVOE)
Botin: Monedas(1140) | Rubi(1220) | Anillo(1340) | Diamante(1430) | Colgante(2070)
Valor ($$) total:	$ 374950
Peso (kg) en acoplado:	340.2 Kg.
Km Recorridos:	2160
"/>
<node Id="25" Action="Ir Aragaey" Cost="-11.0" Estado_Agente="&gt;&gt; ESTADO DEL AGENTE &lt;&lt;
Arqueologo en aldea: 0 (ARAGAEY)
Botin: Monedas(1440) | Rubi(1620) | Anillo(1620) | Diamante(1510) | Colgante(2220)
Valor ($$) total:	$ 442800
Peso (kg) en acoplado:	399.4 Kg.
Km Recorridos:	2060
"/>
<node Id="26" Action="Ir Bulovoe" Cost="-11.0" Estado_Agente="&gt;&gt; ESTADO DEL AGENTE &lt;&lt;
Arqueologo en aldea: 3 (BULOVOE)
Botin: Monedas(1440) | Rubi(1620) | Anillo(1620) | Diamante(1510) | Colgante(2220)
Valor ($$) total:	$ 442800
Peso (kg) en acoplado:	399.4 Kg.
Km Recorridos:	2160
"/>
<node Id="27" Action="Ir Peregaey" Cost="-11.0" Estado_Agente="&gt;&gt; ESTADO DEL AGENTE &lt;&lt;
Arqueologo en aldea: 9 (PEREGAEY)
Botin: Monedas(1440) | Rubi(1620) | Anillo(1620) | Diamante(1510) | Colgante(2220)
Valor ($$) total:	$ 442800
Peso (kg) en acoplado:	399.4 Kg.
Km Recorridos:	2140
"/>
<node Id="28" Action="Ir Bresol" Cost="-12.0" Estado_Agente="&gt;&gt; ESTADO DEL AGENTE &lt;&lt;
Arqueologo en aldea: 2 (BRESOL)
Botin: Monedas(1440) | Rubi(1620) | Anillo(1620) | Diamante(1510) | Colgante(2220)
Valor ($$) total:	$ 442800
Peso (kg) en acoplado:	399.4 Kg.
Km Recorridos:	2210
"/>
<node Id="29" Action="Ir Icaedur" Cost="-12.0" Estado_Agente="&gt;&gt; ESTADO DEL AGENTE &lt;&lt;
Arqueologo en aldea: 7 (ICAEDUR)
Botin: Monedas(1440) | Rubi(1620) | Anillo(1620) | Diamante(1510) | Colgante(2220)
Valor ($$) total:	$ 442800
Peso (kg) en acoplado:	399.4 Kg.
Km Recorridos:	2510
"/>
<node Id="30" Action="Ir Bresol" Cost="-11.0" Estado_Agente="&gt;&gt; ESTADO DEL AGENTE &lt;&lt;
Arqueologo en aldea: 2 (BRESOL)
Botin: Monedas(1140) | Rubi(1220) | Anillo(1340) | Diamante(1430) | Colgante(2070)
Valor ($$) total:	$ 374950
Peso (kg) en acoplado:	340.2 Kg.
Km Recorridos:	2210
"/>
<node Id="31" Action="Ir Icaedur" Cost="-11.0" Estado_Agente="&gt;&gt; ESTADO DEL AGENTE &lt;&lt;
Arqueologo en aldea: 7 (ICAEDUR)
Botin: Monedas(1140) | Rubi(1220) | Anillo(1340) | Diamante(1430) | Colgante(2070)
Valor ($$) total:	$ 374950
Peso (kg) en acoplado:	340.2 Kg.
Km Recorridos:	2510
"/>
<node Id="32" Action="Tomar Tesoro" Cost="-6.0" Estado_Agente="&gt;&gt; ESTADO DEL AGENTE &lt;&lt;
Arqueologo en aldea: 6 (ERGINTONE)
Botin: Monedas(1090) | Rubi(1100) | Anillo(1100) | Diamante(910) | Colgante(1420)
Valor ($$) total:	$ 300200
Peso (kg) en acoplado:	272.59999999999997 Kg.
Km Recorridos:	1600
"/>
<node Id="33" Action="Ir Peregaey" Cost="-6.0" Estado_Agente="&gt;&gt; ESTADO DEL AGENTE &lt;&lt;
Arqueologo en aldea: 9 (PEREGAEY)
Botin: Monedas(790) | Rubi(700) | Anillo(820) | Diamante(830) | Colgante(1270)
Valor ($$) total:	$ 232350
Peso (kg) en acoplado:	213.4 Kg.
Km Recorridos:	1780
"/>
<node Id="34" Action="Ir Peregaey" Cost="-7.0" Estado_Agente="&gt;&gt; ESTADO DEL AGENTE &lt;&lt;
Arqueologo en aldea: 9 (PEREGAEY)
Botin: Monedas(1090) | Rubi(1100) | Anillo(1100) | Diamante(910) | Colgante(1420)
Valor ($$) total:	$ 300200
Peso (kg) en acoplado:	272.59999999999997 Kg.
Km Recorridos:	1780
"/>
<node Id="35" Action="Tomar Tesoro" Cost="-8.0" Estado_Agente="&gt;&gt; ESTADO DEL AGENTE &lt;&lt;
Arqueologo en aldea: 9 (PEREGAEY)
Botin: Monedas(1190) | Rubi(1500) | Anillo(1600) | Diamante(1360) | Colgante(1920)
Valor ($$) total:	$ 393200
Peso (kg) en acoplado:	354.59999999999997 Kg.
Km Recorridos:	1780
"/>
<node Id="36" Action="Ir Ergintone" Cost="-9.0" Estado_Agente="&gt;&gt; ESTADO DEL AGENTE &lt;&lt;
Arqueologo en aldea: 6 (ERGINTONE)
Botin: Monedas(1190) | Rubi(1500) | Anillo(1600) | Diamante(1360) | Colgante(1920)
Valor ($$) total:	$ 393200
Peso (kg) en acoplado:	354.59999999999997 Kg.
Km Recorridos:	1960
"/>
<node Id="37" Action="Ir Aragaey" Cost="-10.0" Estado_Agente="&gt;&gt; ESTADO DEL AGENTE &lt;&lt;
Arqueologo en aldea: 0 (ARAGAEY)
Botin: Monedas(1190) | Rubi(1500) | Anillo(1600) | Diamante(1360) | Colgante(1920)
Valor ($$) total:	$ 393200
Peso (kg) en acoplado:	354.59999999999997 Kg.
Km Recorridos:	2060
"/>
<node Id="38" Action="Ir Bulovoe" Cost="-10.0" Estado_Agente="&gt;&gt; ESTADO DEL AGENTE &lt;&lt;
Arqueologo en aldea: 3 (BULOVOE)
Botin: Monedas(1190) | Rubi(1500) | Anillo(1600) | Diamante(1360) | Colgante(1920)
Valor ($$) total:	$ 393200
Peso (kg) en acoplado:	354.59999999999997 Kg.
Km Recorridos:	2160
"/>
<node Id="39" Action="Ir Bresol" Cost="-11.0" Estado_Agente="&gt;&gt; ESTADO DEL AGENTE &lt;&lt;
Arqueologo en aldea: 2 (BRESOL)
Botin: Monedas(1190) | Rubi(1500) | Anillo(1600) | Diamante(1360) | Colgante(1920)
Valor ($$) total:	$ 393200
Peso (kg) en acoplado:	354.59999999999997 Kg.
Km Recorridos:	2210
"/>
<node Id="40" Action="Tomar Tesoro" Cost="-11.0" Estado_Agente="&gt;&gt; ESTADO DEL AGENTE &lt;&lt;
Arqueologo en aldea: 3 (BULOVOE)
Botin: Monedas(1440) | Rubi(1620) | Anillo(1620) | Diamante(1510) | Colgante(2220)
Valor ($$) total:	$ 442800
Peso (kg) en acoplado:	399.4 Kg.
Km Recorridos:	2160
"/>
<node Id="41" Action="Ir Icaedur" Cost="-11.0" Estado_Agente="&gt;&gt; ESTADO DEL AGENTE &lt;&lt;
Arqueologo en aldea: 7 (ICAEDUR)
Botin: Monedas(1190) | Rubi(1500) | Anillo(1600) | Diamante(1360) | Colgante(1920)
Valor ($$) total:	$ 393200
Peso (kg) en acoplado:	354.59999999999997 Kg.
Km Recorridos:	2510
"/>
<node Id="42" Action="Ir Icaedur" Cost="-12.0" Estado_Agente="&gt;&gt; ESTADO DEL AGENTE &lt;&lt;
Arqueologo en aldea: 7 (ICAEDUR)
Botin: Monedas(1440) | Rubi(1620) | Anillo(1620) | Diamante(1510) | Colgante(2220)
Valor ($$) total:	$ 442800
Peso (kg) en acoplado:	399.4 Kg.
Km Recorridos:	2510
"/>
<node Id="43" Action="Tomar Tesoro" Cost="-7.0" Estado_Agente="&gt;&gt; ESTADO DEL AGENTE &lt;&lt;
Arqueologo en aldea: 9 (PEREGAEY)
Botin: Monedas(890) | Rubi(1100) | Anillo(1320) | Diamante(1280) | Colgante(1770)
Valor ($$) total:	$ 325350
Peso (kg) en acoplado:	295.4 Kg.
Km Recorridos:	1780
"/>
<node Id="44" Action="Ir Ergintone" Cost="-8.0" Estado_Agente="&gt;&gt; ESTADO DEL AGENTE &lt;&lt;
Arqueologo en aldea: 6 (ERGINTONE)
Botin: Monedas(890) | Rubi(1100) | Anillo(1320) | Diamante(1280) | Colgante(1770)
Valor ($$) total:	$ 325350
Peso (kg) en acoplado:	295.4 Kg.
Km Recorridos:	1960
"/>
<node Id="45" Action="Tomar Tesoro" Cost="-9.0" Estado_Agente="&gt;&gt; ESTADO DEL AGENTE &lt;&lt;
Arqueologo en aldea: 6 (ERGINTONE)
Botin: Monedas(1190) | Rubi(1500) | Anillo(1600) | Diamante(1360) | Colgante(1920)
Valor ($$) total:	$ 393200
Peso (kg) en acoplado:	354.59999999999997 Kg.
Km Recorridos:	1960
"/>
<node Id="46" Action="Ir Aragaey" Cost="-9.0" Estado_Agente="&gt;&gt; ESTADO DEL AGENTE &lt;&lt;
Arqueologo en aldea: 0 (ARAGAEY)
Botin: Monedas(890) | Rubi(1100) | Anillo(1320) | Diamante(1280) | Colgante(1770)
Valor ($$) total:	$ 325350
Peso (kg) en acoplado:	295.4 Kg.
Km Recorridos:	2060
"/>
<node Id="47" Action="Ir Bulovoe" Cost="-9.0" Estado_Agente="&gt;&gt; ESTADO DEL AGENTE &lt;&lt;
Arqueologo en aldea: 3 (BULOVOE)
Botin: Monedas(890) | Rubi(1100) | Anillo(1320) | Diamante(1280) | Colgante(1770)
Valor ($$) total:	$ 325350
Peso (kg) en acoplado:	295.4 Kg.
Km Recorridos:	2160
"/>
<node Id="48" Action="Ir Aragaey" Cost="-10.0" Estado_Agente="&gt;&gt; ESTADO DEL AGENTE &lt;&lt;
Arqueologo en aldea: 0 (ARAGAEY)
Botin: Monedas(1190) | Rubi(1500) | Anillo(1600) | Diamante(1360) | Colgante(1920)
Valor ($$) total:	$ 393200
Peso (kg) en acoplado:	354.59999999999997 Kg.
Km Recorridos:	2060
"/>
<node Id="49" Action="Ir Bulovoe" Cost="-10.0" Estado_Agente="&gt;&gt; ESTADO DEL AGENTE &lt;&lt;
Arqueologo en aldea: 3 (BULOVOE)
Botin: Monedas(1190) | Rubi(1500) | Anillo(1600) | Diamante(1360) | Colgante(1920)
Valor ($$) total:	$ 393200
Peso (kg) en acoplado:	354.59999999999997 Kg.
Km Recorridos:	2160
"/>
<node Id="50" Action="Ir Peregaey" Cost="-10.0" Estado_Agente="&gt;&gt; ESTADO DEL AGENTE &lt;&lt;
Arqueologo en aldea: 9 (PEREGAEY)
Botin: Monedas(1190) | Rubi(1500) | Anillo(1600) | Diamante(1360) | Colgante(1920)
Valor ($$) total:	$ 393200
Peso (kg) en acoplado:	354.59999999999997 Kg.
Km Recorridos:	2140
"/>
<node Id="51" Action="Ir Bresol" Cost="-11.0" Estado_Agente="&gt;&gt; ESTADO DEL AGENTE &lt;&lt;
Arqueologo en aldea: 2 (BRESOL)
Botin: Monedas(1190) | Rubi(1500) | Anillo(1600) | Diamante(1360) | Colgante(1920)
Valor ($$) total:	$ 393200
Peso (kg) en acoplado:	354.59999999999997 Kg.
Km Recorridos:	2210
"/>
<node Id="52" Action="Tomar Tesoro" Cost="-11.0" Estado_Agente="&gt;&gt; ESTADO DEL AGENTE &lt;&lt;
Arqueologo en aldea: 3 (BULOVOE)
Botin: Monedas(1440) | Rubi(1620) | Anillo(1620) | Diamante(1510) | Colgante(2220)
Valor ($$) total:	$ 442800
Peso (kg) en acoplado:	399.4 Kg.
Km Recorridos:	2160
"/>
<node Id="53" Action="Ir Icaedur" Cost="-11.0" Estado_Agente="&gt;&gt; ESTADO DEL AGENTE &lt;&lt;
Arqueologo en aldea: 7 (ICAEDUR)
Botin: Monedas(1190) | Rubi(1500) | Anillo(1600) | Diamante(1360) | Colgante(1920)
Valor ($$) total:	$ 393200
Peso (kg) en acoplado:	354.59999999999997 Kg.
Km Recorridos:	2510
"/>
<node Id="54" Action="Ir Icaedur" Cost="-12.0" Estado_Agente="&gt;&gt; ESTADO DEL AGENTE &lt;&lt;
Arqueologo en aldea: 7 (ICAEDUR)
Botin: Monedas(1440) | Rubi(1620) | Anillo(1620) | Diamante(1510) | Colgante(2220)
Valor ($$) total:	$ 442800
Peso (kg) en acoplado:	399.4 Kg.
Km Recorridos:	2510
"/>
<node Id="55" Action="Ir Bresol" Cost="-10.0" Estado_Agente="&gt;&gt; ESTADO DEL AGENTE &lt;&lt;
Arqueologo en aldea: 2 (BRESOL)
Botin: Monedas(890) | Rubi(1100) | Anillo(1320) | Diamante(1280) | Colgante(1770)
Valor ($$) total:	$ 325350
Peso (kg) en acoplado:	295.4 Kg.
Km Recorridos:	2210
"/>
<node Id="56" Action="Tomar Tesoro" Cost="-10.0" Estado_Agente="&gt;&gt; ESTADO DEL AGENTE &lt;&lt;
Arqueologo en aldea: 3 (BULOVOE)
Botin: Monedas(1140) | Rubi(1220) | Anillo(1340) | Diamante(1430) | Colgante(2070)
Valor ($$) total:	$ 374950
Peso (kg) en acoplado:	340.2 Kg.
Km Recorridos:	2160
"/>
<node Id="57" Action="Ir Icaedur" Cost="-10.0" Estado_Agente="&gt;&gt; ESTADO DEL AGENTE &lt;&lt;
Arqueologo en aldea: 7 (ICAEDUR)
Botin: Monedas(890) | Rubi(1100) | Anillo(1320) | Diamante(1280) | Colgante(1770)
Valor ($$) total:	$ 325350
Peso (kg) en acoplado:	295.4 Kg.
Km Recorridos:	2510
"/>
<node Id="58" Action="Ir Icaedur" Cost="-11.0" Estado_Agente="&gt;&gt; ESTADO DEL AGENTE &lt;&lt;
Arqueologo en aldea: 7 (ICAEDUR)
Botin: Monedas(1140) | Rubi(1220) | Anillo(1340) | Diamante(1430) | Colgante(2070)
Valor ($$) total:	$ 374950
Peso (kg) en acoplado:	340.2 Kg.
Km Recorridos:	2510
"/>
<node Id="59" Action="Tomar Tesoro" Cost="-4.0" Estado_Agente="&gt;&gt; ESTADO DEL AGENTE &lt;&lt;
Arqueologo en aldea: 3 (BULOVOE)
Botin: Monedas(640) | Rubi(620) | Anillo(540) | Diamante(580) | Colgante(1320)
Valor ($$) total:	$ 183200
Peso (kg) en acoplado:	167.70000000000002 Kg.
Km Recorridos:	1400
"/>
<node Id="60" Action="Ir Ergintone" Cost="-4.0" Estado_Agente="&gt;&gt; ESTADO DEL AGENTE &lt;&lt;
Arqueologo en aldea: 6 (ERGINTONE)
Botin: Monedas(390) | Rubi(500) | Anillo(520) | Diamante(430) | Colgante(1020)
Valor ($$) total:	$ 133600
Peso (kg) en acoplado:	122.9 Kg.
Km Recorridos:	1600
"/>
<node Id="61" Action="Ir Ergintone" Cost="-5.0" Estado_Agente="&gt;&gt; ESTADO DEL AGENTE &lt;&lt;
Arqueologo en aldea: 6 (ERGINTONE)
Botin: Monedas(640) | Rubi(620) | Anillo(540) | Diamante(580) | Colgante(1320)
Valor ($$) total:	$ 183200
Peso (kg) en acoplado:	167.70000000000002 Kg.
Km Recorridos:	1600
"/>
<node Id="62" Action="Tomar Tesoro" Cost="-6.0" Estado_Agente="&gt;&gt; ESTADO DEL AGENTE &lt;&lt;
Arqueologo en aldea: 6 (ERGINTONE)
Botin: Monedas(940) | Rubi(1020) | Anillo(820) | Diamante(660) | Colgante(1470)
Valor ($$) total:	$ 251050
Peso (kg) en acoplado:	226.9 Kg.
Km Recorridos:	1600
"/>
<node Id="63" Action="Ir Peregaey" Cost="-6.0" Estado_Agente="&gt;&gt; ESTADO DEL AGENTE &lt;&lt;
Arqueologo en aldea: 9 (PEREGAEY)
Botin: Monedas(640) | Rubi(620) | Anillo(540) | Diamante(580) | Colgante(1320)
Valor ($$) total:	$ 183200
Peso (kg) en acoplado:	167.70000000000002 Kg.
Km Recorridos:	1780
"/>
<node Id="64" Action="Ir Peregaey" Cost="-7.0" Estado_Agente="&gt;&gt; ESTADO DEL AGENTE &lt;&lt;
Arqueologo en aldea: 9 (PEREGAEY)
Botin: Monedas(940) | Rubi(1020) | Anillo(820) | Diamante(660) | Colgante(1470)
Valor ($$) total:	$ 251050
Peso (kg) en acoplado:	226.9 Kg.
Km Recorridos:	1780
"/>
<node Id="65" Action="Tomar Tesoro" Cost="-8.0" Estado_Agente="&gt;&gt; ESTADO DEL AGENTE &lt;&lt;
Arqueologo en aldea: 9 (PEREGAEY)
Botin: Monedas(1040) | Rubi(1420) | Anillo(1320) | Diamante(1110) | Colgante(1970)
Valor ($$) total:	$ 344050
Peso (kg) en acoplado:	308.9 Kg.
Km Recorridos:	1780
"/>
<node Id="66" Action="Ir Ergintone" Cost="-9.0" Estado_Agente="&gt;&gt; ESTADO DEL AGENTE &lt;&lt;
Arqueologo en aldea: 6 (ERGINTONE)
Botin: Monedas(1040) | Rubi(1420) | Anillo(1320) | Diamante(1110) | Colgante(1970)
Valor ($$) total:	$ 344050
Peso (kg) en acoplado:	308.9 Kg.
Km Recorridos:	1960
"/>
<node Id="67" Action="Ir Aragaey" Cost="-10.0" Estado_Agente="&gt;&gt; ESTADO DEL AGENTE &lt;&lt;
Arqueologo en aldea: 0 (ARAGAEY)
Botin: Monedas(1040) | Rubi(1420) | Anillo(1320) | Diamante(1110) | Colgante(1970)
Valor ($$) total:	$ 344050
Peso (kg) en acoplado:	308.9 Kg.
Km Recorridos:	2060
"/>
<node Id="68" Action="Ir Bulovoe" Cost="-10.0" Estado_Agente="&gt;&gt; ESTADO DEL AGENTE &lt;&lt;
Arqueologo en aldea: 3 (BULOVOE)
Botin: Monedas(1040) | Rubi(1420) | Anillo(1320) | Diamante(1110) | Colgante(1970)
Valor ($$) total:	$ 344050
Peso (kg) en acoplado:	308.9 Kg.
Km Recorridos:	2160
"/>
<node Id="69" Action="Ir Bresol" Cost="-11.0" Estado_Agente="&gt;&gt; ESTADO DEL AGENTE &lt;&lt;
Arqueologo en aldea: 2 (BRESOL)
Botin: Monedas(1040) | Rubi(1420) | Anillo(1320) | Diamante(1110) | Colgante(1970)
Valor ($$) total:	$ 344050
Peso (kg) en acoplado:	308.9 Kg.
Km Recorridos:	2210
"/>
<node Id="70" Action="Ir Icaedur" Cost="-11.0" Estado_Agente="&gt;&gt; ESTADO DEL AGENTE &lt;&lt;
Arqueologo en aldea: 7 (ICAEDUR)
Botin: Monedas(1040) | Rubi(1420) | Anillo(1320) | Diamante(1110) | Colgante(1970)
Valor ($$) total:	$ 344050
Peso (kg) en acoplado:	308.9 Kg.
Km Recorridos:	2510
"/>
<node Id="71" Action="Tomar Tesoro" Cost="-12.0" Estado_Agente="&gt;&gt; ESTADO DEL AGENTE &lt;&lt;
Arqueologo en aldea: 7 (ICAEDUR)
Botin: Monedas(1440) | Rubi(1620) | Anillo(1620) | Diamante(1510) | Colgante(2220)
Valor ($$) total:	$ 442800
Peso (kg) en acoplado:	399.4 Kg.
Km Recorridos:	2510
"/>
<node Id="72" Action="Tomar Tesoro" Cost="-7.0" Estado_Agente="&gt;&gt; ESTADO DEL AGENTE &lt;&lt;
Arqueologo en aldea: 9 (PEREGAEY)
Botin: Monedas(740) | Rubi(1020) | Anillo(1040) | Diamante(1030) | Colgante(1820)
Valor ($$) total:	$ 276200
Peso (kg) en acoplado:	249.70000000000002 Kg.
Km Recorridos:	1780
"/>
<node Id="73" Action="Ir Ergintone" Cost="-8.0" Estado_Agente="&gt;&gt; ESTADO DEL AGENTE &lt;&lt;
Arqueologo en aldea: 6 (ERGINTONE)
Botin: Monedas(740) | Rubi(1020) | Anillo(1040) | Diamante(1030) | Colgante(1820)
Valor ($$) total:	$ 276200
Peso (kg) en acoplado:	249.70000000000002 Kg.
Km Recorridos:	1960
"/>
<node Id="74" Action="Tomar Tesoro" Cost="-9.0" Estado_Agente="&gt;&gt; ESTADO DEL AGENTE &lt;&lt;
Arqueologo en aldea: 6 (ERGINTONE)
Botin: Monedas(1040) | Rubi(1420) | Anillo(1320) | Diamante(1110) | Colgante(1970)
Valor ($$) total:	$ 344050
Peso (kg) en acoplado:	308.9 Kg.
Km Recorridos:	1960
"/>
<node Id="75" Action="Ir Aragaey" Cost="-9.0" Estado_Agente="&gt;&gt; ESTADO DEL AGENTE &lt;&lt;
Arqueologo en aldea: 0 (ARAGAEY)
Botin: Monedas(740) | Rubi(1020) | Anillo(1040) | Diamante(1030) | Colgante(1820)
Valor ($$) total:	$ 276200
Peso (kg) en acoplado:	249.70000000000002 Kg.
Km Recorridos:	2060
"/>
<node Id="76" Action="Ir Bulovoe" Cost="-9.0" Estado_Agente="&gt;&gt; ESTADO DEL AGENTE &lt;&lt;
Arqueologo en aldea: 3 (BULOVOE)
Botin: Monedas(740) | Rubi(1020) | Anillo(1040) | Diamante(1030) | Colgante(1820)
Valor ($$) total:	$ 276200
Peso (kg) en acoplado:	249.70000000000002 Kg.
Km Recorridos:	2160
"/>
<node Id="77" Action="Ir Aragaey" Cost="-10.0" Estado_Agente="&gt;&gt; ESTADO DEL AGENTE &lt;&lt;
Arqueologo en aldea: 0 (ARAGAEY)
Botin: Monedas(1040) | Rubi(1420) | Anillo(1320) | Diamante(1110) | Colgante(1970)
Valor ($$) total:	$ 344050
Peso (kg) en acoplado:	308.9 Kg.
Km Recorridos:	2060
"/>
<node Id="78" Action="Ir Bulovoe" Cost="-10.0" Estado_Agente="&gt;&gt; ESTADO DEL AGENTE &lt;&lt;
Arqueologo en aldea: 3 (BULOVOE)
Botin: Monedas(1040) | Rubi(1420) | Anillo(1320) | Diamante(1110) | Colgante(1970)
Valor ($$) total:	$ 344050
Peso (kg) en acoplado:	308.9 Kg.
Km Recorridos:	2160
"/>
<node Id="79" Action="Ir Peregaey" Cost="-10.0" Estado_Agente="&gt;&gt; ESTADO DEL AGENTE &lt;&lt;
Arqueologo en aldea: 9 (PEREGAEY)
Botin: Monedas(1040) | Rubi(1420) | Anillo(1320) | Diamante(1110) | Colgante(1970)
Valor ($$) total:	$ 344050
Peso (kg) en acoplado:	308.9 Kg.
Km Recorridos:	2140
"/>
<node Id="80" Action="Ir Bresol" Cost="-11.0" Estado_Agente="&gt;&gt; ESTADO DEL AGENTE &lt;&lt;
Arqueologo en aldea: 2 (BRESOL)
Botin: Monedas(1040) | Rubi(1420) | Anillo(1320) | Diamante(1110) | Colgante(1970)
Valor ($$) total:	$ 344050
Peso (kg) en acoplado:	308.9 Kg.
Km Recorridos:	2210
"/>
<node Id="81" Action="Ir Icaedur" Cost="-11.0" Estado_Agente="&gt;&gt; ESTADO DEL AGENTE &lt;&lt;
Arqueologo en aldea: 7 (ICAEDUR)
Botin: Monedas(1040) | Rubi(1420) | Anillo(1320) | Diamante(1110) | Colgante(1970)
Valor ($$) total:	$ 344050
Peso (kg) en acoplado:	308.9 Kg.
Km Recorridos:	2510
"/>
<node Id="82" Action="Tomar Tesoro" Cost="-12.0" Estado_Agente="&gt;&gt; ESTADO DEL AGENTE &lt;&lt;
Arqueologo en aldea: 7 (ICAEDUR)
Botin: Monedas(1440) | Rubi(1620) | Anillo(1620) | Diamante(1510) | Colgante(2220)
Valor ($$) total:	$ 442800
Peso (kg) en acoplado:	399.4 Kg.
Km Recorridos:	2510
"/>
<node Id="83" Action="Ir Bresol" Cost="-10.0" Estado_Agente="&gt;&gt; ESTADO DEL AGENTE &lt;&lt;
Arqueologo en aldea: 2 (BRESOL)
Botin: Monedas(740) | Rubi(1020) | Anillo(1040) | Diamante(1030) | Colgante(1820)
Valor ($$) total:	$ 276200
Peso (kg) en acoplado:	249.70000000000002 Kg.
Km Recorridos:	2210
"/>
<node Id="84" Action="Ir Icaedur" Cost="-10.0" Estado_Agente="&gt;&gt; ESTADO DEL AGENTE &lt;&lt;
Arqueologo en aldea: 7 (ICAEDUR)
Botin: Monedas(740) | Rubi(1020) | Anillo(1040) | Diamante(1030) | Colgante(1820)
Valor ($$) total:	$ 276200
Peso (kg) en acoplado:	249.70000000000002 Kg.
Km Recorridos:	2510
"/>
<node Id="85" Action="Tomar Tesoro" Cost="-11.0" Estado_Agente="&gt;&gt; ESTADO DEL AGENTE &lt;&lt;
Arqueologo en aldea: 7 (ICAEDUR)
Botin: Monedas(1140) | Rubi(1220) | Anillo(1340) | Diamante(1430) | Colgante(2070)
Valor ($$) total:	$ 374950
Peso (kg) en acoplado:	340.2 Kg.
Km Recorridos:	2510
"/>
<node Id="86" Action="Tomar Tesoro" Cost="-5.0" Estado_Agente="&gt;&gt; ESTADO DEL AGENTE &lt;&lt;
Arqueologo en aldea: 6 (ERGINTONE)
Botin: Monedas(690) | Rubi(900) | Anillo(800) | Diamante(510) | Colgante(1170)
Valor ($$) total:	$ 201450
Peso (kg) en acoplado:	182.1 Kg.
Km Recorridos:	1600
"/>
<node Id="87" Action="Ir Peregaey" Cost="-5.0" Estado_Agente="&gt;&gt; ESTADO DEL AGENTE &lt;&lt;
Arqueologo en aldea: 9 (PEREGAEY)
Botin: Monedas(390) | Rubi(500) | Anillo(520) | Diamante(430) | Colgante(1020)
Valor ($$) total:	$ 133600
Peso (kg) en acoplado:	122.9 Kg.
Km Recorridos:	1780
"/>
<node Id="88" Action="Ir Peregaey" Cost="-6.0" Estado_Agente="&gt;&gt; ESTADO DEL AGENTE &lt;&lt;
Arqueologo en aldea: 9 (PEREGAEY)
Botin: Monedas(690) | Rubi(900) | Anillo(800) | Diamante(510) | Colgante(1170)
Valor ($$) total:	$ 201450
Peso (kg) en acoplado:	182.1 Kg.
Km Recorridos:	1780
"/>
<node Id="89" Action="Tomar Tesoro" Cost="-7.0" Estado_Agente="&gt;&gt; ESTADO DEL AGENTE &lt;&lt;
Arqueologo en aldea: 9 (PEREGAEY)
Botin: Monedas(790) | Rubi(1300) | Anillo(1300) | Diamante(960) | Colgante(1670)
Valor ($$) total:	$ 294450
Peso (kg) en acoplado:	264.09999999999997 Kg.
Km Recorridos:	1780
"/>
<node Id="90" Action="Ir Ergintone" Cost="-8.0" Estado_Agente="&gt;&gt; ESTADO DEL AGENTE &lt;&lt;
Arqueologo en aldea: 6 (ERGINTONE)
Botin: Monedas(790) | Rubi(1300) | Anillo(1300) | Diamante(960) | Colgante(1670)
Valor ($$) total:	$ 294450
Peso (kg) en acoplado:	264.09999999999997 Kg.
Km Recorridos:	1960
"/>
<node Id="91" Action="Ir Aragaey" Cost="-9.0" Estado_Agente="&gt;&gt; ESTADO DEL AGENTE &lt;&lt;
Arqueologo en aldea: 0 (ARAGAEY)
Botin: Monedas(790) | Rubi(1300) | Anillo(1300) | Diamante(960) | Colgante(1670)
Valor ($$) total:	$ 294450
Peso (kg) en acoplado:	264.09999999999997 Kg.
Km Recorridos:	2060
"/>
<node Id="92" Action="Ir Bulovoe" Cost="-9.0" Estado_Agente="&gt;&gt; ESTADO DEL AGENTE &lt;&lt;
Arqueologo en aldea: 3 (BULOVOE)
Botin: Monedas(790) | Rubi(1300) | Anillo(1300) | Diamante(960) | Colgante(1670)
Valor ($$) total:	$ 294450
Peso (kg) en acoplado:	264.09999999999997 Kg.
Km Recorridos:	2160
"/>
<node Id="93" Action="Ir Bresol" Cost="-10.0" Estado_Agente="&gt;&gt; ESTADO DEL AGENTE &lt;&lt;
Arqueologo en aldea: 2 (BRESOL)
Botin: Monedas(790) | Rubi(1300) | Anillo(1300) | Diamante(960) | Colgante(1670)
Valor ($$) total:	$ 294450
Peso (kg) en acoplado:	264.09999999999997 Kg.
Km Recorridos:	2210
"/>
<node Id="94" Action="Tomar Tesoro" Cost="-10.0" Estado_Agente="&gt;&gt; ESTADO DEL AGENTE &lt;&lt;
Arqueologo en aldea: 3 (BULOVOE)
Botin: Monedas(1040) | Rubi(1420) | Anillo(1320) | Diamante(1110) | Colgante(1970)
Valor ($$) total:	$ 344050
Peso (kg) en acoplado:	308.9 Kg.
Km Recorridos:	2160
"/>
<node Id="95" Action="Ir Icaedur" Cost="-10.0" Estado_Agente="&gt;&gt; ESTADO DEL AGENTE &lt;&lt;
Arqueologo en aldea: 7 (ICAEDUR)
Botin: Monedas(790) | Rubi(1300) | Anillo(1300) | Diamante(960) | Colgante(1670)
Valor ($$) total:	$ 294450
Peso (kg) en acoplado:	264.09999999999997 Kg.
Km Recorridos:	2510
"/>
<node Id="96" Action="Ir Icaedur" Cost="-11.0" Estado_Agente="&gt;&gt; ESTADO DEL AGENTE &lt;&lt;
Arqueologo en aldea: 7 (ICAEDUR)
Botin: Monedas(1040) | Rubi(1420) | Anillo(1320) | Diamante(1110) | Colgante(1970)
Valor ($$) total:	$ 344050
Peso (kg) en acoplado:	308.9 Kg.
Km Recorridos:	2510
"/>
<node Id="97" Action="Tomar Tesoro" Cost="-12.0" Estado_Agente="&gt;&gt; ESTADO DEL AGENTE &lt;&lt;
Arqueologo en aldea: 7 (ICAEDUR)
Botin: Monedas(1440) | Rubi(1620) | Anillo(1620) | Diamante(1510) | Colgante(2220)
Valor ($$) total:	$ 442800
Peso (kg) en acoplado:	399.4 Kg.
Km Recorridos:	2510
"/>
<node Id="98" Action="Tomar Tesoro" Cost="-11.0" Estado_Agente="&gt;&gt; ESTADO DEL AGENTE &lt;&lt;
Arqueologo en aldea: 7 (ICAEDUR)
Botin: Monedas(1190) | Rubi(1500) | Anillo(1600) | Diamante(1360) | Colgante(1920)
Valor ($$) total:	$ 393200
Peso (kg) en acoplado:	354.59999999999997 Kg.
Km Recorridos:	2510
"/>
<node Id="99" Action="Tomar Tesoro" Cost="-6.0" Estado_Agente="&gt;&gt; ESTADO DEL AGENTE &lt;&lt;
Arqueologo en aldea: 9 (PEREGAEY)
Botin: Monedas(490) | Rubi(900) | Anillo(1020) | Diamante(880) | Colgante(1520)
Valor ($$) total:	$ 226600
Peso (kg) en acoplado:	204.9 Kg.
Km Recorridos:	1780
"/>
<node Id="100" Action="Ir Ergintone" Cost="-7.0" Estado_Agente="&gt;&gt; ESTADO DEL AGENTE &lt;&lt;
Arqueologo en aldea: 6 (ERGINTONE)
Botin: Monedas(490) | Rubi(900) | Anillo(1020) | Diamante(880) | Colgante(1520)
Valor ($$) total:	$ 226600
Peso (kg) en acoplado:	204.9 Kg.
Km Recorridos:	1960
"/>
<node Id="101" Action="Tomar Tesoro" Cost="-8.0" Estado_Agente="&gt;&gt; ESTADO DEL AGENTE &lt;&lt;
Arqueologo en aldea: 6 (ERGINTONE)
Botin: Monedas(790) | Rubi(1300) | Anillo(1300) | Diamante(960) | Colgante(1670)
Valor ($$) total:	$ 294450
Peso (kg) en acoplado:	264.09999999999997 Kg.
Km Recorridos:	1960
"/>
<node Id="102" Action="Ir Aragaey" Cost="-8.0" Estado_Agente="&gt;&gt; ESTADO DEL AGENTE &lt;&lt;
Arqueologo en aldea: 0 (ARAGAEY)
Botin: Monedas(490) | Rubi(900) | Anillo(1020) | Diamante(880) | Colgante(1520)
Valor ($$) total:	$ 226600
Peso (kg) en acoplado:	204.9 Kg.
Km Recorridos:	2060
"/>
<node Id="103" Action="Ir Bulovoe" Cost="-8.0" Estado_Agente="&gt;&gt; ESTADO DEL AGENTE &lt;&lt;
Arqueologo en aldea: 3 (BULOVOE)
Botin: Monedas(490) | Rubi(900) | Anillo(1020) | Diamante(880) | Colgante(1520)
Valor ($$) total:	$ 226600
Peso (kg) en acoplado:	204.9 Kg.
Km Recorridos:	2160
"/>
<node Id="104" Action="Ir Aragaey" Cost="-9.0" Estado_Agente="&gt;&gt; ESTADO DEL AGENTE &lt;&lt;
Arqueologo en aldea: 0 (ARAGAEY)
Botin: Monedas(790) | Rubi(1300) | Anillo(1300) | Diamante(960) | Colgante(1670)
Valor ($$) total:	$ 294450
Peso (kg) en acoplado:	264.09999999999997 Kg.
Km Recorridos:	2060
"/>
<node Id="105" Action="Ir Bulovoe" Cost="-9.0" Estado_Agente="&gt;&gt; ESTADO DEL AGENTE &lt;&lt;
Arqueologo en aldea: 3 (BULOVOE)
Botin: Monedas(790) | Rubi(1300) | Anillo(1300) | Diamante(960) | Colgante(1670)
Valor ($$) total:	$ 294450
Peso (kg) en acoplado:	264.09999999999997 Kg.
Km Recorridos:	2160
"/>
<node Id="106" Action="Ir Peregaey" Cost="-9.0" Estado_Agente="&gt;&gt; ESTADO DEL AGENTE &lt;&lt;
Arqueologo en aldea: 9 (PEREGAEY)
Botin: Monedas(790) | Rubi(1300) | Anillo(1300) | Diamante(960) | Colgante(1670)
Valor ($$) total:	$ 294450
Peso (kg) en acoplado:	264.09999999999997 Kg.
Km Recorridos:	2140
"/>
<node Id="107" Action="Ir Bresol" Cost="-10.0" Estado_Agente="&gt;&gt; ESTADO DEL AGENTE &lt;&lt;
Arqueologo en aldea: 2 (BRESOL)
Botin: Monedas(790) | Rubi(1300) | Anillo(1300) | Diamante(960) | Colgante(1670)
Valor ($$) total:	$ 294450
Peso (kg) en acoplado:	264.09999999999997 Kg.
Km Recorridos:	2210
"/>
<node Id="108" Action="Tomar Tesoro" Cost="-10.0" Estado_Agente="&gt;&gt; ESTADO DEL AGENTE &lt;&lt;
Arqueologo en aldea: 3 (BULOVOE)
Botin: Monedas(1040) | Rubi(1420) | Anillo(1320) | Diamante(1110) | Colgante(1970)
Valor ($$) total:	$ 344050
Peso (kg) en acoplado:	308.9 Kg.
Km Recorridos:	2160
"/>
<node Id="109" Action="Ir Icaedur" Cost="-10.0" Estado_Agente="&gt;&gt; ESTADO DEL AGENTE &lt;&lt;
Arqueologo en aldea: 7 (ICAEDUR)
Botin: Monedas(790) | Rubi(1300) | Anillo(1300) | Diamante(960) | Colgante(1670)
Valor ($$) total:	$ 294450
Peso (kg) en acoplado:	264.09999999999997 Kg.
Km Recorridos:	2510
"/>
<node Id="110" Action="Ir Icaedur" Cost="-11.0" Estado_Agente="&gt;&gt; ESTADO DEL AGENTE &lt;&lt;
Arqueologo en aldea: 7 (ICAEDUR)
Botin: Monedas(1040) | Rubi(1420) | Anillo(1320) | Diamante(1110) | Colgante(1970)
Valor ($$) total:	$ 344050
Peso (kg) en acoplado:	308.9 Kg.
Km Recorridos:	2510
"/>
<node Id="111" Action="Tomar Tesoro" Cost="-12.0" Estado_Agente="&gt;&gt; ESTADO DEL AGENTE &lt;&lt;
Arqueologo en aldea: 7 (ICAEDUR)
Botin: Monedas(1440) | Rubi(1620) | Anillo(1620) | Diamante(1510) | Colgante(2220)
Valor ($$) total:	$ 442800
Peso (kg) en acoplado:	399.4 Kg.
Km Recorridos:	2510
"/>
<node Id="112" Action="Tomar Tesoro" Cost="-11.0" Estado_Agente="&gt;&gt; ESTADO DEL AGENTE &lt;&lt;
Arqueologo en aldea: 7 (ICAEDUR)
Botin: Monedas(1190) | Rubi(1500) | Anillo(1600) | Diamante(1360) | Colgante(1920)
Valor ($$) total:	$ 393200
Peso (kg) en acoplado:	354.59999999999997 Kg.
Km Recorridos:	2510
"/>
<node Id="113" Action="Ir Bresol" Cost="-9.0" Estado_Agente="&gt;&gt; ESTADO DEL AGENTE &lt;&lt;
Arqueologo en aldea: 2 (BRESOL)
Botin: Monedas(490) | Rubi(900) | Anillo(1020) | Diamante(880) | Colgante(1520)
Valor ($$) total:	$ 226600
Peso (kg) en acoplado:	204.9 Kg.
Km Recorridos:	2210
"/>
<node Id="114" Action="Tomar Tesoro" Cost="-9.0" Estado_Agente="&gt;&gt; ESTADO DEL AGENTE &lt;&lt;
Arqueologo en aldea: 3 (BULOVOE)
Botin: Monedas(740) | Rubi(1020) | Anillo(1040) | Diamante(1030) | Colgante(1820)
Valor ($$) total:	$ 276200
Peso (kg) en acoplado:	249.70000000000002 Kg.
Km Recorridos:	2160
"/>
<node Id="115" Action="Ir Icaedur" Cost="-9.0" Estado_Agente="&gt;&gt; ESTADO DEL AGENTE &lt;&lt;
Arqueologo en aldea: 7 (ICAEDUR)
Botin: Monedas(490) | Rubi(900) | Anillo(1020) | Diamante(880) | Colgante(1520)
Valor ($$) total:	$ 226600
Peso (kg) en acoplado:	204.9 Kg.
Km Recorridos:	2510
"/>
<node Id="116" Action="Ir Icaedur" Cost="-10.0" Estado_Agente="&gt;&gt; ESTADO DEL AGENTE &lt;&lt;
Arqueologo en aldea: 7 (ICAEDUR)
Botin: Monedas(740) | Rubi(1020) | Anillo(1040) | Diamante(1030) | Colgante(1820)
Valor ($$) total:	$ 276200
Peso (kg) en acoplado:	249.70000000000002 Kg.
Km Recorridos:	2510
"/>
<node Id="117" Action="Tomar Tesoro" Cost="-11.0" Estado_Agente="&gt;&gt; ESTADO DEL AGENTE &lt;&lt;
Arqueologo en aldea: 7 (ICAEDUR)
Botin: Monedas(1140) | Rubi(1220) | Anillo(1340) | Diamante(1430) | Colgante(2070)
Valor ($$) total:	$ 374950
Peso (kg) en acoplado:	340.2 Kg.
Km Recorridos:	2510
"/>
<node Id="118" Action="Tomar Tesoro" Cost="-10.0" Estado_Agente="&gt;&gt; ESTADO DEL AGENTE &lt;&lt;
Arqueologo en aldea: 7 (ICAEDUR)
Botin: Monedas(890) | Rubi(1100) | Anillo(1320) | Diamante(1280) | Colgante(1770)
Valor ($$) total:	$ 325350
Peso (kg) en acoplado:	295.4 Kg.
Km Recorridos:	2510
"/>
<node Id="119" Action="Tomar Tesoro" Cost="-3.0" Estado_Agente="&gt;&gt; ESTADO DEL AGENTE &lt;&lt;
Arqueologo en aldea: 8 (MIXOCU)
Botin: Monedas(740) | Rubi(850) | Anillo(760) | Diamante(580) | Colgante(1370)
Valor ($$) total:	$ 212050
Peso (kg) en acoplado:	193.2 Kg.
Km Recorridos:	1250
"/>
<node Id="120" Action="Ir Ase" Cost="-3.0" Estado_Agente="&gt;&gt; ESTADO DEL AGENTE &lt;&lt;
Arqueologo en aldea: 1 (ASE)
Botin: Monedas(390) | Rubi(500) | Anillo(520) | Diamante(430) | Colgante(1020)
Valor ($$) total:	$ 133600
Peso (kg) en acoplado:	122.9 Kg.
Km Recorridos:	1450
"/>
<node Id="121" Action="Ir Ase" Cost="-4.0" Estado_Agente="&gt;&gt; ESTADO DEL AGENTE &lt;&lt;
Arqueologo en aldea: 1 (ASE)
Botin: Monedas(740) | Rubi(850) | Anillo(760) | Diamante(580) | Colgante(1370)
Valor ($$) total:	$ 212050
Peso (kg) en acoplado:	193.2 Kg.
Km Recorridos:	1450
"/>
<node Id="122" Action="Tomar Tesoro" Cost="-5.0" Estado_Agente="&gt;&gt; ESTADO DEL AGENTE &lt;&lt;
Arqueologo en aldea: 1 (ASE)
Botin: Monedas(760) | Rubi(900) | Anillo(830) | Diamante(680) | Colgante(1430)
Valor ($$) total:	$ 228550
Peso (kg) en acoplado:	207.54999999999998 Kg.
Km Recorridos:	1450
"/>
<node Id="123" Action="Ir Cenede" Cost="-5.0" Estado_Agente="&gt;&gt; ESTADO DEL AGENTE &lt;&lt;
Arqueologo en aldea: 5 (CENEDE)
Botin: Monedas(740) | Rubi(850) | Anillo(760) | Diamante(580) | Colgante(1370)
Valor ($$) total:	$ 212050
Peso (kg) en acoplado:	193.2 Kg.
Km Recorridos:	1650
"/>
<node Id="124" Action="Ir Cenede" Cost="-6.0" Estado_Agente="&gt;&gt; ESTADO DEL AGENTE &lt;&lt;
Arqueologo en aldea: 5 (CENEDE)
Botin: Monedas(760) | Rubi(900) | Anillo(830) | Diamante(680) | Colgante(1430)
Valor ($$) total:	$ 228550
Peso (kg) en acoplado:	207.54999999999998 Kg.
Km Recorridos:	1650
"/>
<node Id="125" Action="Tomar Tesoro" Cost="-7.0" Estado_Agente="&gt;&gt; ESTADO DEL AGENTE &lt;&lt;
Arqueologo en aldea: 5 (CENEDE)
Botin: Monedas(980) | Rubi(1200) | Anillo(960) | Diamante(1080) | Colgante(1710)
Valor ($$) total:	$ 309650
Peso (kg) en acoplado:	275.0 Kg.
Km Recorridos:	1650
"/>
<node Id="126" Action="Terminar" Cost="-7.0" Estado_Agente="&gt;&gt; ESTADO DEL AGENTE &lt;&lt;
Arqueologo en aldea: 11 (CEDENE ~FIN~)
Botin: Monedas(760) | Rubi(900) | Anillo(830) | Diamante(680) | Colgante(1430)
Valor ($$) total:	$ 228550
Peso (kg) en acoplado:	207.54999999999998 Kg.
Km Recorridos:	1650
"/>
<node Id="127" Action="Ir Ase" Cost="-8.0" Estado_Agente="&gt;&gt; ESTADO DEL AGENTE &lt;&lt;
Arqueologo en aldea: 1 (ASE)
Botin: Monedas(980) | Rubi(1200) | Anillo(960) | Diamante(1080) | Colgante(1710)
Valor ($$) total:	$ 309650
Peso (kg) en acoplado:	275.0 Kg.
Km Recorridos:	1850
"/>
<node Id="128" Action="Terminar" Cost="-8.0" Estado_Agente="&gt;&gt; ESTADO DEL AGENTE &lt;&lt;
Arqueologo en aldea: 11 (CEDENE ~FIN~)
Botin: Monedas(980) | Rubi(1200) | Anillo(960) | Diamante(1080) | Colgante(1710)
Valor ($$) total:	$ 309650
Peso (kg) en acoplado:	275.0 Kg.
Km Recorridos:	1650
"/>
<node Id="129" Action="Ir Mixocu" Cost="-9.0" Estado_Agente="&gt;&gt; ESTADO DEL AGENTE &lt;&lt;
Arqueologo en aldea: 8 (MIXOCU)
Botin: Monedas(980) | Rubi(1200) | Anillo(960) | Diamante(1080) | Colgante(1710)
Valor ($$) total:	$ 309650
Peso (kg) en acoplado:	275.0 Kg.
Km Recorridos:	2050
"/>
<edge source="0" target="1"/>
<edge source="1" target="2"/>
<edge source="1" target="3"/>
<edge source="1" target="4"/>
<edge source="2" target="5"/>
<edge source="2" target="6"/>
<edge source="3" target="119"/>
<edge source="3" target="120"/>
<edge source="5" target="7"/>
<edge source="6" target="59"/>
<edge source="6" target="60"/>
<edge source="7" target="8"/>
<edge source="7" target="9"/>
<edge source="8" target="10"/>
<edge source="9" target="32"/>
<edge source="9" target="33"/>
<edge source="10" target="11"/>
<edge source="10" target="12"/>
<edge source="11" target="13"/>
<edge source="12" target="20"/>
<edge source="13" target="14"/>
<edge source="14" target="15"/>
<edge source="15" target="16"/>
<edge source="15" target="17"/>
<edge source="16" target="18"/>
<edge source="17" target="19"/>
<edge source="20" target="21"/>
<edge source="21" target="22"/>
<edge source="21" target="23"/>
<edge source="21" target="24"/>
<edge source="22" target="25"/>
<edge source="22" target="26"/>
<edge source="22" target="27"/>
<edge source="23" target="30"/>
<edge source="24" target="31"/>
<edge source="25" target="28"/>
<edge source="26" target="29"/>
<edge source="32" target="34"/>
<edge source="33" target="43"/>
<edge source="34" target="35"/>
<edge source="35" target="36"/>
<edge source="36" target="37"/>
<edge source="36" target="38"/>
<edge source="37" target="39"/>
<edge source="38" target="40"/>
<edge source="38" target="41"/>
<edge source="40" target="42"/>
<edge source="43" target="44"/>
<edge source="44" target="45"/>
<edge source="44" target="46"/>
<edge source="44" target="47"/>
<edge source="45" target="48"/>
<edge source="45" target="49"/>
<edge source="45" target="50"/>
<edge source="46" target="55"/>
<edge source="47" target="56"/>
<edge source="47" target="57"/>
<edge source="48" target="51"/>
<edge source="49" target="52"/>
<edge source="49" target="53"/>
<edge source="52" target="54"/>
<edge source="56" target="58"/>
<edge source="59" target="61"/>
<edge source="60" target="86"/>
<edge source="60" target="87"/>
<edge source="61" target="62"/>
<edge source="61" target="63"/>
<edge source="62" target="64"/>
<edge source="63" target="72"/>
<edge source="64" target="65"/>
<edge source="65" target="66"/>
<edge source="66" target="67"/>
<edge source="66" target="68"/>
<edge source="67" target="69"/>
<edge source="68" target="70"/>
<edge source="70" target="71"/>
<edge source="72" target="73"/>
<edge source="73" target="74"/>
<edge source="73" target="75"/>
<edge source="73" target="76"/>
<edge source="74" target="77"/>
<edge source="74" target="78"/>
<edge source="74" target="79"/>
<edge source="75" target="83"/>
<edge source="76" target="84"/>
<edge source="77" target="80"/>
<edge source="78" target="81"/>
<edge source="81" target="82"/>
<edge source="84" target="85"/>
<edge source="86" target="88"/>
<edge source="87" target="99"/>
<edge source="88" target="89"/>
<edge source="89" target="90"/>
<edge source="90" target="91"/>
<edge source="90" target="92"/>
<edge source="91" target="93"/>
<edge source="92" target="94"/>
<edge source="92" target="95"/>
<edge source="94" target="96"/>
<edge source="95" target="98"/>
<edge source="96" target="97"/>
<edge source="99" target="100"/>
<edge source="100" target="101"/>
<edge source="100" target="102"/>
<edge source="100" target="103"/>
<edge source="101" target="104"/>
<edge source="101" target="105"/>
<edge source="101" target="106"/>
<edge source="102" target="113"/>
<edge source="103" target="114"/>
<edge source="103" target="115"/>
<edge source="104" target="107"/>
<edge source="105" target="108"/>
<edge source="105" target="109"/>
<edge source="108" target="110"/>
<edge source="109" target="112"/>
<edge source="110" target="111"/>
<edge source="114" target="116"/>
<edge source="115" target="118"/>
<edge source="116" target="117"/>
<edge source="119" target="121"/>
<edge source="121" target="122"/>
<edge source="121" target="123"/>
<edge source="122" target="124"/>
<edge source="124" target="125"/>
<edge source="124" target="126"/>
<edge source="125" target="127"/>
<edge source="125" target="128"/>
<edge source="127" target="129"/>
</tree>
