<tree id="16" edgedefault="directed">
<node Id="0" Action="null" Cost="0.0" Estado_Agente="&gt;&gt; ESTADO DEL AGENTE &lt;&lt;
Arqueologo en aldea: 8 (MIXOCU)
Botin: Monedas(1200) | Rubi(1290) | Anillo(1380) | Diamante(1430) | Colgante(1900)
Valor ($$) total:	$ 383100
Peso (kg) en acoplado:	346.0 Kg.
Km Recorridos:	3010
"/>
<node Id="1" Action="Ir Bresol" Cost="-247.4318181818182" Estado_Agente="&gt;&gt; ESTADO DEL AGENTE &lt;&lt;
Arqueologo en aldea: 2 (BRESOL)
Botin: Monedas(1200) | Rubi(1290) | Anillo(1380) | Diamante(1430) | Colgante(1900)
Valor ($$) total:	$ 383100
Peso (kg) en acoplado:	346.0 Kg.
Km Recorridos:	3110
"/>
<node Id="2" Action="Ir Cabe" Cost="-473.0" Estado_Agente="&gt;&gt; ESTADO DEL AGENTE &lt;&lt;
Arqueologo en aldea: 4 (CABE)
Botin: Monedas(1200) | Rubi(1290) | Anillo(1380) | Diamante(1430) | Colgante(1900)
Valor ($$) total:	$ 383100
Peso (kg) en acoplado:	346.0 Kg.
Km Recorridos:	2910
"/>
<node Id="3" Action="Ir Mixocu" Cost="-701.625" Estado_Agente="&gt;&gt; ESTADO DEL AGENTE &lt;&lt;
Arqueologo en aldea: 8 (MIXOCU)
Botin: Monedas(1200) | Rubi(1290) | Anillo(1380) | Diamante(1430) | Colgante(1900)
Valor ($$) total:	$ 383100
Peso (kg) en acoplado:	346.0 Kg.
Km Recorridos:	3010
"/>
<node Id="4" Action="Tomar Tesoro" Cost="-2201.625" Estado_Agente="&gt;&gt; ESTADO DEL AGENTE &lt;&lt;
Arqueologo en aldea: 8 (MIXOCU)
Botin: Monedas(1550) | Rubi(1640) | Anillo(1620) | Diamante(1580) | Colgante(2250)
Valor ($$) total:	$ 461550
Peso (kg) en acoplado:	416.3 Kg.
Km Recorridos:	3010
"/>
<node Id="5" Action="Ir Ase" Cost="-1272.125" Estado_Agente="&gt;&gt; ESTADO DEL AGENTE &lt;&lt;
Arqueologo en aldea: 1 (ASE)
Botin: Monedas(1200) | Rubi(1290) | Anillo(1380) | Diamante(1430) | Colgante(1900)
Valor ($$) total:	$ 383100
Peso (kg) en acoplado:	346.0 Kg.
Km Recorridos:	3210
"/>
<node Id="6" Action="Ir Ase" Cost="-2772.125" Estado_Agente="&gt;&gt; ESTADO DEL AGENTE &lt;&lt;
Arqueologo en aldea: 1 (ASE)
Botin: Monedas(1550) | Rubi(1640) | Anillo(1620) | Diamante(1580) | Colgante(2250)
Valor ($$) total:	$ 461550
Peso (kg) en acoplado:	416.3 Kg.
Km Recorridos:	3210
"/>
<node Id="7" Action="Tomar Tesoro" Cost="-4272.125" Estado_Agente="&gt;&gt; ESTADO DEL AGENTE &lt;&lt;
Arqueologo en aldea: 1 (ASE)
Botin: Monedas(1570) | Rubi(1690) | Anillo(1690) | Diamante(1680) | Colgante(2310)
Valor ($$) total:	$ 478050
Peso (kg) en acoplado:	430.65000000000003 Kg.
Km Recorridos:	3210
"/>
<node Id="8" Action="Ir Cenede" Cost="-3177.625" Estado_Agente="&gt;&gt; ESTADO DEL AGENTE &lt;&lt;
Arqueologo en aldea: 5 (CENEDE)
Botin: Monedas(1550) | Rubi(1640) | Anillo(1620) | Diamante(1580) | Colgante(2250)
Valor ($$) total:	$ 461550
Peso (kg) en acoplado:	416.3 Kg.
Km Recorridos:	3410
"/>
<node Id="9" Action="Ir Cenede" Cost="-4677.625" Estado_Agente="&gt;&gt; ESTADO DEL AGENTE &lt;&lt;
Arqueologo en aldea: 5 (CENEDE)
Botin: Monedas(1570) | Rubi(1690) | Anillo(1690) | Diamante(1680) | Colgante(2310)
Valor ($$) total:	$ 478050
Peso (kg) en acoplado:	430.65000000000003 Kg.
Km Recorridos:	3410
"/>
<node Id="10" Action="Terminar" Cost="-4677.625" Estado_Agente="&gt;&gt; ESTADO DEL AGENTE &lt;&lt;
Arqueologo en aldea: 11 (CEDENE ~FIN~)
Botin: Monedas(1570) | Rubi(1690) | Anillo(1690) | Diamante(1680) | Colgante(2310)
Valor ($$) total:	$ 478050
Peso (kg) en acoplado:	430.65000000000003 Kg.
Km Recorridos:	3410
"/>
<edge source="0" target="1"/>
<edge source="0" target="2"/>
<edge source="0" target="3"/>
<edge source="3" target="4"/>
<edge source="3" target="5"/>
<edge source="4" target="6"/>
<edge source="6" target="7"/>
<edge source="6" target="8"/>
<edge source="7" target="9"/>
<edge source="9" target="10"/>
</tree>
