<tree id="2" edgedefault="directed">
<node Id="0" Action="null" Cost="0.0" Estado_Agente="&gt;&gt; ESTADO DEL AGENTE &lt;&lt;
Arqueologo en aldea: 6 (ERGINTONE)
Botin: Monedas(400) | Rubi(420) | Anillo(360) | Diamante(380) | Colgante(700)
Valor ($$) total:	$ 116500
Peso (kg) en acoplado:	105.19999999999999 Kg.
Km Recorridos:	100
"/>
<node Id="1" Action="Tomar Tesoro" Cost="-1500.0" Estado_Agente="&gt;&gt; ESTADO DEL AGENTE &lt;&lt;
Arqueologo en aldea: 6 (ERGINTONE)
Botin: Monedas(400) | Rubi(420) | Anillo(360) | Diamante(380) | Colgante(700)
Valor ($$) total:	$ 116500
Peso (kg) en acoplado:	105.19999999999999 Kg.
Km Recorridos:	100
"/>
<node Id="2" Action="Ir Bulovoe" Cost="-552.0434782608695" Estado_Agente="&gt;&gt; ESTADO DEL AGENTE &lt;&lt;
Arqueologo en aldea: 3 (BULOVOE)
Botin: Monedas(100) | Rubi(20) | Anillo(80) | Diamante(300) | Colgante(550)
Valor ($$) total:	$ 48650
Peso (kg) en acoplado:	46.0 Kg.
Km Recorridos:	300
"/>
<node Id="3" Action="Ir Peregaey" Cost="-772.5797101449275" Estado_Agente="&gt;&gt; ESTADO DEL AGENTE &lt;&lt;
Arqueologo en aldea: 9 (PEREGAEY)
Botin: Monedas(100) | Rubi(20) | Anillo(80) | Diamante(300) | Colgante(550)
Valor ($$) total:	$ 48650
Peso (kg) en acoplado:	46.0 Kg.
Km Recorridos:	280
"/>
<node Id="4" Action="Ir Bulovoe" Cost="-2052.0434782608695" Estado_Agente="&gt;&gt; ESTADO DEL AGENTE &lt;&lt;
Arqueologo en aldea: 3 (BULOVOE)
Botin: Monedas(400) | Rubi(420) | Anillo(360) | Diamante(380) | Colgante(700)
Valor ($$) total:	$ 116500
Peso (kg) en acoplado:	105.19999999999999 Kg.
Km Recorridos:	300
"/>
<node Id="5" Action="Ir Peregaey" Cost="-2272.5797101449275" Estado_Agente="&gt;&gt; ESTADO DEL AGENTE &lt;&lt;
Arqueologo en aldea: 9 (PEREGAEY)
Botin: Monedas(400) | Rubi(420) | Anillo(360) | Diamante(380) | Colgante(700)
Valor ($$) total:	$ 116500
Peso (kg) en acoplado:	105.19999999999999 Kg.
Km Recorridos:	280
"/>
<node Id="6" Action="Tomar Tesoro" Cost="-3772.5797101449275" Estado_Agente="&gt;&gt; ESTADO DEL AGENTE &lt;&lt;
Arqueologo en aldea: 9 (PEREGAEY)
Botin: Monedas(500) | Rubi(820) | Anillo(860) | Diamante(830) | Colgante(1200)
Valor ($$) total:	$ 209500
Peso (kg) en acoplado:	187.2 Kg.
Km Recorridos:	280
"/>
<node Id="7" Action="Ir Vinizaile" Cost="-2616.2622498274673" Estado_Agente="&gt;&gt; ESTADO DEL AGENTE &lt;&lt;
Arqueologo en aldea: 10 (VINIZAILE)
Botin: Monedas(400) | Rubi(420) | Anillo(360) | Diamante(380) | Colgante(700)
Valor ($$) total:	$ 116500
Peso (kg) en acoplado:	105.19999999999999 Kg.
Km Recorridos:	730
"/>
<node Id="8" Action="Ir Vinizaile" Cost="-4116.262249827468" Estado_Agente="&gt;&gt; ESTADO DEL AGENTE &lt;&lt;
Arqueologo en aldea: 10 (VINIZAILE)
Botin: Monedas(500) | Rubi(820) | Anillo(860) | Diamante(830) | Colgante(1200)
Valor ($$) total:	$ 209500
Peso (kg) en acoplado:	187.2 Kg.
Km Recorridos:	730
"/>
<node Id="9" Action="Tomar Tesoro" Cost="-5616.262249827468" Estado_Agente="&gt;&gt; ESTADO DEL AGENTE &lt;&lt;
Arqueologo en aldea: 10 (VINIZAILE)
Botin: Monedas(550) | Rubi(970) | Anillo(1060) | Diamante(880) | Colgante(1350)
Valor ($$) total:	$ 234750
Peso (kg) en acoplado:	210.7 Kg.
Km Recorridos:	730
"/>
<node Id="10" Action="Ir Bresol" Cost="-4363.694068009286" Estado_Agente="&gt;&gt; ESTADO DEL AGENTE &lt;&lt;
Arqueologo en aldea: 2 (BRESOL)
Botin: Monedas(500) | Rubi(820) | Anillo(860) | Diamante(830) | Colgante(1200)
Valor ($$) total:	$ 209500
Peso (kg) en acoplado:	187.2 Kg.
Km Recorridos:	1130
"/>
<node Id="11" Action="Ir Cabe" Cost="-4589.262249827468" Estado_Agente="&gt;&gt; ESTADO DEL AGENTE &lt;&lt;
Arqueologo en aldea: 4 (CABE)
Botin: Monedas(500) | Rubi(820) | Anillo(860) | Diamante(830) | Colgante(1200)
Valor ($$) total:	$ 209500
Peso (kg) en acoplado:	187.2 Kg.
Km Recorridos:	930
"/>
<node Id="12" Action="Ir Icaedur" Cost="-5478.824749827468" Estado_Agente="&gt;&gt; ESTADO DEL AGENTE &lt;&lt;
Arqueologo en aldea: 7 (ICAEDUR)
Botin: Monedas(500) | Rubi(820) | Anillo(860) | Diamante(830) | Colgante(1200)
Valor ($$) total:	$ 209500
Peso (kg) en acoplado:	187.2 Kg.
Km Recorridos:	830
"/>
<node Id="13" Action="Ir Mixocu" Cost="-4817.887249827468" Estado_Agente="&gt;&gt; ESTADO DEL AGENTE &lt;&lt;
Arqueologo en aldea: 8 (MIXOCU)
Botin: Monedas(500) | Rubi(820) | Anillo(860) | Diamante(830) | Colgante(1200)
Valor ($$) total:	$ 209500
Peso (kg) en acoplado:	187.2 Kg.
Km Recorridos:	1030
"/>
<node Id="14" Action="Ir Bresol" Cost="-5863.694068009286" Estado_Agente="&gt;&gt; ESTADO DEL AGENTE &lt;&lt;
Arqueologo en aldea: 2 (BRESOL)
Botin: Monedas(550) | Rubi(970) | Anillo(1060) | Diamante(880) | Colgante(1350)
Valor ($$) total:	$ 234750
Peso (kg) en acoplado:	210.7 Kg.
Km Recorridos:	1130
"/>
<node Id="15" Action="Ir Cabe" Cost="-6089.262249827468" Estado_Agente="&gt;&gt; ESTADO DEL AGENTE &lt;&lt;
Arqueologo en aldea: 4 (CABE)
Botin: Monedas(550) | Rubi(970) | Anillo(1060) | Diamante(880) | Colgante(1350)
Valor ($$) total:	$ 234750
Peso (kg) en acoplado:	210.7 Kg.
Km Recorridos:	930
"/>
<node Id="16" Action="Ir Icaedur" Cost="-6978.824749827468" Estado_Agente="&gt;&gt; ESTADO DEL AGENTE &lt;&lt;
Arqueologo en aldea: 7 (ICAEDUR)
Botin: Monedas(550) | Rubi(970) | Anillo(1060) | Diamante(880) | Colgante(1350)
Valor ($$) total:	$ 234750
Peso (kg) en acoplado:	210.7 Kg.
Km Recorridos:	830
"/>
<node Id="17" Action="Ir Mixocu" Cost="-6317.887249827468" Estado_Agente="&gt;&gt; ESTADO DEL AGENTE &lt;&lt;
Arqueologo en aldea: 8 (MIXOCU)
Botin: Monedas(550) | Rubi(970) | Anillo(1060) | Diamante(880) | Colgante(1350)
Valor ($$) total:	$ 234750
Peso (kg) en acoplado:	210.7 Kg.
Km Recorridos:	1030
"/>
<node Id="18" Action="Tomar Tesoro" Cost="-8478.824749827469" Estado_Agente="&gt;&gt; ESTADO DEL AGENTE &lt;&lt;
Arqueologo en aldea: 7 (ICAEDUR)
Botin: Monedas(950) | Rubi(1170) | Anillo(1360) | Diamante(1280) | Colgante(1600)
Valor ($$) total:	$ 333500
Peso (kg) en acoplado:	301.2 Kg.
Km Recorridos:	830
"/>
<node Id="19" Action="Ir Bulovoe" Cost="-7424.582513802623" Estado_Agente="&gt;&gt; ESTADO DEL AGENTE &lt;&lt;
Arqueologo en aldea: 3 (BULOVOE)
Botin: Monedas(550) | Rubi(970) | Anillo(1060) | Diamante(880) | Colgante(1350)
Valor ($$) total:	$ 234750
Peso (kg) en acoplado:	210.7 Kg.
Km Recorridos:	1180
"/>
<node Id="20" Action="Ir Bulovoe" Cost="-8924.582513802625" Estado_Agente="&gt;&gt; ESTADO DEL AGENTE &lt;&lt;
Arqueologo en aldea: 3 (BULOVOE)
Botin: Monedas(950) | Rubi(1170) | Anillo(1360) | Diamante(1280) | Colgante(1600)
Valor ($$) total:	$ 333500
Peso (kg) en acoplado:	301.2 Kg.
Km Recorridos:	1180
"/>
<node Id="21" Action="Tomar Tesoro" Cost="-10424.582513802625" Estado_Agente="&gt;&gt; ESTADO DEL AGENTE &lt;&lt;
Arqueologo en aldea: 3 (BULOVOE)
Botin: Monedas(1200) | Rubi(1290) | Anillo(1380) | Diamante(1430) | Colgante(1900)
Valor ($$) total:	$ 383100
Peso (kg) en acoplado:	346.0 Kg.
Km Recorridos:	1180
"/>
<node Id="22" Action="Ir Ergintone" Cost="-9536.125746885331" Estado_Agente="&gt;&gt; ESTADO DEL AGENTE &lt;&lt;
Arqueologo en aldea: 6 (ERGINTONE)
Botin: Monedas(950) | Rubi(1170) | Anillo(1360) | Diamante(1280) | Colgante(1600)
Valor ($$) total:	$ 333500
Peso (kg) en acoplado:	301.2 Kg.
Km Recorridos:	1380
"/>
<node Id="23" Action="Ir Ergintone" Cost="-11036.125746885331" Estado_Agente="&gt;&gt; ESTADO DEL AGENTE &lt;&lt;
Arqueologo en aldea: 6 (ERGINTONE)
Botin: Monedas(1200) | Rubi(1290) | Anillo(1380) | Diamante(1430) | Colgante(1900)
Valor ($$) total:	$ 383100
Peso (kg) en acoplado:	346.0 Kg.
Km Recorridos:	1380
"/>
<node Id="24" Action="Ir Icaedur" Cost="-11081.787870945482" Estado_Agente="&gt;&gt; ESTADO DEL AGENTE &lt;&lt;
Arqueologo en aldea: 7 (ICAEDUR)
Botin: Monedas(1200) | Rubi(1290) | Anillo(1380) | Diamante(1430) | Colgante(1900)
Valor ($$) total:	$ 383100
Peso (kg) en acoplado:	346.0 Kg.
Km Recorridos:	1530
"/>
<node Id="25" Action="Ir Vinizaile" Cost="-11621.859299516911" Estado_Agente="&gt;&gt; ESTADO DEL AGENTE &lt;&lt;
Arqueologo en aldea: 10 (VINIZAILE)
Botin: Monedas(1200) | Rubi(1290) | Anillo(1380) | Diamante(1430) | Colgante(1900)
Valor ($$) total:	$ 383100
Peso (kg) en acoplado:	346.0 Kg.
Km Recorridos:	1630
"/>
<node Id="26" Action="Ir Bresol" Cost="-11869.291117698729" Estado_Agente="&gt;&gt; ESTADO DEL AGENTE &lt;&lt;
Arqueologo en aldea: 2 (BRESOL)
Botin: Monedas(1200) | Rubi(1290) | Anillo(1380) | Diamante(1430) | Colgante(1900)
Valor ($$) total:	$ 383100
Peso (kg) en acoplado:	346.0 Kg.
Km Recorridos:	2030
"/>
<node Id="27" Action="Ir Cabe" Cost="-12094.859299516911" Estado_Agente="&gt;&gt; ESTADO DEL AGENTE &lt;&lt;
Arqueologo en aldea: 4 (CABE)
Botin: Monedas(1200) | Rubi(1290) | Anillo(1380) | Diamante(1430) | Colgante(1900)
Valor ($$) total:	$ 383100
Peso (kg) en acoplado:	346.0 Kg.
Km Recorridos:	1830
"/>
<node Id="28" Action="Ir Mixocu" Cost="-12323.484299516911" Estado_Agente="&gt;&gt; ESTADO DEL AGENTE &lt;&lt;
Arqueologo en aldea: 8 (MIXOCU)
Botin: Monedas(1200) | Rubi(1290) | Anillo(1380) | Diamante(1430) | Colgante(1900)
Valor ($$) total:	$ 383100
Peso (kg) en acoplado:	346.0 Kg.
Km Recorridos:	1930
"/>
<node Id="29" Action="Tomar Tesoro" Cost="-13823.484299516911" Estado_Agente="&gt;&gt; ESTADO DEL AGENTE &lt;&lt;
Arqueologo en aldea: 8 (MIXOCU)
Botin: Monedas(1550) | Rubi(1640) | Anillo(1620) | Diamante(1580) | Colgante(2250)
Valor ($$) total:	$ 461550
Peso (kg) en acoplado:	416.3 Kg.
Km Recorridos:	1930
"/>
<node Id="30" Action="Ir Ase" Cost="-12893.984299516911" Estado_Agente="&gt;&gt; ESTADO DEL AGENTE &lt;&lt;
Arqueologo en aldea: 1 (ASE)
Botin: Monedas(1200) | Rubi(1290) | Anillo(1380) | Diamante(1430) | Colgante(1900)
Valor ($$) total:	$ 383100
Peso (kg) en acoplado:	346.0 Kg.
Km Recorridos:	2130
"/>
<node Id="31" Action="Ir Ase" Cost="-14393.984299516911" Estado_Agente="&gt;&gt; ESTADO DEL AGENTE &lt;&lt;
Arqueologo en aldea: 1 (ASE)
Botin: Monedas(1550) | Rubi(1640) | Anillo(1620) | Diamante(1580) | Colgante(2250)
Valor ($$) total:	$ 461550
Peso (kg) en acoplado:	416.3 Kg.
Km Recorridos:	2130
"/>
<node Id="32" Action="Tomar Tesoro" Cost="-15893.984299516911" Estado_Agente="&gt;&gt; ESTADO DEL AGENTE &lt;&lt;
Arqueologo en aldea: 1 (ASE)
Botin: Monedas(1570) | Rubi(1690) | Anillo(1690) | Diamante(1680) | Colgante(2310)
Valor ($$) total:	$ 478050
Peso (kg) en acoplado:	430.65000000000003 Kg.
Km Recorridos:	2130
"/>
<node Id="33" Action="Ir Cenede" Cost="-14799.484299516911" Estado_Agente="&gt;&gt; ESTADO DEL AGENTE &lt;&lt;
Arqueologo en aldea: 5 (CENEDE)
Botin: Monedas(1550) | Rubi(1640) | Anillo(1620) | Diamante(1580) | Colgante(2250)
Valor ($$) total:	$ 461550
Peso (kg) en acoplado:	416.3 Kg.
Km Recorridos:	2330
"/>
<node Id="34" Action="Ir Cenede" Cost="-16299.484299516911" Estado_Agente="&gt;&gt; ESTADO DEL AGENTE &lt;&lt;
Arqueologo en aldea: 5 (CENEDE)
Botin: Monedas(1570) | Rubi(1690) | Anillo(1690) | Diamante(1680) | Colgante(2310)
Valor ($$) total:	$ 478050
Peso (kg) en acoplado:	430.65000000000003 Kg.
Km Recorridos:	2330
"/>
<node Id="35" Action="Terminar" Cost="-16299.484299516911" Estado_Agente="&gt;&gt; ESTADO DEL AGENTE &lt;&lt;
Arqueologo en aldea: 11 (CEDENE ~FIN~)
Botin: Monedas(1570) | Rubi(1690) | Anillo(1690) | Diamante(1680) | Colgante(2310)
Valor ($$) total:	$ 478050
Peso (kg) en acoplado:	430.65000000000003 Kg.
Km Recorridos:	2330
"/>
<edge source="0" target="1"/>
<edge source="0" target="2"/>
<edge source="0" target="3"/>
<edge source="1" target="4"/>
<edge source="1" target="5"/>
<edge source="5" target="6"/>
<edge source="5" target="7"/>
<edge source="6" target="8"/>
<edge source="8" target="9"/>
<edge source="8" target="10"/>
<edge source="8" target="11"/>
<edge source="8" target="12"/>
<edge source="8" target="13"/>
<edge source="9" target="14"/>
<edge source="9" target="15"/>
<edge source="9" target="16"/>
<edge source="9" target="17"/>
<edge source="16" target="18"/>
<edge source="16" target="19"/>
<edge source="18" target="20"/>
<edge source="20" target="21"/>
<edge source="20" target="22"/>
<edge source="21" target="23"/>
<edge source="21" target="24"/>
<edge source="24" target="25"/>
<edge source="25" target="26"/>
<edge source="25" target="27"/>
<edge source="25" target="28"/>
<edge source="28" target="29"/>
<edge source="28" target="30"/>
<edge source="29" target="31"/>
<edge source="31" target="32"/>
<edge source="31" target="33"/>
<edge source="32" target="34"/>
<edge source="34" target="35"/>
</tree>
