<tree id="0" edgedefault="directed">
<node Id="0" Action="null" Cost="0.0" Estado_Agente="&gt;&gt; ESTADO DEL AGENTE &lt;&lt;
Arqueologo en aldea: 0 (ARAGAEY)
Botin: Monedas(100) | Rubi(20) | Anillo(80) | Diamante(300) | Colgante(550)
Valor ($$) total:	$ 48650
Peso (kg) en acoplado:	46.0 Kg.
Km Recorridos:	0
"/>
<node Id="1" Action="Tomar Tesoro" Cost="-1500.0" Estado_Agente="&gt;&gt; ESTADO DEL AGENTE &lt;&lt;
Arqueologo en aldea: 0 (ARAGAEY)
Botin: Monedas(100) | Rubi(20) | Anillo(80) | Diamante(300) | Colgante(550)
Valor ($$) total:	$ 48650
Peso (kg) en acoplado:	46.0 Kg.
Km Recorridos:	0
"/>
<node Id="2" Action="Ir Bresol" Cost="-126.0" Estado_Agente="&gt;&gt; ESTADO DEL AGENTE &lt;&lt;
Arqueologo en aldea: 2 (BRESOL)
Botin: Monedas(0) | Rubi(0) | Anillo(0) | Diamante(0) | Colgante(0)
Valor ($$) total:	$ 0
Peso (kg) en acoplado:	0.0 Kg.
Km Recorridos:	150
"/>
<node Id="3" Action="Ir Ergintone" Cost="-678.5" Estado_Agente="&gt;&gt; ESTADO DEL AGENTE &lt;&lt;
Arqueologo en aldea: 6 (ERGINTONE)
Botin: Monedas(0) | Rubi(0) | Anillo(0) | Diamante(0) | Colgante(0)
Valor ($$) total:	$ 0
Peso (kg) en acoplado:	0.0 Kg.
Km Recorridos:	100
"/>
<node Id="4" Action="Ir Bresol" Cost="-1626.0" Estado_Agente="&gt;&gt; ESTADO DEL AGENTE &lt;&lt;
Arqueologo en aldea: 2 (BRESOL)
Botin: Monedas(100) | Rubi(20) | Anillo(80) | Diamante(300) | Colgante(550)
Valor ($$) total:	$ 48650
Peso (kg) en acoplado:	46.0 Kg.
Km Recorridos:	150
"/>
<node Id="5" Action="Ir Ergintone" Cost="-2178.5" Estado_Agente="&gt;&gt; ESTADO DEL AGENTE &lt;&lt;
Arqueologo en aldea: 6 (ERGINTONE)
Botin: Monedas(100) | Rubi(20) | Anillo(80) | Diamante(300) | Colgante(550)
Valor ($$) total:	$ 48650
Peso (kg) en acoplado:	46.0 Kg.
Km Recorridos:	100
"/>
<node Id="6" Action="Tomar Tesoro" Cost="-3678.5" Estado_Agente="&gt;&gt; ESTADO DEL AGENTE &lt;&lt;
Arqueologo en aldea: 6 (ERGINTONE)
Botin: Monedas(400) | Rubi(420) | Anillo(360) | Diamante(380) | Colgante(700)
Valor ($$) total:	$ 116500
Peso (kg) en acoplado:	105.19999999999999 Kg.
Km Recorridos:	100
"/>
<node Id="7" Action="Ir Bulovoe" Cost="-2426.5" Estado_Agente="&gt;&gt; ESTADO DEL AGENTE &lt;&lt;
Arqueologo en aldea: 3 (BULOVOE)
Botin: Monedas(100) | Rubi(20) | Anillo(80) | Diamante(300) | Colgante(550)
Valor ($$) total:	$ 48650
Peso (kg) en acoplado:	46.0 Kg.
Km Recorridos:	300
"/>
<node Id="8" Action="Ir Peregaey" Cost="-2695.1666666666665" Estado_Agente="&gt;&gt; ESTADO DEL AGENTE &lt;&lt;
Arqueologo en aldea: 9 (PEREGAEY)
Botin: Monedas(100) | Rubi(20) | Anillo(80) | Diamante(300) | Colgante(550)
Valor ($$) total:	$ 48650
Peso (kg) en acoplado:	46.0 Kg.
Km Recorridos:	280
"/>
<node Id="9" Action="Ir Bulovoe" Cost="-3926.5" Estado_Agente="&gt;&gt; ESTADO DEL AGENTE &lt;&lt;
Arqueologo en aldea: 3 (BULOVOE)
Botin: Monedas(400) | Rubi(420) | Anillo(360) | Diamante(380) | Colgante(700)
Valor ($$) total:	$ 116500
Peso (kg) en acoplado:	105.19999999999999 Kg.
Km Recorridos:	300
"/>
<node Id="10" Action="Ir Peregaey" Cost="-4195.166666666667" Estado_Agente="&gt;&gt; ESTADO DEL AGENTE &lt;&lt;
Arqueologo en aldea: 9 (PEREGAEY)
Botin: Monedas(400) | Rubi(420) | Anillo(360) | Diamante(380) | Colgante(700)
Valor ($$) total:	$ 116500
Peso (kg) en acoplado:	105.19999999999999 Kg.
Km Recorridos:	280
"/>
<node Id="11" Action="Tomar Tesoro" Cost="-5695.166666666667" Estado_Agente="&gt;&gt; ESTADO DEL AGENTE &lt;&lt;
Arqueologo en aldea: 9 (PEREGAEY)
Botin: Monedas(500) | Rubi(820) | Anillo(860) | Diamante(830) | Colgante(1200)
Valor ($$) total:	$ 209500
Peso (kg) en acoplado:	187.2 Kg.
Km Recorridos:	280
"/>
<node Id="12" Action="Ir Vinizaile" Cost="-4251.277777777778" Estado_Agente="&gt;&gt; ESTADO DEL AGENTE &lt;&lt;
Arqueologo en aldea: 10 (VINIZAILE)
Botin: Monedas(400) | Rubi(420) | Anillo(360) | Diamante(380) | Colgante(700)
Valor ($$) total:	$ 116500
Peso (kg) en acoplado:	105.19999999999999 Kg.
Km Recorridos:	730
"/>
<node Id="13" Action="Ir Vinizaile" Cost="-5751.277777777778" Estado_Agente="&gt;&gt; ESTADO DEL AGENTE &lt;&lt;
Arqueologo en aldea: 10 (VINIZAILE)
Botin: Monedas(500) | Rubi(820) | Anillo(860) | Diamante(830) | Colgante(1200)
Valor ($$) total:	$ 209500
Peso (kg) en acoplado:	187.2 Kg.
Km Recorridos:	730
"/>
<node Id="14" Action="Tomar Tesoro" Cost="-7251.277777777778" Estado_Agente="&gt;&gt; ESTADO DEL AGENTE &lt;&lt;
Arqueologo en aldea: 10 (VINIZAILE)
Botin: Monedas(550) | Rubi(970) | Anillo(1060) | Diamante(880) | Colgante(1350)
Valor ($$) total:	$ 234750
Peso (kg) en acoplado:	210.7 Kg.
Km Recorridos:	730
"/>
<node Id="15" Action="Ir Bresol" Cost="-5798.527777777778" Estado_Agente="&gt;&gt; ESTADO DEL AGENTE &lt;&lt;
Arqueologo en aldea: 2 (BRESOL)
Botin: Monedas(500) | Rubi(820) | Anillo(860) | Diamante(830) | Colgante(1200)
Valor ($$) total:	$ 209500
Peso (kg) en acoplado:	187.2 Kg.
Km Recorridos:	1130
"/>
<node Id="16" Action="Ir Cabe" Cost="-5955.277777777778" Estado_Agente="&gt;&gt; ESTADO DEL AGENTE &lt;&lt;
Arqueologo en aldea: 4 (CABE)
Botin: Monedas(500) | Rubi(820) | Anillo(860) | Diamante(830) | Colgante(1200)
Valor ($$) total:	$ 209500
Peso (kg) en acoplado:	187.2 Kg.
Km Recorridos:	930
"/>
<node Id="17" Action="Ir Icaedur" Cost="-6738.777777777778" Estado_Agente="&gt;&gt; ESTADO DEL AGENTE &lt;&lt;
Arqueologo en aldea: 7 (ICAEDUR)
Botin: Monedas(500) | Rubi(820) | Anillo(860) | Diamante(830) | Colgante(1200)
Valor ($$) total:	$ 209500
Peso (kg) en acoplado:	187.2 Kg.
Km Recorridos:	830
"/>
<node Id="18" Action="Ir Mixocu" Cost="-6012.777777777778" Estado_Agente="&gt;&gt; ESTADO DEL AGENTE &lt;&lt;
Arqueologo en aldea: 8 (MIXOCU)
Botin: Monedas(500) | Rubi(820) | Anillo(860) | Diamante(830) | Colgante(1200)
Valor ($$) total:	$ 209500
Peso (kg) en acoplado:	187.2 Kg.
Km Recorridos:	1030
"/>
<node Id="19" Action="Ir Bresol" Cost="-7298.527777777778" Estado_Agente="&gt;&gt; ESTADO DEL AGENTE &lt;&lt;
Arqueologo en aldea: 2 (BRESOL)
Botin: Monedas(550) | Rubi(970) | Anillo(1060) | Diamante(880) | Colgante(1350)
Valor ($$) total:	$ 234750
Peso (kg) en acoplado:	210.7 Kg.
Km Recorridos:	1130
"/>
<node Id="20" Action="Ir Cabe" Cost="-7455.277777777778" Estado_Agente="&gt;&gt; ESTADO DEL AGENTE &lt;&lt;
Arqueologo en aldea: 4 (CABE)
Botin: Monedas(550) | Rubi(970) | Anillo(1060) | Diamante(880) | Colgante(1350)
Valor ($$) total:	$ 234750
Peso (kg) en acoplado:	210.7 Kg.
Km Recorridos:	930
"/>
<node Id="21" Action="Ir Icaedur" Cost="-8238.777777777777" Estado_Agente="&gt;&gt; ESTADO DEL AGENTE &lt;&lt;
Arqueologo en aldea: 7 (ICAEDUR)
Botin: Monedas(550) | Rubi(970) | Anillo(1060) | Diamante(880) | Colgante(1350)
Valor ($$) total:	$ 234750
Peso (kg) en acoplado:	210.7 Kg.
Km Recorridos:	830
"/>
<node Id="22" Action="Ir Mixocu" Cost="-7512.777777777778" Estado_Agente="&gt;&gt; ESTADO DEL AGENTE &lt;&lt;
Arqueologo en aldea: 8 (MIXOCU)
Botin: Monedas(550) | Rubi(970) | Anillo(1060) | Diamante(880) | Colgante(1350)
Valor ($$) total:	$ 234750
Peso (kg) en acoplado:	210.7 Kg.
Km Recorridos:	1030
"/>
<node Id="23" Action="Tomar Tesoro" Cost="-9738.777777777777" Estado_Agente="&gt;&gt; ESTADO DEL AGENTE &lt;&lt;
Arqueologo en aldea: 7 (ICAEDUR)
Botin: Monedas(950) | Rubi(1170) | Anillo(1360) | Diamante(1280) | Colgante(1600)
Valor ($$) total:	$ 333500
Peso (kg) en acoplado:	301.2 Kg.
Km Recorridos:	830
"/>
<node Id="24" Action="Ir Bulovoe" Cost="-8380.492063492064" Estado_Agente="&gt;&gt; ESTADO DEL AGENTE &lt;&lt;
Arqueologo en aldea: 3 (BULOVOE)
Botin: Monedas(550) | Rubi(970) | Anillo(1060) | Diamante(880) | Colgante(1350)
Valor ($$) total:	$ 234750
Peso (kg) en acoplado:	210.7 Kg.
Km Recorridos:	1180
"/>
<node Id="25" Action="Ir Bulovoe" Cost="-9880.492063492064" Estado_Agente="&gt;&gt; ESTADO DEL AGENTE &lt;&lt;
Arqueologo en aldea: 3 (BULOVOE)
Botin: Monedas(950) | Rubi(1170) | Anillo(1360) | Diamante(1280) | Colgante(1600)
Valor ($$) total:	$ 333500
Peso (kg) en acoplado:	301.2 Kg.
Km Recorridos:	1180
"/>
<node Id="26" Action="Tomar Tesoro" Cost="-11380.492063492064" Estado_Agente="&gt;&gt; ESTADO DEL AGENTE &lt;&lt;
Arqueologo en aldea: 3 (BULOVOE)
Botin: Monedas(1200) | Rubi(1290) | Anillo(1380) | Diamante(1430) | Colgante(1900)
Valor ($$) total:	$ 383100
Peso (kg) en acoplado:	346.0 Kg.
Km Recorridos:	1180
"/>
<node Id="27" Action="Ir Ergintone" Cost="-10219.742063492064" Estado_Agente="&gt;&gt; ESTADO DEL AGENTE &lt;&lt;
Arqueologo en aldea: 6 (ERGINTONE)
Botin: Monedas(950) | Rubi(1170) | Anillo(1360) | Diamante(1280) | Colgante(1600)
Valor ($$) total:	$ 333500
Peso (kg) en acoplado:	301.2 Kg.
Km Recorridos:	1380
"/>
<node Id="28" Action="Ir Ergintone" Cost="-11719.742063492064" Estado_Agente="&gt;&gt; ESTADO DEL AGENTE &lt;&lt;
Arqueologo en aldea: 6 (ERGINTONE)
Botin: Monedas(1200) | Rubi(1290) | Anillo(1380) | Diamante(1430) | Colgante(1900)
Valor ($$) total:	$ 383100
Peso (kg) en acoplado:	346.0 Kg.
Km Recorridos:	1380
"/>
<node Id="29" Action="Ir Icaedur" Cost="-11662.63492063492" Estado_Agente="&gt;&gt; ESTADO DEL AGENTE &lt;&lt;
Arqueologo en aldea: 7 (ICAEDUR)
Botin: Monedas(1200) | Rubi(1290) | Anillo(1380) | Diamante(1430) | Colgante(1900)
Valor ($$) total:	$ 383100
Peso (kg) en acoplado:	346.0 Kg.
Km Recorridos:	1530
"/>
<node Id="30" Action="Ir Aragaey" Cost="-12206.242063492064" Estado_Agente="&gt;&gt; ESTADO DEL AGENTE &lt;&lt;
Arqueologo en aldea: 0 (ARAGAEY)
Botin: Monedas(1200) | Rubi(1290) | Anillo(1380) | Diamante(1430) | Colgante(1900)
Valor ($$) total:	$ 383100
Peso (kg) en acoplado:	346.0 Kg.
Km Recorridos:	1480
"/>
<node Id="31" Action="Ir Peregaey" Cost="-12236.40873015873" Estado_Agente="&gt;&gt; ESTADO DEL AGENTE &lt;&lt;
Arqueologo en aldea: 9 (PEREGAEY)
Botin: Monedas(1200) | Rubi(1290) | Anillo(1380) | Diamante(1430) | Colgante(1900)
Valor ($$) total:	$ 383100
Peso (kg) en acoplado:	346.0 Kg.
Km Recorridos:	1560
"/>
<node Id="32" Action="Ir Vinizaile" Cost="-12292.519841269841" Estado_Agente="&gt;&gt; ESTADO DEL AGENTE &lt;&lt;
Arqueologo en aldea: 10 (VINIZAILE)
Botin: Monedas(1200) | Rubi(1290) | Anillo(1380) | Diamante(1430) | Colgante(1900)
Valor ($$) total:	$ 383100
Peso (kg) en acoplado:	346.0 Kg.
Km Recorridos:	2010
"/>
<node Id="33" Action="Ir Bresol" Cost="-12339.769841269841" Estado_Agente="&gt;&gt; ESTADO DEL AGENTE &lt;&lt;
Arqueologo en aldea: 2 (BRESOL)
Botin: Monedas(1200) | Rubi(1290) | Anillo(1380) | Diamante(1430) | Colgante(1900)
Valor ($$) total:	$ 383100
Peso (kg) en acoplado:	346.0 Kg.
Km Recorridos:	2410
"/>
<node Id="34" Action="Ir Cabe" Cost="-12496.519841269841" Estado_Agente="&gt;&gt; ESTADO DEL AGENTE &lt;&lt;
Arqueologo en aldea: 4 (CABE)
Botin: Monedas(1200) | Rubi(1290) | Anillo(1380) | Diamante(1430) | Colgante(1900)
Valor ($$) total:	$ 383100
Peso (kg) en acoplado:	346.0 Kg.
Km Recorridos:	2210
"/>
<node Id="35" Action="Ir Mixocu" Cost="-12554.019841269841" Estado_Agente="&gt;&gt; ESTADO DEL AGENTE &lt;&lt;
Arqueologo en aldea: 8 (MIXOCU)
Botin: Monedas(1200) | Rubi(1290) | Anillo(1380) | Diamante(1430) | Colgante(1900)
Valor ($$) total:	$ 383100
Peso (kg) en acoplado:	346.0 Kg.
Km Recorridos:	2310
"/>
<node Id="36" Action="Tomar Tesoro" Cost="-14054.019841269841" Estado_Agente="&gt;&gt; ESTADO DEL AGENTE &lt;&lt;
Arqueologo en aldea: 8 (MIXOCU)
Botin: Monedas(1550) | Rubi(1640) | Anillo(1620) | Diamante(1580) | Colgante(2250)
Valor ($$) total:	$ 461550
Peso (kg) en acoplado:	416.3 Kg.
Km Recorridos:	2310
"/>
<node Id="37" Action="Ir Ase" Cost="-12636.519841269841" Estado_Agente="&gt;&gt; ESTADO DEL AGENTE &lt;&lt;
Arqueologo en aldea: 1 (ASE)
Botin: Monedas(1200) | Rubi(1290) | Anillo(1380) | Diamante(1430) | Colgante(1900)
Valor ($$) total:	$ 383100
Peso (kg) en acoplado:	346.0 Kg.
Km Recorridos:	2510
"/>
<node Id="38" Action="Ir Ase" Cost="-14136.519841269841" Estado_Agente="&gt;&gt; ESTADO DEL AGENTE &lt;&lt;
Arqueologo en aldea: 1 (ASE)
Botin: Monedas(1550) | Rubi(1640) | Anillo(1620) | Diamante(1580) | Colgante(2250)
Valor ($$) total:	$ 461550
Peso (kg) en acoplado:	416.3 Kg.
Km Recorridos:	2510
"/>
<node Id="39" Action="Tomar Tesoro" Cost="-15636.519841269841" Estado_Agente="&gt;&gt; ESTADO DEL AGENTE &lt;&lt;
Arqueologo en aldea: 1 (ASE)
Botin: Monedas(1570) | Rubi(1690) | Anillo(1690) | Diamante(1680) | Colgante(2310)
Valor ($$) total:	$ 478050
Peso (kg) en acoplado:	430.65000000000003 Kg.
Km Recorridos:	2510
"/>
<node Id="40" Action="Ir Cenede" Cost="-14542.019841269841" Estado_Agente="&gt;&gt; ESTADO DEL AGENTE &lt;&lt;
Arqueologo en aldea: 5 (CENEDE)
Botin: Monedas(1550) | Rubi(1640) | Anillo(1620) | Diamante(1580) | Colgante(2250)
Valor ($$) total:	$ 461550
Peso (kg) en acoplado:	416.3 Kg.
Km Recorridos:	2710
"/>
<node Id="41" Action="Ir Cenede" Cost="-16042.019841269841" Estado_Agente="&gt;&gt; ESTADO DEL AGENTE &lt;&lt;
Arqueologo en aldea: 5 (CENEDE)
Botin: Monedas(1570) | Rubi(1690) | Anillo(1690) | Diamante(1680) | Colgante(2310)
Valor ($$) total:	$ 478050
Peso (kg) en acoplado:	430.65000000000003 Kg.
Km Recorridos:	2710
"/>
<node Id="42" Action="Terminar" Cost="-16042.019841269841" Estado_Agente="&gt;&gt; ESTADO DEL AGENTE &lt;&lt;
Arqueologo en aldea: 11 (CEDENE ~FIN~)
Botin: Monedas(1570) | Rubi(1690) | Anillo(1690) | Diamante(1680) | Colgante(2310)
Valor ($$) total:	$ 478050
Peso (kg) en acoplado:	430.65000000000003 Kg.
Km Recorridos:	2710
"/>
<edge source="0" target="1"/>
<edge source="0" target="2"/>
<edge source="0" target="3"/>
<edge source="1" target="4"/>
<edge source="1" target="5"/>
<edge source="5" target="6"/>
<edge source="5" target="7"/>
<edge source="5" target="8"/>
<edge source="6" target="9"/>
<edge source="6" target="10"/>
<edge source="10" target="11"/>
<edge source="10" target="12"/>
<edge source="11" target="13"/>
<edge source="13" target="14"/>
<edge source="13" target="15"/>
<edge source="13" target="16"/>
<edge source="13" target="17"/>
<edge source="13" target="18"/>
<edge source="14" target="19"/>
<edge source="14" target="20"/>
<edge source="14" target="21"/>
<edge source="14" target="22"/>
<edge source="21" target="23"/>
<edge source="21" target="24"/>
<edge source="23" target="25"/>
<edge source="25" target="26"/>
<edge source="25" target="27"/>
<edge source="26" target="28"/>
<edge source="26" target="29"/>
<edge source="28" target="30"/>
<edge source="28" target="31"/>
<edge source="31" target="32"/>
<edge source="32" target="33"/>
<edge source="32" target="34"/>
<edge source="32" target="35"/>
<edge source="35" target="36"/>
<edge source="35" target="37"/>
<edge source="36" target="38"/>
<edge source="38" target="39"/>
<edge source="38" target="40"/>
<edge source="39" target="41"/>
<edge source="41" target="42"/>
</tree>
