<tree id="12" edgedefault="directed">
<node Id="0" Action="null" Cost="0.0" Estado_Agente="&gt;&gt; ESTADO DEL AGENTE &lt;&lt;
Arqueologo en aldea: 0 (ARAGAEY)
Botin: Monedas(1200) | Rubi(1290) | Anillo(1380) | Diamante(1430) | Colgante(1900)
Valor ($$) total:	$ 383100
Peso (kg) en acoplado:	346.0 Kg.
Km Recorridos:	1480
"/>
<node Id="1" Action="Ir Aragaey" Cost="0.0" Estado_Agente="&gt;&gt; ESTADO DEL AGENTE &lt;&lt;
Arqueologo en aldea: 0 (ARAGAEY)
Botin: Monedas(1200) | Rubi(1290) | Anillo(1380) | Diamante(1430) | Colgante(1900)
Valor ($$) total:	$ 383100
Peso (kg) en acoplado:	346.0 Kg.
Km Recorridos:	1480
"/>
<node Id="2" Action="Ir Bulovoe" Cost="0.0" Estado_Agente="&gt;&gt; ESTADO DEL AGENTE &lt;&lt;
Arqueologo en aldea: 3 (BULOVOE)
Botin: Monedas(1200) | Rubi(1290) | Anillo(1380) | Diamante(1430) | Colgante(1900)
Valor ($$) total:	$ 383100
Peso (kg) en acoplado:	346.0 Kg.
Km Recorridos:	1580
"/>
<node Id="3" Action="Ir Peregaey" Cost="0.0" Estado_Agente="&gt;&gt; ESTADO DEL AGENTE &lt;&lt;
Arqueologo en aldea: 9 (PEREGAEY)
Botin: Monedas(1200) | Rubi(1290) | Anillo(1380) | Diamante(1430) | Colgante(1900)
Valor ($$) total:	$ 383100
Peso (kg) en acoplado:	346.0 Kg.
Km Recorridos:	1560
"/>
<node Id="4" Action="Ir Bresol" Cost="-126.0" Estado_Agente="&gt;&gt; ESTADO DEL AGENTE &lt;&lt;
Arqueologo en aldea: 2 (BRESOL)
Botin: Monedas(1200) | Rubi(1290) | Anillo(1380) | Diamante(1430) | Colgante(1900)
Valor ($$) total:	$ 383100
Peso (kg) en acoplado:	346.0 Kg.
Km Recorridos:	1630
"/>
<node Id="5" Action="Tomar Tesoro" Cost="-1626.0" Estado_Agente="&gt;&gt; ESTADO DEL AGENTE &lt;&lt;
Arqueologo en aldea: 2 (BRESOL)
Botin: Monedas(1280) | Rubi(1370) | Anillo(1450) | Diamante(1450) | Colgante(2100)
Valor ($$) total:	$ 402000
Peso (kg) en acoplado:	364.15000000000003 Kg.
Km Recorridos:	1630
"/>
<node Id="6" Action="Ir Vinizaile" Cost="-126.0" Estado_Agente="&gt;&gt; ESTADO DEL AGENTE &lt;&lt;
Arqueologo en aldea: 10 (VINIZAILE)
Botin: Monedas(1200) | Rubi(1290) | Anillo(1380) | Diamante(1430) | Colgante(1900)
Valor ($$) total:	$ 383100
Peso (kg) en acoplado:	346.0 Kg.
Km Recorridos:	2030
"/>
<node Id="7" Action="Ir Vinizaile" Cost="-1626.0" Estado_Agente="&gt;&gt; ESTADO DEL AGENTE &lt;&lt;
Arqueologo en aldea: 10 (VINIZAILE)
Botin: Monedas(1280) | Rubi(1370) | Anillo(1450) | Diamante(1450) | Colgante(2100)
Valor ($$) total:	$ 402000
Peso (kg) en acoplado:	364.15000000000003 Kg.
Km Recorridos:	2030
"/>
<node Id="8" Action="Ir Cabe" Cost="-1830.0" Estado_Agente="&gt;&gt; ESTADO DEL AGENTE &lt;&lt;
Arqueologo en aldea: 4 (CABE)
Botin: Monedas(1280) | Rubi(1370) | Anillo(1450) | Diamante(1450) | Colgante(2100)
Valor ($$) total:	$ 402000
Peso (kg) en acoplado:	364.15000000000003 Kg.
Km Recorridos:	2230
"/>
<node Id="9" Action="Ir Mixocu" Cost="-1887.5" Estado_Agente="&gt;&gt; ESTADO DEL AGENTE &lt;&lt;
Arqueologo en aldea: 8 (MIXOCU)
Botin: Monedas(1280) | Rubi(1370) | Anillo(1450) | Diamante(1450) | Colgante(2100)
Valor ($$) total:	$ 402000
Peso (kg) en acoplado:	364.15000000000003 Kg.
Km Recorridos:	2330
"/>
<node Id="10" Action="Tomar Tesoro" Cost="-3387.5" Estado_Agente="&gt;&gt; ESTADO DEL AGENTE &lt;&lt;
Arqueologo en aldea: 8 (MIXOCU)
Botin: Monedas(1630) | Rubi(1720) | Anillo(1690) | Diamante(1600) | Colgante(2450)
Valor ($$) total:	$ 480450
Peso (kg) en acoplado:	434.45 Kg.
Km Recorridos:	2330
"/>
<node Id="11" Action="Ir Ase" Cost="-1970.0" Estado_Agente="&gt;&gt; ESTADO DEL AGENTE &lt;&lt;
Arqueologo en aldea: 1 (ASE)
Botin: Monedas(1280) | Rubi(1370) | Anillo(1450) | Diamante(1450) | Colgante(2100)
Valor ($$) total:	$ 402000
Peso (kg) en acoplado:	364.15000000000003 Kg.
Km Recorridos:	2530
"/>
<node Id="12" Action="Ir Ase" Cost="-3470.0" Estado_Agente="&gt;&gt; ESTADO DEL AGENTE &lt;&lt;
Arqueologo en aldea: 1 (ASE)
Botin: Monedas(1630) | Rubi(1720) | Anillo(1690) | Diamante(1600) | Colgante(2450)
Valor ($$) total:	$ 480450
Peso (kg) en acoplado:	434.45 Kg.
Km Recorridos:	2530
"/>
<node Id="13" Action="Tomar Tesoro" Cost="-4970.0" Estado_Agente="&gt;&gt; ESTADO DEL AGENTE &lt;&lt;
Arqueologo en aldea: 1 (ASE)
Botin: Monedas(1650) | Rubi(1770) | Anillo(1760) | Diamante(1700) | Colgante(2510)
Valor ($$) total:	$ 496950
Peso (kg) en acoplado:	448.8 Kg.
Km Recorridos:	2530
"/>
<node Id="14" Action="Ir Cenede" Cost="-3875.5" Estado_Agente="&gt;&gt; ESTADO DEL AGENTE &lt;&lt;
Arqueologo en aldea: 5 (CENEDE)
Botin: Monedas(1630) | Rubi(1720) | Anillo(1690) | Diamante(1600) | Colgante(2450)
Valor ($$) total:	$ 480450
Peso (kg) en acoplado:	434.45 Kg.
Km Recorridos:	2730
"/>
<node Id="15" Action="Ir Cenede" Cost="-5375.5" Estado_Agente="&gt;&gt; ESTADO DEL AGENTE &lt;&lt;
Arqueologo en aldea: 5 (CENEDE)
Botin: Monedas(1650) | Rubi(1770) | Anillo(1760) | Diamante(1700) | Colgante(2510)
Valor ($$) total:	$ 496950
Peso (kg) en acoplado:	448.8 Kg.
Km Recorridos:	2730
"/>
<node Id="16" Action="Terminar" Cost="-5375.5" Estado_Agente="&gt;&gt; ESTADO DEL AGENTE &lt;&lt;
Arqueologo en aldea: 11 (CEDENE ~FIN~)
Botin: Monedas(1650) | Rubi(1770) | Anillo(1760) | Diamante(1700) | Colgante(2510)
Valor ($$) total:	$ 496950
Peso (kg) en acoplado:	448.8 Kg.
Km Recorridos:	2730
"/>
<edge source="0" target="1"/>
<edge source="0" target="2"/>
<edge source="0" target="3"/>
<edge source="1" target="4"/>
<edge source="4" target="5"/>
<edge source="4" target="6"/>
<edge source="5" target="7"/>
<edge source="7" target="8"/>
<edge source="7" target="9"/>
<edge source="9" target="10"/>
<edge source="9" target="11"/>
<edge source="10" target="12"/>
<edge source="12" target="13"/>
<edge source="12" target="14"/>
<edge source="13" target="15"/>
<edge source="15" target="16"/>
</tree>
