<tree id="16" edgedefault="directed">
<node Id="0" Action="null" Cost="0.0" Estado_Agente="&gt;&gt; ESTADO DEL AGENTE &lt;&lt;
Arqueologo en aldea: 8 (MIXOCU)
Botin: Monedas(1280) | Rubi(1370) | Anillo(1450) | Diamante(1450) | Colgante(2100)
Valor ($$) total:	$ 402000
Peso (kg) en acoplado:	364.15000000000003 Kg.
Km Recorridos:	2330
"/>
<node Id="1" Action="Ir Cabe" Cost="-204.0" Estado_Agente="&gt;&gt; ESTADO DEL AGENTE &lt;&lt;
Arqueologo en aldea: 4 (CABE)
Botin: Monedas(1280) | Rubi(1370) | Anillo(1450) | Diamante(1450) | Colgante(2100)
Valor ($$) total:	$ 402000
Peso (kg) en acoplado:	364.15000000000003 Kg.
Km Recorridos:	2230
"/>
<node Id="2" Action="Ir Mixocu" Cost="-261.5" Estado_Agente="&gt;&gt; ESTADO DEL AGENTE &lt;&lt;
Arqueologo en aldea: 8 (MIXOCU)
Botin: Monedas(1280) | Rubi(1370) | Anillo(1450) | Diamante(1450) | Colgante(2100)
Valor ($$) total:	$ 402000
Peso (kg) en acoplado:	364.15000000000003 Kg.
Km Recorridos:	2330
"/>
<node Id="3" Action="Tomar Tesoro" Cost="-1761.5" Estado_Agente="&gt;&gt; ESTADO DEL AGENTE &lt;&lt;
Arqueologo en aldea: 8 (MIXOCU)
Botin: Monedas(1630) | Rubi(1720) | Anillo(1690) | Diamante(1600) | Colgante(2450)
Valor ($$) total:	$ 480450
Peso (kg) en acoplado:	434.45 Kg.
Km Recorridos:	2330
"/>
<node Id="4" Action="Ir Ase" Cost="-344.0" Estado_Agente="&gt;&gt; ESTADO DEL AGENTE &lt;&lt;
Arqueologo en aldea: 1 (ASE)
Botin: Monedas(1280) | Rubi(1370) | Anillo(1450) | Diamante(1450) | Colgante(2100)
Valor ($$) total:	$ 402000
Peso (kg) en acoplado:	364.15000000000003 Kg.
Km Recorridos:	2530
"/>
<node Id="5" Action="Ir Ase" Cost="-1844.0" Estado_Agente="&gt;&gt; ESTADO DEL AGENTE &lt;&lt;
Arqueologo en aldea: 1 (ASE)
Botin: Monedas(1630) | Rubi(1720) | Anillo(1690) | Diamante(1600) | Colgante(2450)
Valor ($$) total:	$ 480450
Peso (kg) en acoplado:	434.45 Kg.
Km Recorridos:	2530
"/>
<node Id="6" Action="Tomar Tesoro" Cost="-3344.0" Estado_Agente="&gt;&gt; ESTADO DEL AGENTE &lt;&lt;
Arqueologo en aldea: 1 (ASE)
Botin: Monedas(1650) | Rubi(1770) | Anillo(1760) | Diamante(1700) | Colgante(2510)
Valor ($$) total:	$ 496950
Peso (kg) en acoplado:	448.8 Kg.
Km Recorridos:	2530
"/>
<node Id="7" Action="Ir Cenede" Cost="-2249.5" Estado_Agente="&gt;&gt; ESTADO DEL AGENTE &lt;&lt;
Arqueologo en aldea: 5 (CENEDE)
Botin: Monedas(1630) | Rubi(1720) | Anillo(1690) | Diamante(1600) | Colgante(2450)
Valor ($$) total:	$ 480450
Peso (kg) en acoplado:	434.45 Kg.
Km Recorridos:	2730
"/>
<node Id="8" Action="Ir Cenede" Cost="-3749.5" Estado_Agente="&gt;&gt; ESTADO DEL AGENTE &lt;&lt;
Arqueologo en aldea: 5 (CENEDE)
Botin: Monedas(1650) | Rubi(1770) | Anillo(1760) | Diamante(1700) | Colgante(2510)
Valor ($$) total:	$ 496950
Peso (kg) en acoplado:	448.8 Kg.
Km Recorridos:	2730
"/>
<node Id="9" Action="Terminar" Cost="-3749.5" Estado_Agente="&gt;&gt; ESTADO DEL AGENTE &lt;&lt;
Arqueologo en aldea: 11 (CEDENE ~FIN~)
Botin: Monedas(1650) | Rubi(1770) | Anillo(1760) | Diamante(1700) | Colgante(2510)
Valor ($$) total:	$ 496950
Peso (kg) en acoplado:	448.8 Kg.
Km Recorridos:	2730
"/>
<edge source="0" target="1"/>
<edge source="0" target="2"/>
<edge source="2" target="3"/>
<edge source="2" target="4"/>
<edge source="3" target="5"/>
<edge source="5" target="6"/>
<edge source="5" target="7"/>
<edge source="6" target="8"/>
<edge source="8" target="9"/>
</tree>
