<tree id="17" edgedefault="directed">
<node Id="0" Action="null" Cost="0.0" Estado_Agente="&gt;&gt; ESTADO DEL AGENTE &lt;&lt;
Arqueologo en aldea: 8 (MIXOCU)
Botin: Monedas(1630) | Rubi(1720) | Anillo(1690) | Diamante(1600) | Colgante(2450)
Valor ($$) total:	$ 480450
Peso (kg) en acoplado:	434.45 Kg.
Km Recorridos:	2330
"/>
<node Id="1" Action="Tomar Tesoro" Cost="-1500.0" Estado_Agente="&gt;&gt; ESTADO DEL AGENTE &lt;&lt;
Arqueologo en aldea: 8 (MIXOCU)
Botin: Monedas(1630) | Rubi(1720) | Anillo(1690) | Diamante(1600) | Colgante(2450)
Valor ($$) total:	$ 480450
Peso (kg) en acoplado:	434.45 Kg.
Km Recorridos:	2330
"/>
<node Id="2" Action="Ir Ase" Cost="-82.5" Estado_Agente="&gt;&gt; ESTADO DEL AGENTE &lt;&lt;
Arqueologo en aldea: 1 (ASE)
Botin: Monedas(1280) | Rubi(1370) | Anillo(1450) | Diamante(1450) | Colgante(2100)
Valor ($$) total:	$ 402000
Peso (kg) en acoplado:	364.15000000000003 Kg.
Km Recorridos:	2530
"/>
<node Id="3" Action="Ir Ase" Cost="-1582.5" Estado_Agente="&gt;&gt; ESTADO DEL AGENTE &lt;&lt;
Arqueologo en aldea: 1 (ASE)
Botin: Monedas(1630) | Rubi(1720) | Anillo(1690) | Diamante(1600) | Colgante(2450)
Valor ($$) total:	$ 480450
Peso (kg) en acoplado:	434.45 Kg.
Km Recorridos:	2530
"/>
<node Id="4" Action="Tomar Tesoro" Cost="-3082.5" Estado_Agente="&gt;&gt; ESTADO DEL AGENTE &lt;&lt;
Arqueologo en aldea: 1 (ASE)
Botin: Monedas(1650) | Rubi(1770) | Anillo(1760) | Diamante(1700) | Colgante(2510)
Valor ($$) total:	$ 496950
Peso (kg) en acoplado:	448.8 Kg.
Km Recorridos:	2530
"/>
<node Id="5" Action="Ir Cenede" Cost="-1988.0" Estado_Agente="&gt;&gt; ESTADO DEL AGENTE &lt;&lt;
Arqueologo en aldea: 5 (CENEDE)
Botin: Monedas(1630) | Rubi(1720) | Anillo(1690) | Diamante(1600) | Colgante(2450)
Valor ($$) total:	$ 480450
Peso (kg) en acoplado:	434.45 Kg.
Km Recorridos:	2730
"/>
<node Id="6" Action="Ir Cenede" Cost="-3488.0" Estado_Agente="&gt;&gt; ESTADO DEL AGENTE &lt;&lt;
Arqueologo en aldea: 5 (CENEDE)
Botin: Monedas(1650) | Rubi(1770) | Anillo(1760) | Diamante(1700) | Colgante(2510)
Valor ($$) total:	$ 496950
Peso (kg) en acoplado:	448.8 Kg.
Km Recorridos:	2730
"/>
<node Id="7" Action="Terminar" Cost="-3488.0" Estado_Agente="&gt;&gt; ESTADO DEL AGENTE &lt;&lt;
Arqueologo en aldea: 11 (CEDENE ~FIN~)
Botin: Monedas(1650) | Rubi(1770) | Anillo(1760) | Diamante(1700) | Colgante(2510)
Valor ($$) total:	$ 496950
Peso (kg) en acoplado:	448.8 Kg.
Km Recorridos:	2730
"/>
<edge source="0" target="1"/>
<edge source="0" target="2"/>
<edge source="1" target="3"/>
<edge source="3" target="4"/>
<edge source="3" target="5"/>
<edge source="4" target="6"/>
<edge source="6" target="7"/>
</tree>
