<tree id="19" edgedefault="directed">
<node Id="0" Action="null" Cost="0.0" Estado_Agente="&gt;&gt; ESTADO DEL AGENTE &lt;&lt;
Arqueologo en aldea: 1 (ASE)
Botin: Monedas(1650) | Rubi(1770) | Anillo(1760) | Diamante(1700) | Colgante(2510)
Valor ($$) total:	$ 496950
Peso (kg) en acoplado:	448.8 Kg.
Km Recorridos:	2530
"/>
<node Id="1" Action="Tomar Tesoro" Cost="-1500.0" Estado_Agente="&gt;&gt; ESTADO DEL AGENTE &lt;&lt;
Arqueologo en aldea: 1 (ASE)
Botin: Monedas(1650) | Rubi(1770) | Anillo(1760) | Diamante(1700) | Colgante(2510)
Valor ($$) total:	$ 496950
Peso (kg) en acoplado:	448.8 Kg.
Km Recorridos:	2530
"/>
<node Id="2" Action="Ir Cenede" Cost="-405.5" Estado_Agente="&gt;&gt; ESTADO DEL AGENTE &lt;&lt;
Arqueologo en aldea: 5 (CENEDE)
Botin: Monedas(1630) | Rubi(1720) | Anillo(1690) | Diamante(1600) | Colgante(2450)
Valor ($$) total:	$ 480450
Peso (kg) en acoplado:	434.45 Kg.
Km Recorridos:	2730
"/>
<node Id="3" Action="Ir Cenede" Cost="-1905.5" Estado_Agente="&gt;&gt; ESTADO DEL AGENTE &lt;&lt;
Arqueologo en aldea: 5 (CENEDE)
Botin: Monedas(1650) | Rubi(1770) | Anillo(1760) | Diamante(1700) | Colgante(2510)
Valor ($$) total:	$ 496950
Peso (kg) en acoplado:	448.8 Kg.
Km Recorridos:	2730
"/>
<node Id="4" Action="Terminar" Cost="-1905.5" Estado_Agente="&gt;&gt; ESTADO DEL AGENTE &lt;&lt;
Arqueologo en aldea: 11 (CEDENE ~FIN~)
Botin: Monedas(1650) | Rubi(1770) | Anillo(1760) | Diamante(1700) | Colgante(2510)
Valor ($$) total:	$ 496950
Peso (kg) en acoplado:	448.8 Kg.
Km Recorridos:	2730
"/>
<edge source="0" target="1"/>
<edge source="0" target="2"/>
<edge source="1" target="3"/>
<edge source="3" target="4"/>
</tree>
