<tree id="3" edgedefault="directed">
<node Id="0" Action="null" Cost="0.0" Estado_Agente="&gt;&gt; ESTADO DEL AGENTE &lt;&lt;
Arqueologo en aldea: 9 (PEREGAEY)
Botin: Monedas(400) | Rubi(420) | Anillo(360) | Diamante(380) | Colgante(700)
Valor ($$) total:	$ 116500
Peso (kg) en acoplado:	105.19999999999999 Kg.
Km Recorridos:	280
"/>
<node Id="1" Action="Ir Bulovoe" Cost="-248.0" Estado_Agente="&gt;&gt; ESTADO DEL AGENTE &lt;&lt;
Arqueologo en aldea: 3 (BULOVOE)
Botin: Monedas(400) | Rubi(420) | Anillo(360) | Diamante(380) | Colgante(700)
Valor ($$) total:	$ 116500
Peso (kg) en acoplado:	105.19999999999999 Kg.
Km Recorridos:	300
"/>
<node Id="2" Action="Ir Peregaey" Cost="-516.6666666666666" Estado_Agente="&gt;&gt; ESTADO DEL AGENTE &lt;&lt;
Arqueologo en aldea: 9 (PEREGAEY)
Botin: Monedas(400) | Rubi(420) | Anillo(360) | Diamante(380) | Colgante(700)
Valor ($$) total:	$ 116500
Peso (kg) en acoplado:	105.19999999999999 Kg.
Km Recorridos:	280
"/>
<node Id="3" Action="Tomar Tesoro" Cost="-2016.6666666666665" Estado_Agente="&gt;&gt; ESTADO DEL AGENTE &lt;&lt;
Arqueologo en aldea: 9 (PEREGAEY)
Botin: Monedas(500) | Rubi(820) | Anillo(860) | Diamante(830) | Colgante(1200)
Valor ($$) total:	$ 209500
Peso (kg) en acoplado:	187.2 Kg.
Km Recorridos:	280
"/>
<node Id="4" Action="Ir Vinizaile" Cost="-572.7777777777777" Estado_Agente="&gt;&gt; ESTADO DEL AGENTE &lt;&lt;
Arqueologo en aldea: 10 (VINIZAILE)
Botin: Monedas(400) | Rubi(420) | Anillo(360) | Diamante(380) | Colgante(700)
Valor ($$) total:	$ 116500
Peso (kg) en acoplado:	105.19999999999999 Kg.
Km Recorridos:	730
"/>
<node Id="5" Action="Ir Vinizaile" Cost="-2072.777777777778" Estado_Agente="&gt;&gt; ESTADO DEL AGENTE &lt;&lt;
Arqueologo en aldea: 10 (VINIZAILE)
Botin: Monedas(500) | Rubi(820) | Anillo(860) | Diamante(830) | Colgante(1200)
Valor ($$) total:	$ 209500
Peso (kg) en acoplado:	187.2 Kg.
Km Recorridos:	730
"/>
<node Id="6" Action="Tomar Tesoro" Cost="-3572.777777777778" Estado_Agente="&gt;&gt; ESTADO DEL AGENTE &lt;&lt;
Arqueologo en aldea: 10 (VINIZAILE)
Botin: Monedas(550) | Rubi(970) | Anillo(1060) | Diamante(880) | Colgante(1350)
Valor ($$) total:	$ 234750
Peso (kg) en acoplado:	210.7 Kg.
Km Recorridos:	730
"/>
<node Id="7" Action="Ir Bresol" Cost="-2120.027777777778" Estado_Agente="&gt;&gt; ESTADO DEL AGENTE &lt;&lt;
Arqueologo en aldea: 2 (BRESOL)
Botin: Monedas(500) | Rubi(820) | Anillo(860) | Diamante(830) | Colgante(1200)
Valor ($$) total:	$ 209500
Peso (kg) en acoplado:	187.2 Kg.
Km Recorridos:	1130
"/>
<node Id="8" Action="Ir Cabe" Cost="-2276.777777777778" Estado_Agente="&gt;&gt; ESTADO DEL AGENTE &lt;&lt;
Arqueologo en aldea: 4 (CABE)
Botin: Monedas(500) | Rubi(820) | Anillo(860) | Diamante(830) | Colgante(1200)
Valor ($$) total:	$ 209500
Peso (kg) en acoplado:	187.2 Kg.
Km Recorridos:	930
"/>
<node Id="9" Action="Ir Icaedur" Cost="-3060.277777777778" Estado_Agente="&gt;&gt; ESTADO DEL AGENTE &lt;&lt;
Arqueologo en aldea: 7 (ICAEDUR)
Botin: Monedas(500) | Rubi(820) | Anillo(860) | Diamante(830) | Colgante(1200)
Valor ($$) total:	$ 209500
Peso (kg) en acoplado:	187.2 Kg.
Km Recorridos:	830
"/>
<node Id="10" Action="Ir Mixocu" Cost="-2334.277777777778" Estado_Agente="&gt;&gt; ESTADO DEL AGENTE &lt;&lt;
Arqueologo en aldea: 8 (MIXOCU)
Botin: Monedas(500) | Rubi(820) | Anillo(860) | Diamante(830) | Colgante(1200)
Valor ($$) total:	$ 209500
Peso (kg) en acoplado:	187.2 Kg.
Km Recorridos:	1030
"/>
<node Id="11" Action="Ir Bresol" Cost="-3620.027777777778" Estado_Agente="&gt;&gt; ESTADO DEL AGENTE &lt;&lt;
Arqueologo en aldea: 2 (BRESOL)
Botin: Monedas(550) | Rubi(970) | Anillo(1060) | Diamante(880) | Colgante(1350)
Valor ($$) total:	$ 234750
Peso (kg) en acoplado:	210.7 Kg.
Km Recorridos:	1130
"/>
<node Id="12" Action="Ir Cabe" Cost="-3776.777777777778" Estado_Agente="&gt;&gt; ESTADO DEL AGENTE &lt;&lt;
Arqueologo en aldea: 4 (CABE)
Botin: Monedas(550) | Rubi(970) | Anillo(1060) | Diamante(880) | Colgante(1350)
Valor ($$) total:	$ 234750
Peso (kg) en acoplado:	210.7 Kg.
Km Recorridos:	930
"/>
<node Id="13" Action="Ir Icaedur" Cost="-4560.277777777777" Estado_Agente="&gt;&gt; ESTADO DEL AGENTE &lt;&lt;
Arqueologo en aldea: 7 (ICAEDUR)
Botin: Monedas(550) | Rubi(970) | Anillo(1060) | Diamante(880) | Colgante(1350)
Valor ($$) total:	$ 234750
Peso (kg) en acoplado:	210.7 Kg.
Km Recorridos:	830
"/>
<node Id="14" Action="Ir Mixocu" Cost="-3834.277777777778" Estado_Agente="&gt;&gt; ESTADO DEL AGENTE &lt;&lt;
Arqueologo en aldea: 8 (MIXOCU)
Botin: Monedas(550) | Rubi(970) | Anillo(1060) | Diamante(880) | Colgante(1350)
Valor ($$) total:	$ 234750
Peso (kg) en acoplado:	210.7 Kg.
Km Recorridos:	1030
"/>
<node Id="15" Action="Tomar Tesoro" Cost="-6060.277777777777" Estado_Agente="&gt;&gt; ESTADO DEL AGENTE &lt;&lt;
Arqueologo en aldea: 7 (ICAEDUR)
Botin: Monedas(950) | Rubi(1170) | Anillo(1360) | Diamante(1280) | Colgante(1600)
Valor ($$) total:	$ 333500
Peso (kg) en acoplado:	301.2 Kg.
Km Recorridos:	830
"/>
<node Id="16" Action="Ir Bulovoe" Cost="-4701.992063492063" Estado_Agente="&gt;&gt; ESTADO DEL AGENTE &lt;&lt;
Arqueologo en aldea: 3 (BULOVOE)
Botin: Monedas(550) | Rubi(970) | Anillo(1060) | Diamante(880) | Colgante(1350)
Valor ($$) total:	$ 234750
Peso (kg) en acoplado:	210.7 Kg.
Km Recorridos:	1180
"/>
<node Id="17" Action="Ir Bulovoe" Cost="-6201.992063492063" Estado_Agente="&gt;&gt; ESTADO DEL AGENTE &lt;&lt;
Arqueologo en aldea: 3 (BULOVOE)
Botin: Monedas(950) | Rubi(1170) | Anillo(1360) | Diamante(1280) | Colgante(1600)
Valor ($$) total:	$ 333500
Peso (kg) en acoplado:	301.2 Kg.
Km Recorridos:	1180
"/>
<node Id="18" Action="Tomar Tesoro" Cost="-7701.992063492063" Estado_Agente="&gt;&gt; ESTADO DEL AGENTE &lt;&lt;
Arqueologo en aldea: 3 (BULOVOE)
Botin: Monedas(1200) | Rubi(1290) | Anillo(1380) | Diamante(1430) | Colgante(1900)
Valor ($$) total:	$ 383100
Peso (kg) en acoplado:	346.0 Kg.
Km Recorridos:	1180
"/>
<node Id="19" Action="Ir Ergintone" Cost="-6201.992063492063" Estado_Agente="&gt;&gt; ESTADO DEL AGENTE &lt;&lt;
Arqueologo en aldea: 6 (ERGINTONE)
Botin: Monedas(950) | Rubi(1170) | Anillo(1360) | Diamante(1280) | Colgante(1600)
Valor ($$) total:	$ 333500
Peso (kg) en acoplado:	301.2 Kg.
Km Recorridos:	1380
"/>
<node Id="20" Action="Ir Ergintone" Cost="-7701.992063492063" Estado_Agente="&gt;&gt; ESTADO DEL AGENTE &lt;&lt;
Arqueologo en aldea: 6 (ERGINTONE)
Botin: Monedas(1200) | Rubi(1290) | Anillo(1380) | Diamante(1430) | Colgante(1900)
Valor ($$) total:	$ 383100
Peso (kg) en acoplado:	346.0 Kg.
Km Recorridos:	1380
"/>
<node Id="21" Action="Ir Icaedur" Cost="-7984.13492063492" Estado_Agente="&gt;&gt; ESTADO DEL AGENTE &lt;&lt;
Arqueologo en aldea: 7 (ICAEDUR)
Botin: Monedas(1200) | Rubi(1290) | Anillo(1380) | Diamante(1430) | Colgante(1900)
Valor ($$) total:	$ 383100
Peso (kg) en acoplado:	346.0 Kg.
Km Recorridos:	1530
"/>
<node Id="22" Action="Ir Vinizaile" Cost="-8236.634920634919" Estado_Agente="&gt;&gt; ESTADO DEL AGENTE &lt;&lt;
Arqueologo en aldea: 10 (VINIZAILE)
Botin: Monedas(1200) | Rubi(1290) | Anillo(1380) | Diamante(1430) | Colgante(1900)
Valor ($$) total:	$ 383100
Peso (kg) en acoplado:	346.0 Kg.
Km Recorridos:	1630
"/>
<node Id="23" Action="Ir Bresol" Cost="-8283.884920634919" Estado_Agente="&gt;&gt; ESTADO DEL AGENTE &lt;&lt;
Arqueologo en aldea: 2 (BRESOL)
Botin: Monedas(1200) | Rubi(1290) | Anillo(1380) | Diamante(1430) | Colgante(1900)
Valor ($$) total:	$ 383100
Peso (kg) en acoplado:	346.0 Kg.
Km Recorridos:	2030
"/>
<node Id="24" Action="Ir Cabe" Cost="-8440.634920634919" Estado_Agente="&gt;&gt; ESTADO DEL AGENTE &lt;&lt;
Arqueologo en aldea: 4 (CABE)
Botin: Monedas(1200) | Rubi(1290) | Anillo(1380) | Diamante(1430) | Colgante(1900)
Valor ($$) total:	$ 383100
Peso (kg) en acoplado:	346.0 Kg.
Km Recorridos:	1830
"/>
<node Id="25" Action="Ir Mixocu" Cost="-8498.134920634919" Estado_Agente="&gt;&gt; ESTADO DEL AGENTE &lt;&lt;
Arqueologo en aldea: 8 (MIXOCU)
Botin: Monedas(1200) | Rubi(1290) | Anillo(1380) | Diamante(1430) | Colgante(1900)
Valor ($$) total:	$ 383100
Peso (kg) en acoplado:	346.0 Kg.
Km Recorridos:	1930
"/>
<node Id="26" Action="Tomar Tesoro" Cost="-9998.134920634919" Estado_Agente="&gt;&gt; ESTADO DEL AGENTE &lt;&lt;
Arqueologo en aldea: 8 (MIXOCU)
Botin: Monedas(1550) | Rubi(1640) | Anillo(1620) | Diamante(1580) | Colgante(2250)
Valor ($$) total:	$ 461550
Peso (kg) en acoplado:	416.3 Kg.
Km Recorridos:	1930
"/>
<node Id="27" Action="Ir Ase" Cost="-8580.634920634919" Estado_Agente="&gt;&gt; ESTADO DEL AGENTE &lt;&lt;
Arqueologo en aldea: 1 (ASE)
Botin: Monedas(1200) | Rubi(1290) | Anillo(1380) | Diamante(1430) | Colgante(1900)
Valor ($$) total:	$ 383100
Peso (kg) en acoplado:	346.0 Kg.
Km Recorridos:	2130
"/>
<node Id="28" Action="Ir Ase" Cost="-10080.634920634919" Estado_Agente="&gt;&gt; ESTADO DEL AGENTE &lt;&lt;
Arqueologo en aldea: 1 (ASE)
Botin: Monedas(1550) | Rubi(1640) | Anillo(1620) | Diamante(1580) | Colgante(2250)
Valor ($$) total:	$ 461550
Peso (kg) en acoplado:	416.3 Kg.
Km Recorridos:	2130
"/>
<node Id="29" Action="Tomar Tesoro" Cost="-11580.634920634919" Estado_Agente="&gt;&gt; ESTADO DEL AGENTE &lt;&lt;
Arqueologo en aldea: 1 (ASE)
Botin: Monedas(1570) | Rubi(1690) | Anillo(1690) | Diamante(1680) | Colgante(2310)
Valor ($$) total:	$ 478050
Peso (kg) en acoplado:	430.65000000000003 Kg.
Km Recorridos:	2130
"/>
<node Id="30" Action="Ir Cenede" Cost="-10486.134920634919" Estado_Agente="&gt;&gt; ESTADO DEL AGENTE &lt;&lt;
Arqueologo en aldea: 5 (CENEDE)
Botin: Monedas(1550) | Rubi(1640) | Anillo(1620) | Diamante(1580) | Colgante(2250)
Valor ($$) total:	$ 461550
Peso (kg) en acoplado:	416.3 Kg.
Km Recorridos:	2330
"/>
<node Id="31" Action="Ir Cenede" Cost="-11986.134920634919" Estado_Agente="&gt;&gt; ESTADO DEL AGENTE &lt;&lt;
Arqueologo en aldea: 5 (CENEDE)
Botin: Monedas(1570) | Rubi(1690) | Anillo(1690) | Diamante(1680) | Colgante(2310)
Valor ($$) total:	$ 478050
Peso (kg) en acoplado:	430.65000000000003 Kg.
Km Recorridos:	2330
"/>
<node Id="32" Action="Terminar" Cost="-11986.134920634919" Estado_Agente="&gt;&gt; ESTADO DEL AGENTE &lt;&lt;
Arqueologo en aldea: 11 (CEDENE ~FIN~)
Botin: Monedas(1570) | Rubi(1690) | Anillo(1690) | Diamante(1680) | Colgante(2310)
Valor ($$) total:	$ 478050
Peso (kg) en acoplado:	430.65000000000003 Kg.
Km Recorridos:	2330
"/>
<edge source="0" target="1"/>
<edge source="0" target="2"/>
<edge source="2" target="3"/>
<edge source="2" target="4"/>
<edge source="3" target="5"/>
<edge source="5" target="6"/>
<edge source="5" target="7"/>
<edge source="5" target="8"/>
<edge source="5" target="9"/>
<edge source="5" target="10"/>
<edge source="6" target="11"/>
<edge source="6" target="12"/>
<edge source="6" target="13"/>
<edge source="6" target="14"/>
<edge source="13" target="15"/>
<edge source="13" target="16"/>
<edge source="15" target="17"/>
<edge source="17" target="18"/>
<edge source="17" target="19"/>
<edge source="18" target="20"/>
<edge source="18" target="21"/>
<edge source="21" target="22"/>
<edge source="22" target="23"/>
<edge source="22" target="24"/>
<edge source="22" target="25"/>
<edge source="25" target="26"/>
<edge source="25" target="27"/>
<edge source="26" target="28"/>
<edge source="28" target="29"/>
<edge source="28" target="30"/>
<edge source="29" target="31"/>
<edge source="31" target="32"/>
</tree>
