<tree id="4" edgedefault="directed">
<node Id="0" Action="null" Cost="0.0" Estado_Agente="&gt;&gt; ESTADO DEL AGENTE &lt;&lt;
Arqueologo en aldea: 9 (PEREGAEY)
Botin: Monedas(500) | Rubi(820) | Anillo(860) | Diamante(830) | Colgante(1200)
Valor ($$) total:	$ 209500
Peso (kg) en acoplado:	187.2 Kg.
Km Recorridos:	280
"/>
<node Id="1" Action="Tomar Tesoro" Cost="-1500.0" Estado_Agente="&gt;&gt; ESTADO DEL AGENTE &lt;&lt;
Arqueologo en aldea: 9 (PEREGAEY)
Botin: Monedas(500) | Rubi(820) | Anillo(860) | Diamante(830) | Colgante(1200)
Valor ($$) total:	$ 209500
Peso (kg) en acoplado:	187.2 Kg.
Km Recorridos:	280
"/>
<node Id="2" Action="Ir Vinizaile" Cost="-56.111111111111114" Estado_Agente="&gt;&gt; ESTADO DEL AGENTE &lt;&lt;
Arqueologo en aldea: 10 (VINIZAILE)
Botin: Monedas(400) | Rubi(420) | Anillo(360) | Diamante(380) | Colgante(700)
Valor ($$) total:	$ 116500
Peso (kg) en acoplado:	105.19999999999999 Kg.
Km Recorridos:	730
"/>
<node Id="3" Action="Ir Vinizaile" Cost="-1556.111111111111" Estado_Agente="&gt;&gt; ESTADO DEL AGENTE &lt;&lt;
Arqueologo en aldea: 10 (VINIZAILE)
Botin: Monedas(500) | Rubi(820) | Anillo(860) | Diamante(830) | Colgante(1200)
Valor ($$) total:	$ 209500
Peso (kg) en acoplado:	187.2 Kg.
Km Recorridos:	730
"/>
<node Id="4" Action="Tomar Tesoro" Cost="-3056.1111111111113" Estado_Agente="&gt;&gt; ESTADO DEL AGENTE &lt;&lt;
Arqueologo en aldea: 10 (VINIZAILE)
Botin: Monedas(550) | Rubi(970) | Anillo(1060) | Diamante(880) | Colgante(1350)
Valor ($$) total:	$ 234750
Peso (kg) en acoplado:	210.7 Kg.
Km Recorridos:	730
"/>
<node Id="5" Action="Ir Bresol" Cost="-1603.361111111111" Estado_Agente="&gt;&gt; ESTADO DEL AGENTE &lt;&lt;
Arqueologo en aldea: 2 (BRESOL)
Botin: Monedas(500) | Rubi(820) | Anillo(860) | Diamante(830) | Colgante(1200)
Valor ($$) total:	$ 209500
Peso (kg) en acoplado:	187.2 Kg.
Km Recorridos:	1130
"/>
<node Id="6" Action="Ir Cabe" Cost="-1760.111111111111" Estado_Agente="&gt;&gt; ESTADO DEL AGENTE &lt;&lt;
Arqueologo en aldea: 4 (CABE)
Botin: Monedas(500) | Rubi(820) | Anillo(860) | Diamante(830) | Colgante(1200)
Valor ($$) total:	$ 209500
Peso (kg) en acoplado:	187.2 Kg.
Km Recorridos:	930
"/>
<node Id="7" Action="Ir Icaedur" Cost="-2543.6111111111113" Estado_Agente="&gt;&gt; ESTADO DEL AGENTE &lt;&lt;
Arqueologo en aldea: 7 (ICAEDUR)
Botin: Monedas(500) | Rubi(820) | Anillo(860) | Diamante(830) | Colgante(1200)
Valor ($$) total:	$ 209500
Peso (kg) en acoplado:	187.2 Kg.
Km Recorridos:	830
"/>
<node Id="8" Action="Ir Mixocu" Cost="-1817.611111111111" Estado_Agente="&gt;&gt; ESTADO DEL AGENTE &lt;&lt;
Arqueologo en aldea: 8 (MIXOCU)
Botin: Monedas(500) | Rubi(820) | Anillo(860) | Diamante(830) | Colgante(1200)
Valor ($$) total:	$ 209500
Peso (kg) en acoplado:	187.2 Kg.
Km Recorridos:	1030
"/>
<node Id="9" Action="Ir Bresol" Cost="-3103.3611111111113" Estado_Agente="&gt;&gt; ESTADO DEL AGENTE &lt;&lt;
Arqueologo en aldea: 2 (BRESOL)
Botin: Monedas(550) | Rubi(970) | Anillo(1060) | Diamante(880) | Colgante(1350)
Valor ($$) total:	$ 234750
Peso (kg) en acoplado:	210.7 Kg.
Km Recorridos:	1130
"/>
<node Id="10" Action="Ir Cabe" Cost="-3260.1111111111113" Estado_Agente="&gt;&gt; ESTADO DEL AGENTE &lt;&lt;
Arqueologo en aldea: 4 (CABE)
Botin: Monedas(550) | Rubi(970) | Anillo(1060) | Diamante(880) | Colgante(1350)
Valor ($$) total:	$ 234750
Peso (kg) en acoplado:	210.7 Kg.
Km Recorridos:	930
"/>
<node Id="11" Action="Ir Icaedur" Cost="-4043.6111111111113" Estado_Agente="&gt;&gt; ESTADO DEL AGENTE &lt;&lt;
Arqueologo en aldea: 7 (ICAEDUR)
Botin: Monedas(550) | Rubi(970) | Anillo(1060) | Diamante(880) | Colgante(1350)
Valor ($$) total:	$ 234750
Peso (kg) en acoplado:	210.7 Kg.
Km Recorridos:	830
"/>
<node Id="12" Action="Ir Mixocu" Cost="-3317.6111111111113" Estado_Agente="&gt;&gt; ESTADO DEL AGENTE &lt;&lt;
Arqueologo en aldea: 8 (MIXOCU)
Botin: Monedas(550) | Rubi(970) | Anillo(1060) | Diamante(880) | Colgante(1350)
Valor ($$) total:	$ 234750
Peso (kg) en acoplado:	210.7 Kg.
Km Recorridos:	1030
"/>
<node Id="13" Action="Tomar Tesoro" Cost="-5543.611111111111" Estado_Agente="&gt;&gt; ESTADO DEL AGENTE &lt;&lt;
Arqueologo en aldea: 7 (ICAEDUR)
Botin: Monedas(950) | Rubi(1170) | Anillo(1360) | Diamante(1280) | Colgante(1600)
Valor ($$) total:	$ 333500
Peso (kg) en acoplado:	301.2 Kg.
Km Recorridos:	830
"/>
<node Id="14" Action="Ir Bulovoe" Cost="-4185.325396825397" Estado_Agente="&gt;&gt; ESTADO DEL AGENTE &lt;&lt;
Arqueologo en aldea: 3 (BULOVOE)
Botin: Monedas(550) | Rubi(970) | Anillo(1060) | Diamante(880) | Colgante(1350)
Valor ($$) total:	$ 234750
Peso (kg) en acoplado:	210.7 Kg.
Km Recorridos:	1180
"/>
<node Id="15" Action="Ir Bulovoe" Cost="-5685.325396825397" Estado_Agente="&gt;&gt; ESTADO DEL AGENTE &lt;&lt;
Arqueologo en aldea: 3 (BULOVOE)
Botin: Monedas(950) | Rubi(1170) | Anillo(1360) | Diamante(1280) | Colgante(1600)
Valor ($$) total:	$ 333500
Peso (kg) en acoplado:	301.2 Kg.
Km Recorridos:	1180
"/>
<node Id="16" Action="Tomar Tesoro" Cost="-7185.325396825397" Estado_Agente="&gt;&gt; ESTADO DEL AGENTE &lt;&lt;
Arqueologo en aldea: 3 (BULOVOE)
Botin: Monedas(1200) | Rubi(1290) | Anillo(1380) | Diamante(1430) | Colgante(1900)
Valor ($$) total:	$ 383100
Peso (kg) en acoplado:	346.0 Kg.
Km Recorridos:	1180
"/>
<node Id="17" Action="Ir Ergintone" Cost="-5685.325396825397" Estado_Agente="&gt;&gt; ESTADO DEL AGENTE &lt;&lt;
Arqueologo en aldea: 6 (ERGINTONE)
Botin: Monedas(950) | Rubi(1170) | Anillo(1360) | Diamante(1280) | Colgante(1600)
Valor ($$) total:	$ 333500
Peso (kg) en acoplado:	301.2 Kg.
Km Recorridos:	1380
"/>
<node Id="18" Action="Ir Ergintone" Cost="-7185.325396825397" Estado_Agente="&gt;&gt; ESTADO DEL AGENTE &lt;&lt;
Arqueologo en aldea: 6 (ERGINTONE)
Botin: Monedas(1200) | Rubi(1290) | Anillo(1380) | Diamante(1430) | Colgante(1900)
Valor ($$) total:	$ 383100
Peso (kg) en acoplado:	346.0 Kg.
Km Recorridos:	1380
"/>
<node Id="19" Action="Ir Icaedur" Cost="-7467.4682539682535" Estado_Agente="&gt;&gt; ESTADO DEL AGENTE &lt;&lt;
Arqueologo en aldea: 7 (ICAEDUR)
Botin: Monedas(1200) | Rubi(1290) | Anillo(1380) | Diamante(1430) | Colgante(1900)
Valor ($$) total:	$ 383100
Peso (kg) en acoplado:	346.0 Kg.
Km Recorridos:	1530
"/>
<node Id="20" Action="Ir Vinizaile" Cost="-7719.9682539682535" Estado_Agente="&gt;&gt; ESTADO DEL AGENTE &lt;&lt;
Arqueologo en aldea: 10 (VINIZAILE)
Botin: Monedas(1200) | Rubi(1290) | Anillo(1380) | Diamante(1430) | Colgante(1900)
Valor ($$) total:	$ 383100
Peso (kg) en acoplado:	346.0 Kg.
Km Recorridos:	1630
"/>
<node Id="21" Action="Ir Bresol" Cost="-7767.2182539682535" Estado_Agente="&gt;&gt; ESTADO DEL AGENTE &lt;&lt;
Arqueologo en aldea: 2 (BRESOL)
Botin: Monedas(1200) | Rubi(1290) | Anillo(1380) | Diamante(1430) | Colgante(1900)
Valor ($$) total:	$ 383100
Peso (kg) en acoplado:	346.0 Kg.
Km Recorridos:	2030
"/>
<node Id="22" Action="Ir Cabe" Cost="-7923.9682539682535" Estado_Agente="&gt;&gt; ESTADO DEL AGENTE &lt;&lt;
Arqueologo en aldea: 4 (CABE)
Botin: Monedas(1200) | Rubi(1290) | Anillo(1380) | Diamante(1430) | Colgante(1900)
Valor ($$) total:	$ 383100
Peso (kg) en acoplado:	346.0 Kg.
Km Recorridos:	1830
"/>
<node Id="23" Action="Ir Mixocu" Cost="-7981.4682539682535" Estado_Agente="&gt;&gt; ESTADO DEL AGENTE &lt;&lt;
Arqueologo en aldea: 8 (MIXOCU)
Botin: Monedas(1200) | Rubi(1290) | Anillo(1380) | Diamante(1430) | Colgante(1900)
Valor ($$) total:	$ 383100
Peso (kg) en acoplado:	346.0 Kg.
Km Recorridos:	1930
"/>
<node Id="24" Action="Tomar Tesoro" Cost="-9481.468253968254" Estado_Agente="&gt;&gt; ESTADO DEL AGENTE &lt;&lt;
Arqueologo en aldea: 8 (MIXOCU)
Botin: Monedas(1550) | Rubi(1640) | Anillo(1620) | Diamante(1580) | Colgante(2250)
Valor ($$) total:	$ 461550
Peso (kg) en acoplado:	416.3 Kg.
Km Recorridos:	1930
"/>
<node Id="25" Action="Ir Ase" Cost="-8063.9682539682535" Estado_Agente="&gt;&gt; ESTADO DEL AGENTE &lt;&lt;
Arqueologo en aldea: 1 (ASE)
Botin: Monedas(1200) | Rubi(1290) | Anillo(1380) | Diamante(1430) | Colgante(1900)
Valor ($$) total:	$ 383100
Peso (kg) en acoplado:	346.0 Kg.
Km Recorridos:	2130
"/>
<node Id="26" Action="Ir Ase" Cost="-9563.968253968254" Estado_Agente="&gt;&gt; ESTADO DEL AGENTE &lt;&lt;
Arqueologo en aldea: 1 (ASE)
Botin: Monedas(1550) | Rubi(1640) | Anillo(1620) | Diamante(1580) | Colgante(2250)
Valor ($$) total:	$ 461550
Peso (kg) en acoplado:	416.3 Kg.
Km Recorridos:	2130
"/>
<node Id="27" Action="Tomar Tesoro" Cost="-11063.968253968254" Estado_Agente="&gt;&gt; ESTADO DEL AGENTE &lt;&lt;
Arqueologo en aldea: 1 (ASE)
Botin: Monedas(1570) | Rubi(1690) | Anillo(1690) | Diamante(1680) | Colgante(2310)
Valor ($$) total:	$ 478050
Peso (kg) en acoplado:	430.65000000000003 Kg.
Km Recorridos:	2130
"/>
<node Id="28" Action="Ir Cenede" Cost="-9969.468253968254" Estado_Agente="&gt;&gt; ESTADO DEL AGENTE &lt;&lt;
Arqueologo en aldea: 5 (CENEDE)
Botin: Monedas(1550) | Rubi(1640) | Anillo(1620) | Diamante(1580) | Colgante(2250)
Valor ($$) total:	$ 461550
Peso (kg) en acoplado:	416.3 Kg.
Km Recorridos:	2330
"/>
<node Id="29" Action="Ir Cenede" Cost="-11469.468253968254" Estado_Agente="&gt;&gt; ESTADO DEL AGENTE &lt;&lt;
Arqueologo en aldea: 5 (CENEDE)
Botin: Monedas(1570) | Rubi(1690) | Anillo(1690) | Diamante(1680) | Colgante(2310)
Valor ($$) total:	$ 478050
Peso (kg) en acoplado:	430.65000000000003 Kg.
Km Recorridos:	2330
"/>
<node Id="30" Action="Terminar" Cost="-11469.468253968254" Estado_Agente="&gt;&gt; ESTADO DEL AGENTE &lt;&lt;
Arqueologo en aldea: 11 (CEDENE ~FIN~)
Botin: Monedas(1570) | Rubi(1690) | Anillo(1690) | Diamante(1680) | Colgante(2310)
Valor ($$) total:	$ 478050
Peso (kg) en acoplado:	430.65000000000003 Kg.
Km Recorridos:	2330
"/>
<edge source="0" target="1"/>
<edge source="0" target="2"/>
<edge source="1" target="3"/>
<edge source="3" target="4"/>
<edge source="3" target="5"/>
<edge source="3" target="6"/>
<edge source="3" target="7"/>
<edge source="3" target="8"/>
<edge source="4" target="9"/>
<edge source="4" target="10"/>
<edge source="4" target="11"/>
<edge source="4" target="12"/>
<edge source="11" target="13"/>
<edge source="11" target="14"/>
<edge source="13" target="15"/>
<edge source="15" target="16"/>
<edge source="15" target="17"/>
<edge source="16" target="18"/>
<edge source="16" target="19"/>
<edge source="19" target="20"/>
<edge source="20" target="21"/>
<edge source="20" target="22"/>
<edge source="20" target="23"/>
<edge source="23" target="24"/>
<edge source="23" target="25"/>
<edge source="24" target="26"/>
<edge source="26" target="27"/>
<edge source="26" target="28"/>
<edge source="27" target="29"/>
<edge source="29" target="30"/>
</tree>
