<tree id="7" edgedefault="directed">
<node Id="0" Action="null" Cost="0.0" Estado_Agente="&gt;&gt; ESTADO DEL AGENTE &lt;&lt;
Arqueologo en aldea: 7 (ICAEDUR)
Botin: Monedas(550) | Rubi(970) | Anillo(1060) | Diamante(880) | Colgante(1350)
Valor ($$) total:	$ 234750
Peso (kg) en acoplado:	210.7 Kg.
Km Recorridos:	830
"/>
<node Id="1" Action="Ir Bresol" Cost="-47.25" Estado_Agente="&gt;&gt; ESTADO DEL AGENTE &lt;&lt;
Arqueologo en aldea: 2 (BRESOL)
Botin: Monedas(550) | Rubi(970) | Anillo(1060) | Diamante(880) | Colgante(1350)
Valor ($$) total:	$ 234750
Peso (kg) en acoplado:	210.7 Kg.
Km Recorridos:	1130
"/>
<node Id="2" Action="Ir Cabe" Cost="-204.0" Estado_Agente="&gt;&gt; ESTADO DEL AGENTE &lt;&lt;
Arqueologo en aldea: 4 (CABE)
Botin: Monedas(550) | Rubi(970) | Anillo(1060) | Diamante(880) | Colgante(1350)
Valor ($$) total:	$ 234750
Peso (kg) en acoplado:	210.7 Kg.
Km Recorridos:	930
"/>
<node Id="3" Action="Ir Icaedur" Cost="-987.5" Estado_Agente="&gt;&gt; ESTADO DEL AGENTE &lt;&lt;
Arqueologo en aldea: 7 (ICAEDUR)
Botin: Monedas(550) | Rubi(970) | Anillo(1060) | Diamante(880) | Colgante(1350)
Valor ($$) total:	$ 234750
Peso (kg) en acoplado:	210.7 Kg.
Km Recorridos:	830
"/>
<node Id="4" Action="Ir Mixocu" Cost="-261.5" Estado_Agente="&gt;&gt; ESTADO DEL AGENTE &lt;&lt;
Arqueologo en aldea: 8 (MIXOCU)
Botin: Monedas(550) | Rubi(970) | Anillo(1060) | Diamante(880) | Colgante(1350)
Valor ($$) total:	$ 234750
Peso (kg) en acoplado:	210.7 Kg.
Km Recorridos:	1030
"/>
<node Id="5" Action="Tomar Tesoro" Cost="-2487.5" Estado_Agente="&gt;&gt; ESTADO DEL AGENTE &lt;&lt;
Arqueologo en aldea: 7 (ICAEDUR)
Botin: Monedas(950) | Rubi(1170) | Anillo(1360) | Diamante(1280) | Colgante(1600)
Valor ($$) total:	$ 333500
Peso (kg) en acoplado:	301.2 Kg.
Km Recorridos:	830
"/>
<node Id="6" Action="Ir Bulovoe" Cost="-1129.2142857142858" Estado_Agente="&gt;&gt; ESTADO DEL AGENTE &lt;&lt;
Arqueologo en aldea: 3 (BULOVOE)
Botin: Monedas(550) | Rubi(970) | Anillo(1060) | Diamante(880) | Colgante(1350)
Valor ($$) total:	$ 234750
Peso (kg) en acoplado:	210.7 Kg.
Km Recorridos:	1180
"/>
<node Id="7" Action="Ir Bulovoe" Cost="-2629.214285714286" Estado_Agente="&gt;&gt; ESTADO DEL AGENTE &lt;&lt;
Arqueologo en aldea: 3 (BULOVOE)
Botin: Monedas(950) | Rubi(1170) | Anillo(1360) | Diamante(1280) | Colgante(1600)
Valor ($$) total:	$ 333500
Peso (kg) en acoplado:	301.2 Kg.
Km Recorridos:	1180
"/>
<node Id="8" Action="Tomar Tesoro" Cost="-4129.214285714286" Estado_Agente="&gt;&gt; ESTADO DEL AGENTE &lt;&lt;
Arqueologo en aldea: 3 (BULOVOE)
Botin: Monedas(1200) | Rubi(1290) | Anillo(1380) | Diamante(1430) | Colgante(1900)
Valor ($$) total:	$ 383100
Peso (kg) en acoplado:	346.0 Kg.
Km Recorridos:	1180
"/>
<node Id="9" Action="Ir Ergintone" Cost="-2629.214285714286" Estado_Agente="&gt;&gt; ESTADO DEL AGENTE &lt;&lt;
Arqueologo en aldea: 6 (ERGINTONE)
Botin: Monedas(950) | Rubi(1170) | Anillo(1360) | Diamante(1280) | Colgante(1600)
Valor ($$) total:	$ 333500
Peso (kg) en acoplado:	301.2 Kg.
Km Recorridos:	1380
"/>
<node Id="10" Action="Ir Ergintone" Cost="-4129.214285714286" Estado_Agente="&gt;&gt; ESTADO DEL AGENTE &lt;&lt;
Arqueologo en aldea: 6 (ERGINTONE)
Botin: Monedas(1200) | Rubi(1290) | Anillo(1380) | Diamante(1430) | Colgante(1900)
Valor ($$) total:	$ 383100
Peso (kg) en acoplado:	346.0 Kg.
Km Recorridos:	1380
"/>
<node Id="11" Action="Ir Icaedur" Cost="-4411.357142857143" Estado_Agente="&gt;&gt; ESTADO DEL AGENTE &lt;&lt;
Arqueologo en aldea: 7 (ICAEDUR)
Botin: Monedas(1200) | Rubi(1290) | Anillo(1380) | Diamante(1430) | Colgante(1900)
Valor ($$) total:	$ 383100
Peso (kg) en acoplado:	346.0 Kg.
Km Recorridos:	1530
"/>
<node Id="12" Action="Ir Vinizaile" Cost="-4411.357142857143" Estado_Agente="&gt;&gt; ESTADO DEL AGENTE &lt;&lt;
Arqueologo en aldea: 10 (VINIZAILE)
Botin: Monedas(1200) | Rubi(1290) | Anillo(1380) | Diamante(1430) | Colgante(1900)
Valor ($$) total:	$ 383100
Peso (kg) en acoplado:	346.0 Kg.
Km Recorridos:	1630
"/>
<node Id="13" Action="Ir Bresol" Cost="-4458.607142857143" Estado_Agente="&gt;&gt; ESTADO DEL AGENTE &lt;&lt;
Arqueologo en aldea: 2 (BRESOL)
Botin: Monedas(1200) | Rubi(1290) | Anillo(1380) | Diamante(1430) | Colgante(1900)
Valor ($$) total:	$ 383100
Peso (kg) en acoplado:	346.0 Kg.
Km Recorridos:	2030
"/>
<node Id="14" Action="Ir Cabe" Cost="-4615.357142857143" Estado_Agente="&gt;&gt; ESTADO DEL AGENTE &lt;&lt;
Arqueologo en aldea: 4 (CABE)
Botin: Monedas(1200) | Rubi(1290) | Anillo(1380) | Diamante(1430) | Colgante(1900)
Valor ($$) total:	$ 383100
Peso (kg) en acoplado:	346.0 Kg.
Km Recorridos:	1830
"/>
<node Id="15" Action="Ir Mixocu" Cost="-4672.857142857143" Estado_Agente="&gt;&gt; ESTADO DEL AGENTE &lt;&lt;
Arqueologo en aldea: 8 (MIXOCU)
Botin: Monedas(1200) | Rubi(1290) | Anillo(1380) | Diamante(1430) | Colgante(1900)
Valor ($$) total:	$ 383100
Peso (kg) en acoplado:	346.0 Kg.
Km Recorridos:	1930
"/>
<node Id="16" Action="Tomar Tesoro" Cost="-6172.857142857143" Estado_Agente="&gt;&gt; ESTADO DEL AGENTE &lt;&lt;
Arqueologo en aldea: 8 (MIXOCU)
Botin: Monedas(1550) | Rubi(1640) | Anillo(1620) | Diamante(1580) | Colgante(2250)
Valor ($$) total:	$ 461550
Peso (kg) en acoplado:	416.3 Kg.
Km Recorridos:	1930
"/>
<node Id="17" Action="Ir Ase" Cost="-4755.357142857143" Estado_Agente="&gt;&gt; ESTADO DEL AGENTE &lt;&lt;
Arqueologo en aldea: 1 (ASE)
Botin: Monedas(1200) | Rubi(1290) | Anillo(1380) | Diamante(1430) | Colgante(1900)
Valor ($$) total:	$ 383100
Peso (kg) en acoplado:	346.0 Kg.
Km Recorridos:	2130
"/>
<node Id="18" Action="Ir Ase" Cost="-6255.357142857143" Estado_Agente="&gt;&gt; ESTADO DEL AGENTE &lt;&lt;
Arqueologo en aldea: 1 (ASE)
Botin: Monedas(1550) | Rubi(1640) | Anillo(1620) | Diamante(1580) | Colgante(2250)
Valor ($$) total:	$ 461550
Peso (kg) en acoplado:	416.3 Kg.
Km Recorridos:	2130
"/>
<node Id="19" Action="Tomar Tesoro" Cost="-7755.357142857143" Estado_Agente="&gt;&gt; ESTADO DEL AGENTE &lt;&lt;
Arqueologo en aldea: 1 (ASE)
Botin: Monedas(1570) | Rubi(1690) | Anillo(1690) | Diamante(1680) | Colgante(2310)
Valor ($$) total:	$ 478050
Peso (kg) en acoplado:	430.65000000000003 Kg.
Km Recorridos:	2130
"/>
<node Id="20" Action="Ir Cenede" Cost="-6660.857142857143" Estado_Agente="&gt;&gt; ESTADO DEL AGENTE &lt;&lt;
Arqueologo en aldea: 5 (CENEDE)
Botin: Monedas(1550) | Rubi(1640) | Anillo(1620) | Diamante(1580) | Colgante(2250)
Valor ($$) total:	$ 461550
Peso (kg) en acoplado:	416.3 Kg.
Km Recorridos:	2330
"/>
<node Id="21" Action="Ir Cenede" Cost="-8160.857142857143" Estado_Agente="&gt;&gt; ESTADO DEL AGENTE &lt;&lt;
Arqueologo en aldea: 5 (CENEDE)
Botin: Monedas(1570) | Rubi(1690) | Anillo(1690) | Diamante(1680) | Colgante(2310)
Valor ($$) total:	$ 478050
Peso (kg) en acoplado:	430.65000000000003 Kg.
Km Recorridos:	2330
"/>
<node Id="22" Action="Terminar" Cost="-8160.857142857143" Estado_Agente="&gt;&gt; ESTADO DEL AGENTE &lt;&lt;
Arqueologo en aldea: 11 (CEDENE ~FIN~)
Botin: Monedas(1570) | Rubi(1690) | Anillo(1690) | Diamante(1680) | Colgante(2310)
Valor ($$) total:	$ 478050
Peso (kg) en acoplado:	430.65000000000003 Kg.
Km Recorridos:	2330
"/>
<edge source="0" target="1"/>
<edge source="0" target="2"/>
<edge source="0" target="3"/>
<edge source="0" target="4"/>
<edge source="3" target="5"/>
<edge source="3" target="6"/>
<edge source="5" target="7"/>
<edge source="7" target="8"/>
<edge source="7" target="9"/>
<edge source="8" target="10"/>
<edge source="8" target="11"/>
<edge source="11" target="12"/>
<edge source="12" target="13"/>
<edge source="12" target="14"/>
<edge source="12" target="15"/>
<edge source="15" target="16"/>
<edge source="15" target="17"/>
<edge source="16" target="18"/>
<edge source="18" target="19"/>
<edge source="18" target="20"/>
<edge source="19" target="21"/>
<edge source="21" target="22"/>
</tree>
